{"serviceTitle":"Verwaltungsgrenzen Rheinland-Pfalz","collectionId":"2637","collectionName":"vermkv:gemeinde_rlp","collectionTitle":"Gemeinden","title":"Gemeinden","id":"vermkv:gemeinde_rlp","description":"","extent":{"spatial":{"minx":"5.941182","miny":"48.850687","maxx":"8.522561","maxy":"50.955549"},"temporal":[]},"type":"FeatureCollection","links":[{"rel":"self","type":"application\/geo+json","title":"this document","href":"https:\/\/www.geoportal.rlp.de\/spatial-objects\/314\/collections\/vermkv:gemeinde_rlp\/items?limit=50&f=json"},{"rel":"next","type":"application\/geo+json","title":"next page","href":"https:\/\/www.geoportal.rlp.de\/spatial-objects\/314\/collections\/vermkv:gemeinde_rlp\/items?limit=50&f=json&offset=50"},{"rel":"last","type":"application\/geo+json","title":"last page","href":"https:\/\/www.geoportal.rlp.de\/spatial-objects\/314\/collections\/vermkv:gemeinde_rlp\/items?limit=50&f=json&offset=2300"}],"numberMatched":2324,"numberReturned":50,"timeStamp":"2026-07-16T15:27:13.7200Z","genTime":0.5538771152496338,"features":[{"type":"Feature","properties":{"gml_id":"gemeinde_rlp.1","gid":1,"datum":"16.07.26","region":"Rheinland-Pfalz","gmdesch":233237,"gemeinde":"Scheid","vgnr":23306,"vbgmde":"Gerolstein","vgname":"Gerolstein (23306)","kreissch":233,"ldkreis":"Vulkaneifel","amtsgrcht":"Pr\u00fcm","finanzamt":"Wittlich","kanr":8750,"katamt":"Westeifel-Mosel","katurl":"https:\/\/vermka-westeifel-mosel.rlp.de","guta":780,"gutaurl":"https:\/\/gutachterausschuesse.rlp.de\/service\/gutachterausschuesse-fuer-grundstueckswerte\/","ags":723306237,"gemtyp":"Gemeinde","kreistyp":"Landkreis"},"bbox":[6.384784,50.351055,6.431848,50.385892],"geometry":{"type":"Polygon","coordinates":[[[6.397397,50.365387],[6.397654,50.365658],[6.397818,50.365831],[6.397822,50.365835],[6.397766,50.366334],[6.397685,50.366476],[6.397609,50.366732],[6.397409,50.367051],[6.39728,50.367499],[6.397273,50.367521],[6.39567,50.36724],[6.395277,50.367181],[6.394863,50.367146],[6.394845,50.367167],[6.39474,50.367289],[6.394678,50.36736],[6.394449,50.367625],[6.394441,50.367634],[6.394372,50.367626],[6.394327,50.367657],[6.394325,50.367688],[6.394258,50.367671],[6.394227,50.367704],[6.394328,50.367771],[6.394285,50.367844],[6.39414,50.367826],[6.394105,50.367849],[6.394173,50.367885],[6.394108,50.367932],[6.394057,50.367935],[6.394034,50.368037],[6.394165,50.368053],[6.394055,50.368108],[6.393979,50.368099],[6.393952,50.368141],[6.394005,50.368157],[6.39399,50.368205],[6.393825,50.368135],[6.393755,50.368177],[6.393746,50.36823],[6.39385,50.368243],[6.393867,50.368282],[6.393785,50.36829],[6.393846,50.368325],[6.393781,50.368354],[6.393827,50.368391],[6.393805,50.368416],[6.393715,50.368405],[6.393746,50.368445],[6.393688,50.36847],[6.393757,50.368479],[6.393714,50.368528],[6.393705,50.368582],[6.39379,50.368561],[6.393837,50.368617],[6.393743,50.368696],[6.393831,50.368738],[6.393798,50.36878],[6.393811,50.368882],[6.393749,50.368875],[6.393692,50.36885],[6.393649,50.368899],[6.393705,50.368929],[6.393593,50.368971],[6.393641,50.368976],[6.393599,50.369049],[6.393636,50.369145],[6.393619,50.369229],[6.393544,50.369243],[6.393569,50.369331],[6.393547,50.36945],[6.393425,50.369528],[6.393417,50.369568],[6.393295,50.369613],[6.393248,50.369594],[6.393217,50.369656],[6.393124,50.369714],[6.393086,50.369816],[6.392961,50.369807],[6.392798,50.369883],[6.392795,50.369968],[6.392891,50.369998],[6.392852,50.370019],[6.392859,50.37007],[6.392769,50.370075],[6.392816,50.370111],[6.392718,50.370231],[6.392796,50.370221],[6.392742,50.370408],[6.392626,50.370486],[6.392526,50.370517],[6.392475,50.370574],[6.392335,50.370611],[6.392286,50.370579],[6.392175,50.370654],[6.392224,50.370686],[6.392114,50.37073],[6.392028,50.370796],[6.391848,50.370813],[6.391734,50.370822],[6.391738,50.370863],[6.391633,50.370884],[6.391647,50.370938],[6.391572,50.370966],[6.391474,50.370902],[6.391377,50.37098],[6.391364,50.370926],[6.391284,50.370951],[6.391177,50.371074],[6.391039,50.371199],[6.391041,50.371298],[6.390774,50.371311],[6.390537,50.371389],[6.390283,50.371409],[6.38905,50.371591],[6.389058,50.371613],[6.389155,50.371867],[6.389175,50.37192],[6.389655,50.373188],[6.389585,50.373873],[6.389537,50.374362],[6.38953,50.374426],[6.389488,50.374847],[6.389313,50.375231],[6.38922,50.376563],[6.389508,50.377223],[6.389595,50.377368],[6.389731,50.377552],[6.389783,50.377857],[6.389795,50.378004],[6.389898,50.378043],[6.390005,50.378117],[6.390197,50.378213],[6.39028,50.378278],[6.390313,50.378357],[6.390401,50.378374],[6.390531,50.378496],[6.390631,50.378621],[6.390781,50.378677],[6.391015,50.378698],[6.390992,50.378748],[6.391183,50.378823],[6.391405,50.378957],[6.391506,50.379048],[6.391676,50.379107],[6.391798,50.37918],[6.391802,50.379273],[6.391918,50.379377],[6.39192,50.37942],[6.391996,50.379463],[6.39207,50.379519],[6.39203,50.379614],[6.391918,50.379703],[6.391905,50.379714],[6.391804,50.379724],[6.39187,50.379765],[6.391759,50.379881],[6.391636,50.379878],[6.391609,50.379973],[6.391379,50.379953],[6.391311,50.379885],[6.391405,50.379846],[6.39135,50.379775],[6.391266,50.37984],[6.391155,50.379902],[6.39112,50.37996],[6.391134,50.38003],[6.391056,50.380084],[6.39087,50.380058],[6.390903,50.380291],[6.39084,50.380354],[6.390643,50.380289],[6.390539,50.380342],[6.390488,50.380554],[6.390346,50.38047],[6.3902,50.380517],[6.390149,50.380598],[6.390032,50.380644],[6.389771,50.380592],[6.389605,50.38072],[6.389418,50.38068],[6.389301,50.38062],[6.389166,50.380633],[6.389143,50.380687],[6.388902,50.380681],[6.389026,50.380767],[6.38904,50.380936],[6.389159,50.380909],[6.388987,50.381019],[6.388819,50.381008],[6.388754,50.381138],[6.388714,50.381179],[6.388486,50.381191],[6.388501,50.381103],[6.388424,50.381081],[6.388365,50.381165],[6.388441,50.381322],[6.388232,50.381413],[6.388276,50.381514],[6.388171,50.381525],[6.388122,50.381574],[6.388046,50.381535],[6.387965,50.381536],[6.387725,50.381618],[6.387829,50.381744],[6.387706,50.381732],[6.387535,50.381886],[6.387551,50.382034],[6.387509,50.382013],[6.387417,50.382042],[6.387427,50.382098],[6.38728,50.3822],[6.387242,50.382337],[6.387111,50.382454],[6.386857,50.382307],[6.38655,50.382445],[6.386681,50.382541],[6.386459,50.3827],[6.386519,50.382782],[6.386443,50.382857],[6.386378,50.382816],[6.386132,50.382917],[6.386202,50.382961],[6.385983,50.383103],[6.385936,50.383325],[6.385806,50.383306],[6.385803,50.383379],[6.385635,50.383425],[6.385621,50.383587],[6.385413,50.383631],[6.385348,50.383763],[6.385216,50.3837],[6.385137,50.383768],[6.385144,50.383896],[6.385174,50.383957],[6.384784,50.38403],[6.384792,50.384079],[6.384815,50.384086],[6.384943,50.384126],[6.385026,50.384146],[6.385309,50.384214],[6.385487,50.384246],[6.385892,50.384319],[6.386171,50.38437],[6.386278,50.384389],[6.386783,50.384481],[6.387985,50.384698],[6.388119,50.384722],[6.389406,50.384955],[6.38946,50.384964],[6.391229,50.385284],[6.391256,50.385289],[6.392217,50.385461],[6.392245,50.385466],[6.393279,50.385651],[6.393306,50.385656],[6.393361,50.385666],[6.394438,50.385859],[6.394459,50.385863],[6.394499,50.38587],[6.394623,50.385892],[6.396939,50.383543],[6.397974,50.382873],[6.39859,50.382438],[6.39932,50.381811],[6.399813,50.381264],[6.400253,50.380912],[6.40037,50.380703],[6.400824,50.3804],[6.401408,50.37976],[6.401819,50.379332],[6.402437,50.378704],[6.403014,50.378083],[6.403053,50.377926],[6.403109,50.377788],[6.403311,50.377428],[6.403405,50.377354],[6.403535,50.377308],[6.403683,50.377291],[6.40425,50.377228],[6.404648,50.37716],[6.405052,50.37705],[6.405416,50.376906],[6.405759,50.376727],[6.406133,50.376528],[6.406506,50.376363],[6.406901,50.37622],[6.407306,50.376099],[6.407713,50.376003],[6.409109,50.375718],[6.409499,50.375613],[6.40989,50.37548],[6.410118,50.375384],[6.410682,50.375144],[6.411053,50.374998],[6.411418,50.374881],[6.411803,50.374785],[6.412604,50.374631],[6.412993,50.374528],[6.413365,50.374405],[6.413732,50.374265],[6.414103,50.374147],[6.414541,50.374046],[6.414529,50.373972],[6.414518,50.373902],[6.414454,50.373564],[6.414426,50.373501],[6.415686,50.373266],[6.416662,50.373168],[6.41694,50.37314],[6.41723,50.373065],[6.417628,50.372962],[6.417887,50.372917],[6.418011,50.372896],[6.418758,50.372767],[6.419283,50.372676],[6.419305,50.372552],[6.419308,50.372392],[6.419493,50.372144],[6.419533,50.372059],[6.419744,50.371137],[6.419785,50.370958],[6.420007,50.370258],[6.420289,50.369838],[6.420304,50.369811],[6.420555,50.369356],[6.420584,50.369312],[6.420933,50.368788],[6.420978,50.368707],[6.420054,50.368688],[6.420921,50.366824],[6.421997,50.364535],[6.42068,50.363517],[6.420476,50.36337],[6.420243,50.363203],[6.420389,50.36316],[6.4204,50.363102],[6.42122,50.362748],[6.421354,50.36269],[6.424781,50.363332],[6.426146,50.363587],[6.42781,50.363897],[6.4279,50.363867],[6.428786,50.362126],[6.428855,50.361978],[6.428983,50.361847],[6.42942,50.3615],[6.429568,50.361339],[6.429721,50.361093],[6.429909,50.36072],[6.430278,50.359977],[6.431256,50.3599],[6.43134,50.359745],[6.431372,50.359686],[6.431502,50.359735],[6.431529,50.359593],[6.431172,50.359421],[6.431325,50.359085],[6.431848,50.357938],[6.430859,50.35778],[6.430353,50.357676],[6.429245,50.357448],[6.428888,50.357375],[6.428712,50.357383],[6.428613,50.357367],[6.428523,50.357353],[6.428513,50.357351],[6.428618,50.357221],[6.428603,50.357224],[6.428525,50.357236],[6.428449,50.357248],[6.428285,50.357232],[6.427343,50.357143],[6.426101,50.357026],[6.425559,50.356975],[6.424563,50.356882],[6.421449,50.356758],[6.421343,50.356762],[6.420254,50.356793],[6.418971,50.356804],[6.418261,50.356844],[6.417495,50.354822],[6.416932,50.354971],[6.416839,50.354817],[6.415998,50.354467],[6.415514,50.354354],[6.415411,50.354301],[6.414646,50.353537],[6.414585,50.353456],[6.414409,50.353121],[6.414334,50.352963],[6.414321,50.352937],[6.414307,50.352906],[6.414185,50.352973],[6.41413,50.352921],[6.414023,50.352961],[6.413542,50.353072],[6.413385,50.35312],[6.413333,50.353136],[6.413321,50.353141],[6.413308,50.353148],[6.413177,50.35321],[6.412879,50.353331],[6.412688,50.353391],[6.412579,50.353453],[6.412523,50.353467],[6.412127,50.35357],[6.411717,50.353657],[6.411228,50.353795],[6.410411,50.353837],[6.410121,50.35382],[6.409994,50.353813],[6.409665,50.353793],[6.409061,50.353667],[6.408069,50.35337],[6.407004,50.35279],[6.406246,50.352301],[6.405117,50.351423],[6.404269,50.351055],[6.404194,50.351131],[6.403513,50.351826],[6.402296,50.35301],[6.402199,50.353119],[6.401917,50.353473],[6.401427,50.354111],[6.401295,50.354285],[6.40136,50.354303],[6.401264,50.354326],[6.400484,50.35534],[6.400285,50.355577],[6.399958,50.355968],[6.399821,50.356073],[6.39952,50.356302],[6.399499,50.356318],[6.398772,50.356875],[6.3986,50.356956],[6.398345,50.357165],[6.397336,50.357799],[6.397235,50.35784],[6.397213,50.357857],[6.397607,50.358081],[6.397802,50.358197],[6.398008,50.358339],[6.398183,50.358479],[6.398347,50.358631],[6.398508,50.358803],[6.398658,50.35899],[6.398938,50.359395],[6.399069,50.359552],[6.399229,50.359686],[6.399421,50.359806],[6.399648,50.359922],[6.3999,50.360027],[6.400221,50.36014],[6.400603,50.360256],[6.4012,50.360447],[6.401747,50.360643],[6.402228,50.360836],[6.402675,50.361036],[6.403026,50.361216],[6.403312,50.361387],[6.403655,50.361614],[6.404033,50.36189],[6.404353,50.362154],[6.404655,50.362425],[6.404946,50.362709],[6.405237,50.363017],[6.405779,50.363643],[6.40583,50.363685],[6.405903,50.363734],[6.405869,50.363749],[6.405796,50.363724],[6.405447,50.363677],[6.40527,50.363657],[6.404889,50.363617],[6.4045,50.363559],[6.404143,50.363492],[6.403507,50.363349],[6.402811,50.363181],[6.402159,50.363015],[6.401134,50.362747],[6.400092,50.362473],[6.398983,50.36219],[6.398314,50.362029],[6.397624,50.361872],[6.397082,50.361757],[6.396543,50.36165],[6.395996,50.361551],[6.395466,50.361468],[6.395458,50.36149],[6.395223,50.361656],[6.395149,50.361742],[6.394999,50.361918],[6.394741,50.36222],[6.394553,50.363133],[6.394562,50.363168],[6.394594,50.363297],[6.394608,50.36336],[6.394613,50.363378],[6.394679,50.363653],[6.395336,50.363856],[6.395575,50.364141],[6.395672,50.364257],[6.395924,50.364406],[6.396183,50.364568],[6.39636,50.364825],[6.396721,50.365025],[6.397093,50.365213],[6.397252,50.365304],[6.39728,50.36532],[6.397397,50.365387]]]},"$schema":null,"$context":null},{"type":"Feature","properties":{"gml_id":"gemeinde_rlp.2","gid":2,"datum":"16.07.26","region":"Rheinland-Pfalz","gmdesch":235040,"gemeinde":"Heddert","vgnr":23508,"vbgmde":"Saarburg-Kell","vgname":"Saarburg-Kell (23508)","kreissch":235,"ldkreis":"Trier-Saarburg","amtsgrcht":"Hermeskeil","finanzamt":"Trier","kanr":8750,"katamt":"Westeifel-Mosel","katurl":"https:\/\/vermka-westeifel-mosel.rlp.de","guta":780,"gutaurl":"https:\/\/gutachterausschuesse.rlp.de\/service\/gutachterausschuesse-fuer-grundstueckswerte\/","ags":723508040,"gemtyp":"Gemeinde","kreistyp":"Landkreis"},"bbox":[6.715298,49.637133,6.775182,49.663474],"geometry":{"type":"Polygon","coordinates":[[[6.751222,49.642126],[6.75118,49.64214],[6.750127,49.642212],[6.750007,49.64224],[6.749863,49.642278],[6.749781,49.642259],[6.748767,49.642033],[6.748436,49.641394],[6.745702,49.641605],[6.745638,49.642462],[6.743665,49.643292],[6.743173,49.642767],[6.742271,49.642585],[6.741193,49.642833],[6.739748,49.643009],[6.738998,49.643107],[6.739014,49.643569],[6.739088,49.643964],[6.73905,49.644141],[6.738885,49.644565],[6.7389,49.644656],[6.739029,49.645456],[6.739857,49.646969],[6.739393,49.6471],[6.739039,49.6472],[6.738762,49.647278],[6.738581,49.647329],[6.738457,49.647364],[6.738195,49.647433],[6.737937,49.647504],[6.737928,49.647507],[6.737598,49.647596],[6.736326,49.648368],[6.735988,49.648734],[6.735757,49.648978],[6.735743,49.648993],[6.735713,49.649025],[6.735686,49.649054],[6.735669,49.649073],[6.735593,49.649156],[6.734623,49.649815],[6.733207,49.651287],[6.73211,49.650924],[6.730852,49.650497],[6.730477,49.65037],[6.730258,49.650296],[6.73025,49.65031],[6.730188,49.650289],[6.729818,49.650616],[6.728444,49.651394],[6.728129,49.651515],[6.727987,49.651625],[6.727929,49.651656],[6.727819,49.651784],[6.727477,49.6519],[6.72733,49.652404],[6.727695,49.652955],[6.727741,49.652993],[6.727913,49.653132],[6.727991,49.653172],[6.728076,49.653257],[6.728151,49.6534],[6.728026,49.653655],[6.727639,49.65427],[6.726882,49.654697],[6.72648,49.655011],[6.726078,49.655159],[6.725858,49.655205],[6.725595,49.655183],[6.72479,49.654922],[6.724609,49.654759],[6.724448,49.654615],[6.724435,49.654591],[6.724435,49.654591],[6.724375,49.654483],[6.72427,49.654294],[6.72394,49.654164],[6.723566,49.654178],[6.722735,49.654029],[6.721987,49.6541],[6.721366,49.654113],[6.721244,49.654165],[6.721161,49.654229],[6.721068,49.654333],[6.721213,49.654465],[6.721222,49.654519],[6.721191,49.654569],[6.721072,49.654667],[6.720647,49.654816],[6.720308,49.654987],[6.720032,49.655179],[6.719997,49.655341],[6.720039,49.655522],[6.720032,49.655619],[6.719998,49.655686],[6.71981,49.655953],[6.719655,49.656251],[6.719452,49.656601],[6.719261,49.656866],[6.719014,49.657166],[6.718769,49.657405],[6.718257,49.657789],[6.717134,49.658174],[6.71631,49.658571],[6.716121,49.658801],[6.716088,49.658899],[6.716089,49.65908],[6.71616,49.6592],[6.71633,49.659343],[6.716524,49.659483],[6.716513,49.659688],[6.716446,49.659869],[6.716206,49.660206],[6.716164,49.660378],[6.716077,49.660504],[6.71596,49.6606],[6.715674,49.660896],[6.715458,49.661056],[6.715313,49.661148],[6.715298,49.661276],[6.715382,49.661449],[6.71549,49.66159],[6.715941,49.661958],[6.716534,49.662264],[6.716971,49.662412],[6.717009,49.662422],[6.717501,49.66255],[6.718074,49.662677],[6.718352,49.662808],[6.718376,49.66287],[6.718387,49.662879],[6.718449,49.662848],[6.718479,49.662828],[6.718523,49.66279],[6.71856,49.662758],[6.718589,49.662733],[6.718667,49.662665],[6.718827,49.662624],[6.71906,49.662619],[6.719153,49.662562],[6.719173,49.662549],[6.719288,49.662549],[6.719317,49.662542],[6.719343,49.662535],[6.719406,49.662519],[6.719438,49.662514],[6.719501,49.662495],[6.719502,49.662484],[6.719498,49.662474],[6.719753,49.662499],[6.71992,49.662509],[6.720355,49.662484],[6.720422,49.662491],[6.72051,49.662501],[6.720864,49.662498],[6.720967,49.662536],[6.721174,49.662556],[6.721322,49.66259],[6.721416,49.662652],[6.721466,49.662704],[6.7215,49.662814],[6.721498,49.662873],[6.721509,49.66291],[6.721566,49.662952],[6.721762,49.662986],[6.721937,49.663166],[6.721956,49.663288],[6.722054,49.663318],[6.722349,49.663446],[6.722579,49.663474],[6.722722,49.663401],[6.722748,49.663395],[6.722884,49.663429],[6.72294,49.663394],[6.72307,49.66334],[6.723171,49.663208],[6.723337,49.663194],[6.723503,49.66315],[6.72374,49.663126],[6.723832,49.663084],[6.724088,49.663018],[6.724323,49.662991],[6.724575,49.662915],[6.724736,49.662914],[6.724911,49.662867],[6.725019,49.662811],[6.725066,49.662778],[6.725332,49.66272],[6.725435,49.662709],[6.72549,49.662686],[6.725521,49.662648],[6.725538,49.662518],[6.725515,49.662449],[6.72549,49.662423],[6.725445,49.662368],[6.725494,49.662232],[6.725589,49.662149],[6.725643,49.662056],[6.72567,49.661986],[6.72601,49.661776],[6.72617,49.661676],[6.726305,49.661579],[6.726385,49.661452],[6.726649,49.661324],[6.726828,49.661237],[6.726898,49.661137],[6.726912,49.661009],[6.727026,49.66093],[6.727043,49.660886],[6.7271,49.660822],[6.727347,49.660704],[6.727387,49.660597],[6.727554,49.660304],[6.727622,49.660279],[6.727796,49.660261],[6.727894,49.660202],[6.728298,49.66012],[6.72846,49.66016],[6.728575,49.660083],[6.728718,49.659932],[6.728811,49.659922],[6.728997,49.659951],[6.729321,49.659971],[6.729355,49.660028],[6.729442,49.660082],[6.729639,49.660074],[6.729796,49.660033],[6.729981,49.659995],[6.730028,49.659973],[6.730305,49.659907],[6.730404,49.659844],[6.730358,49.659754],[6.730319,49.659709],[6.730344,49.659648],[6.730632,49.659566],[6.730697,49.659495],[6.730839,49.659504],[6.730917,49.659558],[6.730996,49.659611],[6.7314,49.659601],[6.731438,49.659589],[6.731503,49.659518],[6.731482,49.659458],[6.73145,49.659432],[6.731437,49.659391],[6.731443,49.659352],[6.731411,49.659324],[6.731393,49.659277],[6.731572,49.659173],[6.731595,49.659174],[6.731753,49.659212],[6.732259,49.6591],[6.732328,49.659119],[6.732371,49.659166],[6.732535,49.659086],[6.732661,49.65895],[6.732849,49.658898],[6.732984,49.658942],[6.733009,49.65898],[6.73304,49.658989],[6.733151,49.658966],[6.733161,49.658962],[6.733416,49.658829],[6.733466,49.658773],[6.733452,49.658722],[6.733487,49.65868],[6.73349,49.658628],[6.733506,49.658569],[6.733516,49.658498],[6.733549,49.658406],[6.733684,49.658319],[6.733772,49.658214],[6.733851,49.658163],[6.733932,49.658094],[6.733945,49.658031],[6.733945,49.657931],[6.734123,49.657721],[6.734132,49.657666],[6.734117,49.657589],[6.733979,49.657521],[6.734071,49.657374],[6.734079,49.657312],[6.734035,49.657221],[6.734161,49.656911],[6.73417,49.656911],[6.734213,49.656867],[6.734209,49.656825],[6.734186,49.656786],[6.734172,49.656721],[6.734101,49.656629],[6.734054,49.656578],[6.734094,49.656484],[6.734245,49.656307],[6.734298,49.656177],[6.734368,49.656116],[6.7345,49.656004],[6.734625,49.655905],[6.734774,49.655678],[6.734882,49.655587],[6.734972,49.655584],[6.73508,49.655594],[6.735277,49.655582],[6.735495,49.655589],[6.73573,49.655584],[6.735894,49.655592],[6.736002,49.655565],[6.736047,49.655423],[6.736172,49.655348],[6.736381,49.655327],[6.736558,49.655287],[6.737068,49.655279],[6.737307,49.655035],[6.737425,49.654952],[6.737509,49.654725],[6.737519,49.654699],[6.737528,49.654615],[6.73775,49.654267],[6.737691,49.654238],[6.73791,49.654176],[6.738022,49.65395],[6.738063,49.653937],[6.738183,49.653985],[6.738328,49.653967],[6.738665,49.653718],[6.738918,49.653688],[6.739036,49.653703],[6.739148,49.653569],[6.739376,49.65332],[6.739498,49.653275],[6.739672,49.653281],[6.739798,49.653295],[6.740084,49.653242],[6.740134,49.653197],[6.740248,49.653195],[6.740376,49.653158],[6.740538,49.653109],[6.740738,49.653068],[6.740785,49.652997],[6.740693,49.652895],[6.740745,49.652825],[6.741163,49.65275],[6.741234,49.652627],[6.741522,49.652469],[6.741758,49.652265],[6.741819,49.652092],[6.741918,49.652047],[6.742045,49.651881],[6.742257,49.651661],[6.742466,49.65164],[6.742551,49.651595],[6.742566,49.651524],[6.742776,49.651499],[6.742813,49.651502],[6.743094,49.65149],[6.743248,49.651471],[6.74343,49.651541],[6.743571,49.651516],[6.743822,49.651432],[6.743883,49.65146],[6.743998,49.65143],[6.74418,49.65134],[6.744495,49.651257],[6.744726,49.651336],[6.745008,49.651337],[6.745269,49.651376],[6.745709,49.651375],[6.745824,49.651332],[6.746006,49.651263],[6.746128,49.651178],[6.746317,49.651142],[6.746486,49.651063],[6.746642,49.651091],[6.746696,49.651024],[6.746892,49.651029],[6.747031,49.650986],[6.747187,49.650918],[6.747308,49.650917],[6.747413,49.650853],[6.747656,49.65079],[6.747861,49.650808],[6.747952,49.650858],[6.748002,49.650978],[6.74813,49.651057],[6.7482,49.65115],[6.748832,49.651438],[6.749145,49.651486],[6.749347,49.651471],[6.749473,49.651437],[6.749732,49.651456],[6.749929,49.651548],[6.750125,49.65156],[6.750359,49.651603],[6.750402,49.651577],[6.750433,49.651527],[6.750633,49.651568],[6.751044,49.651509],[6.751183,49.651512],[6.751366,49.651683],[6.75139,49.651788],[6.751464,49.651819],[6.751577,49.651783],[6.75168,49.651791],[6.751771,49.651865],[6.752123,49.65194],[6.752496,49.652254],[6.752739,49.652271],[6.75296,49.65234],[6.753006,49.652488],[6.753279,49.652579],[6.753341,49.65267],[6.753858,49.652972],[6.754113,49.653002],[6.754601,49.653151],[6.754918,49.653153],[6.755159,49.653097],[6.755457,49.653117],[6.755549,49.653263],[6.755822,49.653336],[6.756018,49.653315],[6.756396,49.653124],[6.756444,49.65306],[6.756606,49.653044],[6.756716,49.652979],[6.756905,49.653064],[6.757104,49.653042],[6.757223,49.653054],[6.757233,49.653055],[6.757501,49.653079],[6.757695,49.653118],[6.757824,49.653202],[6.757972,49.653346],[6.757986,49.653486],[6.758379,49.653841],[6.758532,49.6539],[6.758771,49.654047],[6.75892,49.654105],[6.758988,49.65412],[6.75928,49.654392],[6.759363,49.65452],[6.759497,49.654609],[6.759573,49.654675],[6.759864,49.654793],[6.760074,49.654862],[6.76033,49.654959],[6.760372,49.65505],[6.760454,49.655133],[6.760495,49.655229],[6.760592,49.655283],[6.760684,49.655435],[6.7608,49.655542],[6.760945,49.655617],[6.761096,49.655852],[6.761022,49.655999],[6.760951,49.656372],[6.761109,49.656417],[6.761545,49.656652],[6.761696,49.656702],[6.761768,49.656781],[6.762028,49.656803],[6.762166,49.656894],[6.76219,49.656883],[6.762379,49.656801],[6.765209,49.655562],[6.765264,49.655537],[6.768629,49.654067],[6.768793,49.653994],[6.768859,49.653964],[6.769985,49.652348],[6.7706,49.651542],[6.770636,49.651483],[6.772744,49.648236],[6.772765,49.648219],[6.775182,49.646318],[6.77484,49.645813],[6.77456,49.645422],[6.774293,49.645046],[6.774268,49.645011],[6.773979,49.644605],[6.773971,49.644592],[6.77389,49.644478],[6.773866,49.644443],[6.773737,49.644261],[6.773548,49.643995],[6.773423,49.643818],[6.77333,49.643687],[6.773247,49.64357],[6.773157,49.643443],[6.77311,49.643377],[6.772322,49.642266],[6.772273,49.642197],[6.77225,49.642164],[6.772181,49.642066],[6.77188,49.641642],[6.771819,49.641555],[6.771775,49.641495],[6.771753,49.641462],[6.771705,49.641395],[6.771563,49.641195],[6.771371,49.640924],[6.771308,49.640836],[6.771212,49.640701],[6.771165,49.640635],[6.771142,49.640602],[6.770662,49.639922],[6.770337,49.639363],[6.77033,49.639354],[6.770283,49.639271],[6.77027,49.639249],[6.770156,49.639202],[6.77011,49.639183],[6.767713,49.638196],[6.766393,49.637617],[6.765288,49.637133],[6.765155,49.637163],[6.757744,49.638827],[6.756759,49.637951],[6.756272,49.637519],[6.753881,49.638151],[6.751767,49.638694],[6.751915,49.639327],[6.752958,49.639773],[6.753612,49.639938],[6.754362,49.640218],[6.755065,49.639843],[6.755113,49.639869],[6.755144,49.639887],[6.755979,49.640348],[6.754913,49.641001],[6.753802,49.641327],[6.752383,49.641731],[6.7513,49.642099],[6.751222,49.642126]]]},"$schema":null,"$context":null},{"type":"Feature","properties":{"gml_id":"gemeinde_rlp.3","gid":3,"datum":"16.07.26","region":"Rheinland-Pfalz","gmdesch":337059,"gemeinde":"Oberotterbach","vgnr":33702,"vbgmde":"Bad Bergzabern","vgname":"Bad Bergzabern (33702)","kreissch":337,"ldkreis":"S\u00fcdliche Weinstra\u00dfe","amtsgrcht":"Landau \/ Bad Bergzabern","finanzamt":"Landau","kanr":6900,"katamt":"Rheinpfalz","katurl":"https:\/\/vermka-rheinpfalz.rlp.de","guta":760,"gutaurl":"https:\/\/gutachterausschuesse.rlp.de\/service\/gutachterausschuesse-fuer-grundstueckswerte\/","ags":733702059,"gemtyp":"Gemeinde","kreistyp":"Landkreis"},"bbox":[7.892868,49.06012,8.027357,49.0902],"geometry":{"type":"Polygon","coordinates":[[[7.979249,49.064738],[7.9792,49.064776],[7.9793,49.064914],[7.97908,49.065496],[7.979067,49.065531],[7.979041,49.0656],[7.97879,49.066261],[7.978777,49.066296],[7.978754,49.066368],[7.978723,49.066464],[7.978524,49.067176],[7.97846,49.067208],[7.977669,49.067145],[7.976504,49.067053],[7.975678,49.066988],[7.974443,49.066893],[7.973522,49.066823],[7.97249,49.066743],[7.97136,49.066655],[7.971155,49.066641],[7.970517,49.0666],[7.970405,49.066564],[7.970295,49.066457],[7.970083,49.065956],[7.969971,49.065695],[7.970036,49.065661],[7.969861,49.065648],[7.969542,49.065638],[7.969508,49.065637],[7.96953,49.065593],[7.969411,49.065606],[7.969363,49.065611],[7.969322,49.065615],[7.969198,49.065719],[7.968976,49.065792],[7.968677,49.065854],[7.968554,49.065873],[7.968496,49.065882],[7.968364,49.065902],[7.968373,49.065933],[7.968148,49.066004],[7.968079,49.065985],[7.967971,49.066067],[7.9679,49.066183],[7.967918,49.066259],[7.967937,49.066334],[7.968008,49.066469],[7.968075,49.066549],[7.968191,49.06669],[7.968213,49.066717],[7.968344,49.066887],[7.968528,49.066882],[7.968524,49.067097],[7.968762,49.067385],[7.968809,49.067433],[7.968866,49.067491],[7.968892,49.067517],[7.968985,49.067549],[7.969009,49.067558],[7.968973,49.06773],[7.968966,49.067739],[7.968936,49.067778],[7.968953,49.068001],[7.969003,49.068172],[7.968879,49.068194],[7.968864,49.068228],[7.968422,49.068145],[7.967974,49.06808],[7.967475,49.06798],[7.967024,49.067954],[7.966233,49.068006],[7.965869,49.068079],[7.965227,49.068228],[7.965155,49.068242],[7.964961,49.068276],[7.964839,49.06829],[7.964582,49.068311],[7.964198,49.068344],[7.964,49.068363],[7.963806,49.068375],[7.963796,49.068375],[7.963349,49.068436],[7.963223,49.068427],[7.96287,49.068397],[7.962632,49.068388],[7.962468,49.068378],[7.962464,49.068396],[7.962294,49.068377],[7.962123,49.068356],[7.96181,49.068387],[7.961636,49.068404],[7.961395,49.06843],[7.961228,49.068448],[7.960862,49.068488],[7.960722,49.068503],[7.960608,49.068566],[7.960522,49.068479],[7.960462,49.068505],[7.960373,49.068429],[7.960187,49.068528],[7.960113,49.068463],[7.959709,49.068643],[7.959509,49.068913],[7.959319,49.069218],[7.959194,49.069307],[7.958979,49.069464],[7.958817,49.069554],[7.958504,49.069688],[7.958328,49.069741],[7.958204,49.069762],[7.95783,49.06977],[7.957609,49.069808],[7.957326,49.069834],[7.956847,49.069856],[7.956833,49.069588],[7.955199,49.069532],[7.955189,49.069627],[7.955073,49.069616],[7.954956,49.069605],[7.954878,49.069595],[7.954721,49.069575],[7.954525,49.069543],[7.954504,49.069541],[7.954456,49.069538],[7.954457,49.069547],[7.954459,49.069594],[7.954471,49.069882],[7.95447,49.069893],[7.954477,49.070056],[7.954478,49.070068],[7.95452,49.070487],[7.954109,49.070476],[7.953995,49.070473],[7.953954,49.070472],[7.953764,49.070451],[7.953679,49.070443],[7.953596,49.070441],[7.95345,49.070437],[7.953437,49.070437],[7.953253,49.070464],[7.953041,49.070497],[7.952922,49.070515],[7.952803,49.070559],[7.952546,49.070654],[7.952436,49.070695],[7.952311,49.070741],[7.95217,49.070787],[7.952045,49.070828],[7.951901,49.070875],[7.951756,49.070921],[7.951743,49.070926],[7.951472,49.071023],[7.951388,49.071054],[7.951217,49.071113],[7.951209,49.071115],[7.951073,49.07116],[7.950934,49.071197],[7.950847,49.07122],[7.950702,49.071259],[7.950567,49.071294],[7.950425,49.071331],[7.950323,49.071357],[7.950222,49.071383],[7.950094,49.071416],[7.950035,49.071438],[7.949986,49.071459],[7.949926,49.071485],[7.949171,49.071814],[7.949004,49.071935],[7.94899,49.071945],[7.949,49.071957],[7.94898,49.071962],[7.948938,49.071979],[7.948796,49.072017],[7.948637,49.072077],[7.948588,49.0721],[7.948462,49.072164],[7.948468,49.072168],[7.948382,49.072249],[7.948293,49.072312],[7.948178,49.072412],[7.948102,49.072481],[7.947988,49.072557],[7.947978,49.072565],[7.947801,49.072701],[7.947782,49.072719],[7.947542,49.072953],[7.947515,49.07298],[7.947478,49.073016],[7.947223,49.07325],[7.947082,49.073402],[7.947068,49.073418],[7.946944,49.073564],[7.946874,49.073665],[7.946843,49.073737],[7.946831,49.073775],[7.946814,49.073827],[7.946785,49.073901],[7.946735,49.073987],[7.946676,49.07408],[7.946657,49.074147],[7.946643,49.074246],[7.946656,49.074316],[7.946654,49.074353],[7.946633,49.074403],[7.94657,49.074505],[7.946491,49.074578],[7.946459,49.07459],[7.946104,49.074713],[7.945995,49.074749],[7.945792,49.074792],[7.945574,49.074849],[7.945253,49.074947],[7.945038,49.075007],[7.944865,49.075042],[7.94475,49.075046],[7.944603,49.075047],[7.944467,49.075057],[7.944318,49.075077],[7.943969,49.07513],[7.94362,49.075208],[7.943316,49.075285],[7.943184,49.075311],[7.943059,49.075336],[7.942825,49.075385],[7.942637,49.075439],[7.942285,49.07561],[7.94214,49.075686],[7.941999,49.075753],[7.941852,49.075822],[7.941698,49.075882],[7.941633,49.075911],[7.941557,49.075944],[7.941507,49.075966],[7.941357,49.076051],[7.941102,49.076205],[7.94094,49.076348],[7.940791,49.076485],[7.940651,49.076625],[7.940544,49.076578],[7.940187,49.076423],[7.940151,49.076408],[7.939873,49.076657],[7.939833,49.076693],[7.93977,49.076737],[7.939669,49.076816],[7.939556,49.076893],[7.939457,49.076961],[7.939378,49.077004],[7.939303,49.077043],[7.939187,49.077082],[7.939114,49.077102],[7.939061,49.077108],[7.938984,49.077131],[7.938905,49.077158],[7.938554,49.07732],[7.938493,49.077351],[7.938367,49.077415],[7.938259,49.077467],[7.938149,49.07752],[7.938043,49.077569],[7.937929,49.077631],[7.937841,49.077685],[7.937732,49.077756],[7.937621,49.077834],[7.937525,49.0779],[7.937419,49.07797],[7.937361,49.077998],[7.937298,49.078021],[7.937222,49.078038],[7.937148,49.078069],[7.937094,49.078101],[7.937002,49.078168],[7.936923,49.078226],[7.936836,49.078279],[7.936748,49.078319],[7.936679,49.078348],[7.936593,49.078382],[7.936434,49.078435],[7.936325,49.078469],[7.936242,49.078485],[7.936161,49.078499],[7.936131,49.078516],[7.936099,49.078536],[7.935997,49.078515],[7.935752,49.078463],[7.935409,49.07839],[7.935383,49.078385],[7.935169,49.078343],[7.935145,49.078338],[7.935122,49.078333],[7.935003,49.078307],[7.934926,49.07829],[7.93488,49.07828],[7.934709,49.078244],[7.934551,49.078211],[7.934537,49.078208],[7.934438,49.078189],[7.934416,49.078185],[7.934296,49.078163],[7.934252,49.078154],[7.934219,49.078148],[7.93415,49.078136],[7.934044,49.078116],[7.933837,49.078077],[7.933641,49.07804],[7.933154,49.077926],[7.93285,49.077855],[7.932427,49.077868],[7.932175,49.077881],[7.931919,49.077882],[7.931422,49.077874],[7.931214,49.077868],[7.931112,49.077867],[7.930998,49.077871],[7.930849,49.077883],[7.930699,49.077894],[7.93046,49.077906],[7.930281,49.077917],[7.930218,49.07792],[7.93013,49.077918],[7.930036,49.077916],[7.929937,49.077915],[7.929836,49.077913],[7.929814,49.077912],[7.929747,49.077898],[7.929735,49.077895],[7.929689,49.077885],[7.929657,49.077878],[7.929631,49.077872],[7.929513,49.077846],[7.929323,49.077804],[7.929133,49.077762],[7.928921,49.077716],[7.928696,49.077666],[7.928594,49.077644],[7.928497,49.077613],[7.928357,49.077558],[7.928212,49.077501],[7.928048,49.077437],[7.927945,49.077397],[7.92783,49.077352],[7.927794,49.077338],[7.927996,49.077023],[7.927903,49.076999],[7.927725,49.076953],[7.927637,49.076931],[7.927549,49.076908],[7.927489,49.076893],[7.927422,49.076876],[7.92734,49.076855],[7.927263,49.076836],[7.927221,49.076825],[7.927149,49.076807],[7.927041,49.07678],[7.92696,49.076759],[7.926917,49.076749],[7.926852,49.076732],[7.926604,49.07667],[7.926336,49.076607],[7.925749,49.076678],[7.925671,49.076685],[7.925176,49.076674],[7.924266,49.076656],[7.923859,49.076645],[7.923643,49.076636],[7.923614,49.076634],[7.923527,49.07663],[7.923494,49.076628],[7.92347,49.076699],[7.923456,49.076741],[7.923448,49.076773],[7.923439,49.076805],[7.92343,49.076841],[7.923422,49.076874],[7.923411,49.076944],[7.923404,49.076988],[7.923399,49.077026],[7.923391,49.077085],[7.923386,49.07715],[7.923378,49.077245],[7.922987,49.077219],[7.922367,49.077178],[7.922392,49.077046],[7.922415,49.07693],[7.922423,49.076889],[7.922438,49.076812],[7.922446,49.076775],[7.922451,49.076746],[7.922447,49.076726],[7.922431,49.076679],[7.922419,49.076643],[7.922396,49.076573],[7.922353,49.076399],[7.922331,49.076312],[7.922309,49.076221],[7.92226,49.076025],[7.922316,49.076041],[7.923035,49.076248],[7.923054,49.076254],[7.923155,49.076285],[7.923371,49.076354],[7.923453,49.07638],[7.923514,49.076399],[7.923572,49.076416],[7.92358,49.076394],[7.923593,49.07635],[7.923631,49.076342],[7.92367,49.076291],[7.923721,49.076236],[7.923751,49.076205],[7.923783,49.076182],[7.923828,49.076166],[7.923881,49.076155],[7.924,49.076142],[7.924154,49.076134],[7.924471,49.076125],[7.924682,49.076124],[7.924839,49.07608],[7.925046,49.076016],[7.925492,49.075836],[7.926536,49.075619],[7.92701,49.075622],[7.930227,49.075953],[7.93135,49.075856],[7.931688,49.075798],[7.932387,49.075595],[7.932759,49.075285],[7.93304,49.074987],[7.932994,49.074969],[7.933026,49.074908],[7.933045,49.07485],[7.933077,49.074791],[7.933106,49.074751],[7.933159,49.074701],[7.9332,49.074667],[7.933483,49.07444],[7.933639,49.074309],[7.933784,49.07419],[7.933789,49.074169],[7.933795,49.074044],[7.933809,49.073852],[7.933819,49.07371],[7.933825,49.073626],[7.93342,49.073123],[7.933414,49.073115],[7.933401,49.073099],[7.933394,49.073091],[7.93301,49.072615],[7.932119,49.071564],[7.93209,49.071529],[7.932069,49.071505],[7.931445,49.071459],[7.93096,49.071422],[7.927348,49.071144],[7.926592,49.070809],[7.924823,49.070024],[7.923995,49.069662],[7.923955,49.06964],[7.92393,49.06963],[7.923149,49.06928],[7.923094,49.069257],[7.921923,49.068754],[7.919845,49.068435],[7.918417,49.068238],[7.91717,49.067917],[7.915138,49.067404],[7.915071,49.067387],[7.915054,49.067382],[7.913973,49.067044],[7.913781,49.066984],[7.912059,49.066426],[7.911408,49.066211],[7.910824,49.066028],[7.910514,49.065931],[7.910358,49.065937],[7.910303,49.06594],[7.907478,49.066062],[7.907222,49.066072],[7.905372,49.066141],[7.904075,49.066575],[7.90264,49.067109],[7.901676,49.067173],[7.90161,49.067156],[7.901525,49.067134],[7.901059,49.067012],[7.900536,49.066908],[7.900415,49.066887],[7.900255,49.066857],[7.900193,49.066882],[7.899425,49.067198],[7.899219,49.067306],[7.898757,49.067569],[7.898476,49.067727],[7.898025,49.067983],[7.897845,49.068177],[7.897832,49.068191],[7.897814,49.068209],[7.897686,49.068348],[7.897238,49.068788],[7.896867,49.069308],[7.896516,49.06981],[7.896345,49.070045],[7.896107,49.070371],[7.895842,49.070734],[7.895792,49.070803],[7.895354,49.07175],[7.895304,49.071851],[7.895174,49.072125],[7.894855,49.07276],[7.89457,49.073313],[7.894161,49.073844],[7.893795,49.074339],[7.893595,49.074529],[7.89343,49.074681],[7.893091,49.075073],[7.893068,49.0751],[7.893097,49.075106],[7.8932,49.07512],[7.893301,49.075145],[7.893397,49.07519],[7.893469,49.075243],[7.893526,49.075308],[7.893557,49.075365],[7.893571,49.075426],[7.893569,49.075443],[7.893564,49.075489],[7.893518,49.07553],[7.893432,49.075557],[7.893329,49.075582],[7.893175,49.075637],[7.893015,49.075698],[7.893014,49.0757],[7.89299,49.075743],[7.892972,49.07576],[7.892964,49.075793],[7.892964,49.075809],[7.892956,49.075809],[7.892956,49.075887],[7.892961,49.075887],[7.892968,49.075938],[7.892956,49.075964],[7.892918,49.075981],[7.892915,49.075977],[7.892874,49.076009],[7.892878,49.076011],[7.892874,49.076015],[7.892875,49.07604],[7.892868,49.07604],[7.892872,49.076205],[7.892894,49.076278],[7.892978,49.076522],[7.893094,49.076816],[7.893148,49.076951],[7.89319,49.077042],[7.893197,49.077088],[7.893249,49.077234],[7.893279,49.077365],[7.893284,49.077408],[7.893314,49.077589],[7.893349,49.077666],[7.893374,49.077763],[7.893355,49.077838],[7.89336,49.078064],[7.89338,49.078183],[7.893469,49.078327],[7.893536,49.078401],[7.893624,49.0785],[7.893752,49.078607],[7.893829,49.078693],[7.893866,49.078798],[7.893939,49.078929],[7.893982,49.079003],[7.894022,49.079075],[7.8941,49.079163],[7.894232,49.079296],[7.894297,49.079341],[7.894307,49.079349],[7.894387,49.07941],[7.894495,49.079513],[7.894583,49.07961],[7.894643,49.079672],[7.894688,49.079726],[7.894727,49.079767],[7.894775,49.079837],[7.894828,49.079932],[7.894871,49.080014],[7.894968,49.080197],[7.895035,49.080326],[7.89507,49.080391],[7.895135,49.0805],[7.895191,49.080593],[7.895266,49.080709],[7.895329,49.080795],[7.895362,49.080842],[7.895426,49.080928],[7.895535,49.08107],[7.895601,49.081155],[7.895627,49.081144],[7.89605,49.081665],[7.896117,49.081655],[7.896783,49.082167],[7.896863,49.082228],[7.896987,49.082324],[7.897107,49.082415],[7.896984,49.082641],[7.896737,49.083082],[7.896617,49.083295],[7.896611,49.08332],[7.896525,49.083627],[7.896496,49.08373],[7.896467,49.083833],[7.896438,49.083935],[7.896391,49.084102],[7.896329,49.084326],[7.896322,49.084521],[7.89631,49.084921],[7.896307,49.084999],[7.896312,49.085011],[7.896346,49.085103],[7.896379,49.085195],[7.896411,49.085282],[7.896447,49.085378],[7.896501,49.08552],[7.896563,49.085681],[7.896612,49.085808],[7.896641,49.085884],[7.897251,49.085758],[7.897547,49.085933],[7.897667,49.086004],[7.897817,49.086091],[7.89921,49.084225],[7.900698,49.084182],[7.901982,49.084178],[7.902438,49.084159],[7.903197,49.084116],[7.903466,49.084107],[7.905307,49.084023],[7.907605,49.083774],[7.907664,49.083768],[7.911817,49.083367],[7.911933,49.083654],[7.912035,49.083883],[7.912323,49.084239],[7.912708,49.084563],[7.913028,49.084729],[7.913247,49.084842],[7.913923,49.085187],[7.914218,49.085324],[7.914602,49.08549],[7.915163,49.085683],[7.915248,49.085712],[7.915047,49.085802],[7.914787,49.08592],[7.914049,49.086234],[7.913814,49.086264],[7.913631,49.086273],[7.913287,49.086303],[7.91308,49.086312],[7.912914,49.08631],[7.912422,49.086258],[7.911918,49.086279],[7.909668,49.086885],[7.907758,49.087411],[7.906529,49.088059],[7.906558,49.088101],[7.906737,49.088059],[7.907258,49.088082],[7.908125,49.088084],[7.908166,49.088082],[7.908958,49.087947],[7.90913,49.087935],[7.910074,49.087915],[7.910572,49.08794],[7.910705,49.087958],[7.910812,49.08798],[7.910877,49.087999],[7.910941,49.088032],[7.911059,49.088105],[7.911283,49.08832],[7.911799,49.088881],[7.911868,49.088947],[7.912022,49.089062],[7.9122,49.089171],[7.912387,49.089243],[7.912655,49.089324],[7.912761,49.089345],[7.912898,49.089351],[7.913158,49.089335],[7.913404,49.089307],[7.9136,49.089265],[7.913754,49.089222],[7.914059,49.089071],[7.914246,49.088952],[7.914494,49.088781],[7.914704,49.088646],[7.914837,49.088568],[7.914975,49.088502],[7.915116,49.088447],[7.915268,49.0884],[7.915422,49.088362],[7.915647,49.088325],[7.915785,49.088312],[7.91589,49.088316],[7.916027,49.088341],[7.916507,49.088522],[7.916884,49.088681],[7.917034,49.088773],[7.917721,49.089149],[7.91786,49.089216],[7.91798,49.089266],[7.918127,49.089316],[7.918237,49.089349],[7.918828,49.089476],[7.919577,49.089529],[7.920242,49.089629],[7.920467,49.089674],[7.92102,49.089809],[7.921345,49.089899],[7.921519,49.089959],[7.921693,49.090012],[7.921886,49.090057],[7.922407,49.090127],[7.923011,49.09016],[7.923553,49.0902],[7.923773,49.09009],[7.923748,49.090083],[7.923923,49.089973],[7.924027,49.089513],[7.924063,49.089345],[7.92411,49.089201],[7.924179,49.089065],[7.924398,49.08875],[7.924438,49.088662],[7.924526,49.088525],[7.924641,49.088437],[7.924826,49.088262],[7.924952,49.088119],[7.925055,49.088014],[7.925162,49.087925],[7.925488,49.08776],[7.925519,49.087735],[7.92587,49.087526],[7.925824,49.087491],[7.926308,49.087254],[7.926363,49.087312],[7.926556,49.087145],[7.926698,49.087061],[7.927186,49.086784],[7.927679,49.086523],[7.927999,49.086397],[7.928099,49.086365],[7.928167,49.08635],[7.928532,49.086348],[7.928617,49.086359],[7.928819,49.086386],[7.92906,49.08643],[7.929324,49.086481],[7.929455,49.086502],[7.929754,49.086534],[7.929972,49.086559],[7.930176,49.086566],[7.93061,49.086571],[7.931443,49.086611],[7.931695,49.08662],[7.931928,49.086623],[7.932195,49.086627],[7.932523,49.086628],[7.932791,49.08662],[7.9331,49.086569],[7.933313,49.086533],[7.933423,49.086511],[7.93351,49.086503],[7.933689,49.08649],[7.93384,49.086476],[7.934039,49.086446],[7.934951,49.086301],[7.935212,49.086263],[7.935487,49.086226],[7.935602,49.086213],[7.935776,49.086202],[7.935945,49.086205],[7.936196,49.086208],[7.936361,49.086214],[7.936546,49.086226],[7.936864,49.08625],[7.937142,49.086267],[7.937393,49.08627],[7.937577,49.086275],[7.937666,49.086248],[7.937776,49.086252],[7.937848,49.086259],[7.938113,49.086256],[7.939772,49.086275],[7.940743,49.086163],[7.941148,49.086118],[7.941235,49.086108],[7.941672,49.086055],[7.942553,49.085947],[7.943781,49.08583],[7.944967,49.085696],[7.945117,49.085678],[7.945209,49.085666],[7.946071,49.085561],[7.946134,49.085554],[7.946262,49.085538],[7.946828,49.085515],[7.946979,49.085507],[7.947232,49.085494],[7.947627,49.085472],[7.947695,49.085455],[7.9482,49.085319],[7.948998,49.085159],[7.949534,49.085032],[7.949619,49.085017],[7.949666,49.084998],[7.950286,49.084845],[7.951113,49.084324],[7.951942,49.083984],[7.952698,49.083242],[7.952895,49.083061],[7.952912,49.083023],[7.952957,49.082988],[7.952982,49.082949],[7.953037,49.082913],[7.953088,49.08287],[7.953121,49.08283],[7.953148,49.08279],[7.953167,49.082753],[7.953251,49.0827],[7.95335,49.082611],[7.953427,49.082521],[7.953486,49.082446],[7.953623,49.082286],[7.953784,49.082088],[7.95422,49.081516],[7.954379,49.081324],[7.954471,49.081257],[7.954508,49.08123],[7.954525,49.081216],[7.954745,49.081042],[7.955104,49.080761],[7.955161,49.080737],[7.9552,49.080718],[7.955238,49.080696],[7.95529,49.080657],[7.955314,49.080627],[7.955348,49.080584],[7.955366,49.080562],[7.955463,49.080491],[7.955921,49.080262],[7.955967,49.080239],[7.956252,49.080084],[7.956454,49.079945],[7.956712,49.079774],[7.956882,49.079657],[7.956999,49.079568],[7.957259,49.079396],[7.95748,49.079242],[7.957791,49.079027],[7.958042,49.078865],[7.958214,49.078814],[7.958776,49.078634],[7.959065,49.078542],[7.959272,49.078479],[7.959526,49.078409],[7.95981,49.078328],[7.959933,49.078292],[7.960093,49.078256],[7.960415,49.078175],[7.960554,49.07814],[7.96082,49.078091],[7.960923,49.078072],[7.961063,49.07805],[7.961121,49.078037],[7.961266,49.077993],[7.961406,49.077956],[7.961818,49.077846],[7.961854,49.077839],[7.962053,49.0778],[7.962218,49.077767],[7.962215,49.077759],[7.962172,49.077651],[7.962166,49.077637],[7.96233,49.077606],[7.962488,49.077573],[7.962683,49.077526],[7.96276,49.077506],[7.962948,49.077492],[7.963118,49.077473],[7.963287,49.077453],[7.963448,49.077434],[7.9637,49.077406],[7.963619,49.07719],[7.963743,49.077173],[7.963834,49.077155],[7.963931,49.077128],[7.964072,49.077084],[7.964305,49.077042],[7.964524,49.077002],[7.964766,49.07697],[7.964877,49.076958],[7.96499,49.076951],[7.965078,49.076947],[7.965155,49.076966],[7.965216,49.076973],[7.965291,49.076975],[7.965374,49.076975],[7.965452,49.076967],[7.96568,49.076956],[7.965687,49.076973],[7.965858,49.076933],[7.96597,49.076926],[7.966194,49.076912],[7.966423,49.076897],[7.966994,49.076841],[7.967383,49.076791],[7.967505,49.076776],[7.967618,49.076761],[7.967703,49.07675],[7.967874,49.076728],[7.968032,49.076708],[7.968042,49.076738],[7.968278,49.076704],[7.968488,49.076667],[7.96882,49.076576],[7.969472,49.076507],[7.969714,49.076481],[7.970711,49.076428],[7.971042,49.076401],[7.971125,49.076374],[7.971176,49.076358],[7.97124,49.076414],[7.971307,49.076411],[7.971307,49.076402],[7.971426,49.076398],[7.97144,49.076408],[7.971524,49.076407],[7.97148,49.076363],[7.971518,49.076363],[7.971976,49.076365],[7.973512,49.076312],[7.973821,49.076306],[7.974122,49.076329],[7.975326,49.076494],[7.975463,49.076513],[7.975979,49.076596],[7.976056,49.076615],[7.978244,49.076986],[7.980247,49.077323],[7.980418,49.077341],[7.982145,49.07739],[7.983864,49.077429],[7.983938,49.077431],[7.98546,49.077465],[7.985608,49.077479],[7.986017,49.077567],[7.986233,49.077615],[7.987254,49.07773],[7.987461,49.077753],[7.987728,49.077783],[7.988182,49.077834],[7.988954,49.07792],[7.989025,49.077928],[7.989677,49.078005],[7.990804,49.078138],[7.990993,49.078168],[7.991206,49.078208],[7.991563,49.078275],[7.99215,49.078386],[7.992391,49.078431],[7.992558,49.078469],[7.992709,49.078502],[7.993081,49.078582],[7.993792,49.078763],[7.994165,49.078857],[7.994218,49.07887],[7.994577,49.078961],[7.994594,49.078964],[7.994821,49.079021],[7.995104,49.079092],[7.99533,49.079148],[7.995817,49.07927],[7.996185,49.079361],[7.996542,49.07945],[7.996565,49.07946],[7.996873,49.079532],[7.997191,49.079593],[7.998578,49.079754],[8.000396,49.07995],[8.002002,49.080207],[8.002024,49.080211],[8.002073,49.080229],[8.002624,49.080257],[8.002861,49.080286],[8.003111,49.080316],[8.003624,49.080378],[8.003986,49.080422],[8.004445,49.080477],[8.004702,49.080508],[8.004791,49.080519],[8.005259,49.080569],[8.00538,49.080582],[8.005541,49.080601],[8.005813,49.08063],[8.006048,49.080659],[8.006276,49.080685],[8.006496,49.08071],[8.00673,49.080737],[8.007207,49.080792],[8.007256,49.080801],[8.007422,49.080821],[8.007613,49.080841],[8.008367,49.080934],[8.008928,49.081003],[8.009249,49.081063],[8.009466,49.081103],[8.010404,49.081278],[8.01088,49.081367],[8.011545,49.081502],[8.012018,49.081598],[8.012425,49.081681],[8.012592,49.081721],[8.013268,49.081864],[8.013259,49.081748],[8.01336,49.08113],[8.013379,49.081059],[8.013561,49.080046],[8.013577,49.079939],[8.013844,49.078431],[8.013905,49.078404],[8.01389,49.078352],[8.014524,49.07846],[8.014736,49.07852],[8.014888,49.078564],[8.015598,49.078827],[8.015927,49.078965],[8.015547,49.076739],[8.01616,49.07677],[8.016156,49.076735],[8.016204,49.076701],[8.016131,49.076293],[8.016038,49.075771],[8.016152,49.075804],[8.016705,49.075825],[8.019627,49.075916],[8.019714,49.075919],[8.019767,49.075921],[8.020205,49.075936],[8.020415,49.075956],[8.020652,49.075979],[8.020818,49.075999],[8.023419,49.076292],[8.023582,49.07631],[8.023876,49.076334],[8.024248,49.076365],[8.024658,49.076398],[8.024799,49.076409],[8.025233,49.076469],[8.025654,49.076527],[8.026193,49.076601],[8.027253,49.076969],[8.027296,49.077023],[8.027305,49.076986],[8.027319,49.076913],[8.027357,49.076724],[8.027272,49.075826],[8.027123,49.074203],[8.027115,49.074118],[8.02711,49.074091],[8.026973,49.073284],[8.026833,49.072464],[8.026827,49.072428],[8.026815,49.072356],[8.026719,49.071786],[8.026692,49.071324],[8.026661,49.070811],[8.026659,49.070775],[8.026655,49.070702],[8.026616,49.069983],[8.026613,49.069894],[8.025949,49.069217],[8.025876,49.069136],[8.025694,49.068896],[8.025215,49.068275],[8.025079,49.068009],[8.024991,49.067841],[8.024177,49.066772],[8.023617,49.066164],[8.023538,49.066088],[8.023035,49.065626],[8.022397,49.065065],[8.022291,49.064943],[8.022222,49.064864],[8.022109,49.064733],[8.021733,49.064301],[8.02108,49.063564],[8.020734,49.063184],[8.0206,49.063079],[8.020604,49.063027],[8.020606,49.063009],[8.020606,49.063],[8.020662,49.062288],[8.02077,49.061062],[8.020732,49.061038],[8.020693,49.061046],[8.020609,49.061063],[8.020527,49.061079],[8.020497,49.061085],[8.020471,49.061013],[8.020453,49.060978],[8.020391,49.060805],[8.020361,49.060777],[8.020402,49.060778],[8.02032,49.060544],[8.020313,49.060508],[8.020301,49.060455],[8.020297,49.060365],[8.020243,49.060379],[8.018926,49.060725],[8.018565,49.060837],[8.018324,49.06095],[8.017687,49.061317],[8.016925,49.061773],[8.016838,49.061654],[8.016812,49.061619],[8.016765,49.061553],[8.016707,49.061485],[8.016687,49.061461],[8.01662,49.061502],[8.016415,49.06126],[8.016281,49.061103],[8.016129,49.060923],[8.016078,49.060863],[8.016031,49.060807],[8.015933,49.060691],[8.015164,49.061479],[8.014418,49.062244],[8.014388,49.062275],[8.014362,49.062299],[8.014243,49.062284],[8.013045,49.062223],[8.013067,49.062179],[8.013519,49.061282],[8.013462,49.061281],[8.013299,49.061278],[8.013128,49.061274],[8.013006,49.061272],[8.012504,49.061261],[8.012402,49.061259],[8.01224,49.061256],[8.012116,49.061253],[8.011491,49.06124],[8.011146,49.061233],[8.010985,49.06123],[8.010833,49.061227],[8.010736,49.061225],[8.010622,49.061223],[8.010456,49.061219],[8.010343,49.061217],[8.01017,49.061213],[8.009937,49.061208],[8.00991,49.061208],[8.009762,49.061205],[8.009577,49.061201],[8.009391,49.061197],[8.009031,49.06119],[8.00881,49.061185],[8.008608,49.061181],[8.008431,49.061177],[8.008336,49.061175],[8.008119,49.06117],[8.007976,49.061167],[8.007779,49.061163],[8.007718,49.061162],[8.007467,49.061157],[8.007346,49.061154],[8.007232,49.061141],[8.007125,49.061128],[8.007008,49.061115],[8.006881,49.0611],[8.006778,49.061088],[8.006563,49.061063],[8.006402,49.061044],[8.006317,49.061034],[8.006225,49.061023],[8.006065,49.061005],[8.005947,49.060991],[8.005791,49.060973],[8.005679,49.06096],[8.005619,49.060953],[8.005484,49.060937],[8.005403,49.060928],[8.005292,49.060915],[8.005251,49.06091],[8.005145,49.060899],[8.005092,49.060894],[8.005038,49.060888],[8.004929,49.060876],[8.00367,49.060744],[8.003194,49.060685],[8.00314,49.060679],[8.003031,49.060665],[8.002903,49.060649],[8.002762,49.060632],[8.002492,49.060599],[8.002289,49.060574],[8.002176,49.06056],[8.002087,49.060549],[8.002017,49.060541],[8.002031,49.060506],[8.001794,49.060526],[8.001601,49.060543],[8.00141,49.060559],[8.001244,49.060573],[8.000951,49.060599],[8.000673,49.060622],[8.00044,49.060575],[8.000255,49.060538],[8.000101,49.060507],[7.999862,49.060459],[7.999679,49.060422],[7.999587,49.060403],[7.99958,49.060439],[7.999579,49.060456],[7.999562,49.0606],[7.999555,49.06066],[7.999543,49.060769],[7.999538,49.060814],[7.999481,49.060839],[7.997859,49.060522],[7.99782,49.060514],[7.997827,49.060552],[7.997718,49.060539],[7.994183,49.060139],[7.994116,49.060131],[7.994049,49.06012],[7.99406,49.060141],[7.994111,49.060242],[7.994175,49.060368],[7.994218,49.060453],[7.994317,49.060649],[7.994364,49.060743],[7.994411,49.060835],[7.994453,49.060919],[7.994526,49.061063],[7.994585,49.061157],[7.994603,49.061187],[7.994743,49.061391],[7.994794,49.061466],[7.994848,49.061545],[7.994939,49.061622],[7.995039,49.061706],[7.995157,49.061806],[7.995247,49.061882],[7.99537,49.061986],[7.995392,49.062005],[7.995478,49.062114],[7.995577,49.062239],[7.995593,49.062259],[7.995652,49.062367],[7.995764,49.06257],[7.995775,49.06259],[7.995844,49.062771],[7.995864,49.062824],[7.995868,49.062851],[7.99601,49.063582],[7.996017,49.063618],[7.996028,49.063674],[7.994767,49.063535],[7.994732,49.063532],[7.99463,49.063523],[7.994493,49.063511],[7.994057,49.063509],[7.993767,49.063528],[7.993495,49.063556],[7.993149,49.063619],[7.992854,49.063694],[7.991871,49.063995],[7.99088,49.064297],[7.990115,49.064471],[7.989138,49.064695],[7.988749,49.064727],[7.987568,49.064845],[7.987172,49.064866],[7.985939,49.064907],[7.985082,49.064912],[7.98374,49.064909],[7.981405,49.06485],[7.981347,49.064848],[7.980339,49.064818],[7.980119,49.064805],[7.979249,49.064738]]]},"$schema":null,"$context":null},{"type":"Feature","properties":{"gml_id":"gemeinde_rlp.4","gid":4,"datum":"16.07.26","region":"Rheinland-Pfalz","gmdesch":339050,"gemeinde":"Sankt Johann","vgnr":33908,"vbgmde":"Sprendlingen-Gensingen","vgname":"Sprendlingen-Gensingen (33908)","kreissch":339,"ldkreis":"Mainz-Bingen","amtsgrcht":"Bingen am Rhein","finanzamt":"Bad Kreuznach","kanr":6600,"katamt":"Rheinhessen-Nahe","katurl":"https:\/\/vermka-rheinhessen-nahe.rlp.de","guta":740,"gutaurl":"https:\/\/gutachterausschuesse.rlp.de\/service\/gutachterausschuesse-fuer-grundstueckswerte\/","ags":733908050,"gemtyp":"Gemeinde","kreistyp":"Landkreis"},"bbox":[8.00463,49.849782,8.035897,49.887074],"geometry":{"type":"Polygon","coordinates":[[[8.023748,49.870839],[8.024454,49.869806],[8.025808,49.867825],[8.026852,49.866296],[8.026884,49.866249],[8.028271,49.864217],[8.028346,49.863488],[8.028395,49.863009],[8.028547,49.861521],[8.028582,49.861176],[8.028637,49.860636],[8.028733,49.859698],[8.028959,49.858533],[8.029118,49.857617],[8.029219,49.857008],[8.029196,49.856981],[8.029054,49.856822],[8.02866,49.856362],[8.02855,49.855948],[8.028578,49.855214],[8.028883,49.854713],[8.029041,49.854542],[8.029487,49.854061],[8.030494,49.85298],[8.031073,49.852357],[8.031061,49.8523],[8.030653,49.852043],[8.02983,49.851498],[8.029488,49.85127],[8.028956,49.850915],[8.028426,49.850432],[8.028368,49.850404],[8.028253,49.850349],[8.028194,49.850253],[8.02814,49.850214],[8.028108,49.85019],[8.027828,49.850068],[8.027606,49.849971],[8.026988,49.849954],[8.026172,49.849932],[8.024585,49.84989],[8.022963,49.849847],[8.022416,49.849832],[8.022268,49.849828],[8.021274,49.849802],[8.021266,49.849802],[8.020928,49.849796],[8.020787,49.849793],[8.020647,49.849791],[8.020372,49.849786],[8.020105,49.849782],[8.019923,49.849782],[8.019827,49.849783],[8.019728,49.849783],[8.019538,49.849784],[8.019328,49.849785],[8.018906,49.849786],[8.01857,49.851149],[8.018466,49.851128],[8.018327,49.851101],[8.018069,49.851051],[8.017171,49.850875],[8.016999,49.850842],[8.016879,49.850818],[8.016839,49.85081],[8.016635,49.85077],[8.016514,49.850747],[8.016392,49.850723],[8.016241,49.850693],[8.016224,49.850728],[8.016206,49.850762],[8.015432,49.852267],[8.015422,49.852286],[8.015411,49.852301],[8.014804,49.853496],[8.014844,49.853521],[8.015117,49.853711],[8.015136,49.853725],[8.015593,49.854062],[8.016561,49.854683],[8.016617,49.854719],[8.017704,49.855412],[8.017887,49.855493],[8.018775,49.855882],[8.020093,49.856465],[8.020055,49.856492],[8.019966,49.856554],[8.019955,49.856561],[8.01986,49.856628],[8.019775,49.856687],[8.019759,49.856698],[8.019681,49.856753],[8.01959,49.856819],[8.019159,49.857128],[8.018648,49.857487],[8.018591,49.857527],[8.018452,49.857471],[8.018481,49.857523],[8.018455,49.857573],[8.018422,49.857614],[8.01687,49.858678],[8.016809,49.858693],[8.016509,49.858763],[8.01641,49.858709],[8.016297,49.858649],[8.016254,49.858625],[8.016234,49.85861],[8.016188,49.858575],[8.016161,49.858555],[8.016082,49.858495],[8.016028,49.858454],[8.016021,49.858449],[8.015984,49.858422],[8.015854,49.858324],[8.015794,49.858352],[8.015738,49.858378],[8.01544,49.858518],[8.015269,49.858597],[8.01482,49.858789],[8.014123,49.859091],[8.013912,49.859189],[8.013864,49.859202],[8.013112,49.859398],[8.012645,49.859566],[8.012469,49.85963],[8.01226,49.859705],[8.012175,49.859736],[8.012124,49.85976],[8.012054,49.859794],[8.011979,49.859799],[8.011935,49.859802],[8.011336,49.85963],[8.010718,49.85937],[8.010456,49.859235],[8.010407,49.859218],[8.010346,49.859196],[8.010319,49.859187],[8.010261,49.859166],[8.010242,49.859159],[8.010205,49.859146],[8.010187,49.85914],[8.010102,49.859109],[8.009975,49.859066],[8.009961,49.859062],[8.009944,49.859056],[8.009736,49.858985],[8.009623,49.858947],[8.009274,49.858826],[8.009193,49.858824],[8.009124,49.858842],[8.009051,49.858865],[8.008406,49.859258],[8.008155,49.859414],[8.008104,49.859445],[8.008043,49.859484],[8.007966,49.859532],[8.007885,49.859582],[8.007834,49.859615],[8.007807,49.859632],[8.007673,49.859713],[8.007624,49.859743],[8.00747,49.859828],[8.004691,49.861536],[8.00465,49.86156],[8.00463,49.861573],[8.007293,49.863037],[8.007314,49.863048],[8.006407,49.86366],[8.006393,49.863685],[8.006349,49.863769],[8.00636,49.863807],[8.007147,49.866567],[8.007157,49.866602],[8.008256,49.870463],[8.008234,49.870474],[8.006688,49.871266],[8.005581,49.871834],[8.005638,49.871875],[8.006278,49.872325],[8.007715,49.873338],[8.007828,49.873418],[8.008278,49.873734],[8.008339,49.873777],[8.008301,49.873939],[8.008263,49.8741],[8.008242,49.874194],[8.008207,49.874338],[8.008185,49.874434],[8.008154,49.874568],[8.008083,49.874568],[8.008027,49.874804],[8.008012,49.87487],[8.007935,49.875193],[8.00793,49.875214],[8.007883,49.875414],[8.007834,49.87562],[8.007813,49.875709],[8.007784,49.87575],[8.007723,49.875833],[8.007621,49.875973],[8.007475,49.876173],[8.007415,49.876253],[8.007385,49.876294],[8.007104,49.876678],[8.007062,49.876736],[8.007059,49.87674],[8.007176,49.877211],[8.007135,49.877241],[8.006852,49.877244],[8.00674,49.877245],[8.006593,49.877246],[8.006438,49.877248],[8.006418,49.877292],[8.006558,49.87802],[8.006567,49.878064],[8.006584,49.878461],[8.006599,49.878497],[8.006598,49.878531],[8.006597,49.878611],[8.006593,49.878778],[8.006592,49.878842],[8.006591,49.878864],[8.006603,49.878995],[8.006623,49.879201],[8.006644,49.87943],[8.006657,49.879564],[8.006668,49.87969],[8.006687,49.879894],[8.006691,49.879948],[8.008181,49.879843],[8.008167,49.879982],[8.00979,49.880026],[8.010876,49.880055],[8.010904,49.880056],[8.010904,49.880074],[8.010817,49.881361],[8.010389,49.882463],[8.009956,49.883194],[8.00999,49.883201],[8.012264,49.883591],[8.013388,49.883784],[8.013443,49.883793],[8.016121,49.884248],[8.016169,49.884256],[8.018662,49.885193],[8.018704,49.885209],[8.021194,49.886144],[8.021238,49.88616],[8.023583,49.887043],[8.023641,49.887065],[8.023666,49.887074],[8.023692,49.887059],[8.026492,49.885343],[8.026624,49.885393],[8.029119,49.886335],[8.029133,49.886319],[8.030506,49.884799],[8.030507,49.884798],[8.03057,49.884779],[8.03065,49.884754],[8.030728,49.88473],[8.030758,49.884719],[8.03101,49.884606],[8.031262,49.884493],[8.031428,49.884446],[8.032718,49.884077],[8.033926,49.88372],[8.034781,49.882714],[8.035238,49.882156],[8.035383,49.881978],[8.035861,49.88074],[8.035823,49.880031],[8.035722,49.879071],[8.035627,49.878688],[8.035318,49.877447],[8.035476,49.876655],[8.035883,49.875978],[8.035884,49.875977],[8.035897,49.875955],[8.03566,49.875877],[8.035027,49.875611],[8.034814,49.875499],[8.034648,49.8754],[8.034369,49.875215],[8.034353,49.875204],[8.034033,49.87501],[8.03322,49.874515],[8.032955,49.874363],[8.032767,49.874255],[8.032163,49.873848],[8.031547,49.873344],[8.030947,49.873104],[8.030785,49.873039],[8.030448,49.872926],[8.029656,49.872612],[8.028702,49.872206],[8.028195,49.871991],[8.0272,49.871628],[8.026604,49.871432],[8.026522,49.871405],[8.026507,49.8714],[8.026246,49.871314],[8.026192,49.871296],[8.023898,49.870867],[8.023851,49.870858],[8.023775,49.870844],[8.023748,49.870839]]]},"$schema":null,"$context":null},{"type":"Feature","properties":{"gml_id":"gemeinde_rlp.5","gid":5,"datum":"16.07.26","region":"Rheinland-Pfalz","gmdesch":143502,"gemeinde":"M\u00e4hren","vgnr":14308,"vbgmde":"Wallmerod","vgname":"Wallmerod (14308)","kreissch":143,"ldkreis":"Westerwaldkreis","amtsgrcht":"Westerburg","finanzamt":"Montabaur-Diez","kanr":9100,"katamt":"Westerwald-Taunus","katurl":"https:\/\/vermka-westerwald-taunus.rlp.de","guta":800,"gutaurl":"https:\/\/gutachterausschuesse.rlp.de\/service\/gutachterausschuesse-fuer-grundstueckswerte\/","ags":714308502,"gemtyp":"Gemeinde","kreistyp":"Landkreis"},"bbox":[7.906177,50.515997,7.937268,50.527733],"geometry":{"type":"Polygon","coordinates":[[[7.917261,50.525466],[7.917528,50.525508],[7.91787,50.525562],[7.918241,50.52562],[7.918269,50.525625],[7.918561,50.52567],[7.918713,50.525694],[7.918873,50.525719],[7.919047,50.525746],[7.919393,50.5258],[7.919639,50.525839],[7.919954,50.525888],[7.919997,50.525895],[7.920235,50.525929],[7.920345,50.525931],[7.920642,50.525937],[7.920685,50.525938],[7.92083,50.525941],[7.921062,50.525941],[7.921076,50.525941],[7.921327,50.525948],[7.921484,50.525948],[7.921861,50.525949],[7.921975,50.52595],[7.923093,50.525955],[7.923142,50.525955],[7.923136,50.525993],[7.925154,50.526367],[7.925195,50.526375],[7.925913,50.526508],[7.926075,50.526538],[7.926938,50.525895],[7.926956,50.525882],[7.928655,50.526816],[7.928745,50.526865],[7.928819,50.526906],[7.928063,50.527472],[7.928281,50.527598],[7.92841,50.527673],[7.928514,50.527733],[7.929938,50.527048],[7.930773,50.52766],[7.930837,50.527708],[7.93095,50.52769],[7.932164,50.527193],[7.934027,50.526487],[7.934799,50.526044],[7.935022,50.525768],[7.93535,50.525043],[7.935547,50.5246],[7.935853,50.523913],[7.936277,50.522846],[7.936326,50.522752],[7.936242,50.522706],[7.935604,50.52235],[7.935052,50.522042],[7.934975,50.521825],[7.934905,50.52174],[7.935196,50.521651],[7.935552,50.521497],[7.935878,50.521213],[7.93639,50.520711],[7.93676,50.520188],[7.936937,50.519814],[7.937038,50.519152],[7.937046,50.518706],[7.937268,50.518316],[7.936755,50.518303],[7.936152,50.518186],[7.935032,50.518459],[7.934176,50.518667],[7.933396,50.518931],[7.933404,50.518918],[7.93339,50.518923],[7.933289,50.518957],[7.933189,50.518688],[7.933184,50.518675],[7.93316,50.518613],[7.933146,50.518574],[7.933111,50.51848],[7.933093,50.518483],[7.932987,50.518497],[7.932891,50.518511],[7.931874,50.518649],[7.931389,50.518642],[7.93056,50.518628],[7.929854,50.518616],[7.928661,50.518596],[7.927586,50.518578],[7.927597,50.518631],[7.9276,50.518645],[7.927613,50.518708],[7.92668,50.518847],[7.926303,50.518903],[7.925801,50.518978],[7.925719,50.51899],[7.925154,50.519074],[7.925324,50.51963],[7.925331,50.519652],[7.923742,50.519633],[7.921275,50.519313],[7.921155,50.519298],[7.921011,50.519277],[7.920993,50.519275],[7.920159,50.519154],[7.920161,50.51913],[7.920204,50.518371],[7.920245,50.517666],[7.91964,50.517673],[7.919098,50.51768],[7.918659,50.517685],[7.91849,50.517665],[7.918333,50.517647],[7.917574,50.517558],[7.917849,50.516962],[7.918075,50.516469],[7.917419,50.51635],[7.916958,50.516267],[7.916798,50.516255],[7.916337,50.516222],[7.915881,50.516189],[7.915421,50.516155],[7.915264,50.516144],[7.915208,50.516139],[7.914917,50.516118],[7.914712,50.516104],[7.914385,50.51608],[7.91436,50.516081],[7.913842,50.516104],[7.912951,50.516142],[7.912315,50.51617],[7.912313,50.516162],[7.912252,50.515997],[7.912183,50.516006],[7.911047,50.516148],[7.91054,50.516212],[7.910454,50.516223],[7.910566,50.516287],[7.910742,50.516416],[7.91087,50.516569],[7.911041,50.516853],[7.911066,50.516895],[7.911142,50.516974],[7.911156,50.516988],[7.911428,50.517155],[7.911395,50.517168],[7.910809,50.5174],[7.910752,50.517423],[7.910822,50.517797],[7.910873,50.518331],[7.910929,50.518865],[7.911041,50.518999],[7.911202,50.519076],[7.911441,50.519091],[7.911536,50.519096],[7.911683,50.519314],[7.911629,50.519535],[7.911713,50.519745],[7.91166,50.519944],[7.911148,50.519983],[7.910994,50.520012],[7.910848,50.52004],[7.910824,50.520044],[7.910664,50.520075],[7.910556,50.520095],[7.910487,50.520108],[7.910316,50.520104],[7.910057,50.520081],[7.909812,50.519969],[7.909784,50.519956],[7.90971,50.519978],[7.909345,50.520088],[7.909162,50.520143],[7.909119,50.52032],[7.909117,50.52033],[7.908998,50.520827],[7.908956,50.521],[7.908797,50.521665],[7.908733,50.521932],[7.908036,50.52222],[7.907303,50.522523],[7.907232,50.522552],[7.906647,50.522717],[7.906438,50.522776],[7.90626,50.522826],[7.906177,50.52285],[7.906445,50.522902],[7.906527,50.522916],[7.90728,50.523058],[7.908333,50.523257],[7.90919,50.522914],[7.909253,50.522889],[7.909242,50.522883],[7.909644,50.522365],[7.909784,50.522396],[7.909919,50.52255],[7.910136,50.522871],[7.910328,50.522995],[7.910454,50.523429],[7.910637,50.523577],[7.911425,50.523371],[7.9117,50.52347],[7.912813,50.523872],[7.913897,50.523976],[7.913959,50.523966],[7.91567,50.523682],[7.915548,50.523971],[7.916589,50.524012],[7.916982,50.525129],[7.916829,50.525398],[7.917193,50.525455],[7.917261,50.525466]]]},"$schema":null,"$context":null},{"type":"Feature","properties":{"gml_id":"gemeinde_rlp.6","gid":6,"datum":"16.07.26","region":"Rheinland-Pfalz","gmdesch":143008,"gemeinde":"Daubach","vgnr":14304,"vbgmde":"Montabaur","vgname":"Montabaur (14304)","kreissch":143,"ldkreis":"Westerwaldkreis","amtsgrcht":"Montabaur","finanzamt":"Montabaur-Diez","kanr":9100,"katamt":"Westerwald-Taunus","katurl":"https:\/\/vermka-westerwald-taunus.rlp.de","guta":800,"gutaurl":"https:\/\/gutachterausschuesse.rlp.de\/service\/gutachterausschuesse-fuer-grundstueckswerte\/","ags":714304008,"gemtyp":"Gemeinde","kreistyp":"Landkreis"},"bbox":[7.824562,50.376118,7.854664,50.396635],"geometry":{"type":"Polygon","coordinates":[[[7.852556,50.392329],[7.852616,50.392281],[7.852653,50.392253],[7.852948,50.392022],[7.85285,50.391939],[7.852757,50.391861],[7.852688,50.391802],[7.852598,50.391726],[7.852541,50.391678],[7.852486,50.391632],[7.852434,50.391587],[7.852398,50.391557],[7.852356,50.391521],[7.852303,50.391477],[7.852246,50.391428],[7.852202,50.391391],[7.852158,50.391354],[7.852097,50.391303],[7.852064,50.391275],[7.852027,50.391244],[7.851993,50.391215],[7.85192,50.391153],[7.851854,50.391097],[7.85179,50.391043],[7.851768,50.391024],[7.851791,50.391001],[7.851831,50.390962],[7.852364,50.390443],[7.853097,50.390023],[7.853129,50.390005],[7.853946,50.389536],[7.854617,50.38892],[7.854638,50.388901],[7.854664,50.388877],[7.854504,50.388806],[7.854344,50.388734],[7.854182,50.388662],[7.853846,50.388512],[7.8538,50.388491],[7.853783,50.388519],[7.852974,50.388145],[7.852946,50.388132],[7.852453,50.387903],[7.852335,50.38785],[7.852268,50.387836],[7.852354,50.387424],[7.852535,50.38707],[7.85262,50.386636],[7.852452,50.386307],[7.852412,50.38547],[7.85221,50.384971],[7.852228,50.384788],[7.852278,50.38469],[7.852653,50.384284],[7.852724,50.383862],[7.852711,50.383857],[7.852663,50.383836],[7.852639,50.383825],[7.852475,50.383754],[7.85217,50.383621],[7.852018,50.383555],[7.851942,50.383522],[7.851803,50.383461],[7.851778,50.38345],[7.851745,50.383436],[7.851636,50.383552],[7.851344,50.383704],[7.851323,50.383715],[7.851208,50.38377],[7.851183,50.383767],[7.85115,50.383763],[7.850567,50.383697],[7.849582,50.383582],[7.848521,50.3833],[7.847803,50.38311],[7.847801,50.38308],[7.847793,50.382908],[7.84756,50.382841],[7.847467,50.382815],[7.847298,50.382766],[7.847216,50.382721],[7.847106,50.382659],[7.846859,50.382521],[7.846841,50.382523],[7.846769,50.382529],[7.846291,50.382571],[7.846265,50.382574],[7.846217,50.382578],[7.846197,50.38258],[7.846139,50.38258],[7.844721,50.382586],[7.843254,50.382866],[7.841428,50.382808],[7.839727,50.382936],[7.837518,50.382963],[7.836709,50.382763],[7.834948,50.381893],[7.83474,50.381392],[7.834968,50.381008],[7.835707,50.380502],[7.837192,50.380423],[7.83719,50.3804],[7.837152,50.379912],[7.83715,50.379898],[7.837128,50.379612],[7.837127,50.379603],[7.83712,50.379516],[7.837109,50.379371],[7.8371,50.379263],[7.837088,50.379103],[7.837073,50.378914],[7.837067,50.378844],[7.836807,50.378758],[7.836616,50.378695],[7.836498,50.378655],[7.836172,50.378548],[7.835844,50.378439],[7.835711,50.378395],[7.835554,50.378298],[7.835534,50.378286],[7.835186,50.378071],[7.834956,50.377929],[7.834708,50.377776],[7.834605,50.377712],[7.834432,50.377606],[7.834263,50.377501],[7.834072,50.377383],[7.83384,50.377241],[7.833676,50.3772],[7.833658,50.377195],[7.833425,50.377137],[7.832862,50.376997],[7.83239,50.376953],[7.832189,50.376934],[7.831521,50.376887],[7.831521,50.376901],[7.831523,50.376941],[7.830887,50.377035],[7.830651,50.376881],[7.830478,50.37677],[7.830147,50.376531],[7.829518,50.376433],[7.829481,50.376427],[7.829429,50.376419],[7.828843,50.376327],[7.827497,50.376118],[7.82793,50.377381],[7.828423,50.378208],[7.828768,50.379071],[7.828897,50.379695],[7.828951,50.379939],[7.829006,50.380827],[7.829282,50.381698],[7.829897,50.382864],[7.830415,50.383811],[7.831451,50.384582],[7.832719,50.385114],[7.833801,50.385669],[7.834835,50.386311],[7.834803,50.386341],[7.833757,50.387303],[7.833384,50.387706],[7.833042,50.38804],[7.832524,50.388413],[7.8325,50.38843],[7.832403,50.388506],[7.832031,50.388796],[7.831155,50.389184],[7.828561,50.390092],[7.827522,50.389244],[7.827164,50.388608],[7.826384,50.387101],[7.825862,50.387197],[7.824712,50.38768],[7.824646,50.387708],[7.824562,50.388056],[7.824594,50.388155],[7.824785,50.388313],[7.825019,50.388673],[7.825071,50.388955],[7.825229,50.389292],[7.82544,50.389487],[7.825671,50.389904],[7.825875,50.389988],[7.826282,50.390338],[7.826207,50.390453],[7.826167,50.39049],[7.825984,50.390655],[7.825682,50.390929],[7.825652,50.391458],[7.825777,50.391439],[7.825882,50.391451],[7.826386,50.391514],[7.826882,50.391628],[7.827079,50.391677],[7.827501,50.391784],[7.827614,50.391835],[7.82799,50.392004],[7.828138,50.391983],[7.828431,50.391942],[7.829286,50.391599],[7.830037,50.391299],[7.830296,50.391598],[7.830856,50.39218],[7.831596,50.392778],[7.832005,50.393204],[7.832632,50.393765],[7.833015,50.394048],[7.833633,50.394468],[7.83263,50.394839],[7.832583,50.394939],[7.832852,50.395276],[7.833077,50.395607],[7.833266,50.395943],[7.833477,50.396276],[7.833684,50.39655],[7.834846,50.396271],[7.839157,50.395252],[7.840961,50.396635],[7.841048,50.396562],[7.841843,50.395904],[7.843034,50.394851],[7.843123,50.394877],[7.843869,50.3951],[7.84392,50.395115],[7.846342,50.395839],[7.84641,50.39585],[7.847409,50.396004],[7.84838,50.396154],[7.84844,50.396163],[7.848471,50.395917],[7.848348,50.395667],[7.84852,50.395714],[7.848786,50.395792],[7.848937,50.395836],[7.849089,50.395881],[7.849245,50.395926],[7.849376,50.395965],[7.849511,50.396004],[7.849658,50.396047],[7.849843,50.396101],[7.850007,50.396149],[7.850235,50.396216],[7.850404,50.396266],[7.850417,50.39627],[7.850426,50.396246],[7.850441,50.396208],[7.850456,50.396172],[7.85061,50.395785],[7.850613,50.395777],[7.850804,50.395298],[7.850818,50.395263],[7.850947,50.394579],[7.850956,50.394532],[7.850961,50.394503],[7.85097,50.394456],[7.850986,50.394371],[7.851104,50.393743],[7.851154,50.393478],[7.851189,50.39345],[7.852556,50.392329]]]},"$schema":null,"$context":null},{"type":"Feature","properties":{"gml_id":"gemeinde_rlp.7","gid":7,"datum":"16.07.26","region":"Rheinland-Pfalz","gmdesch":140150,"gemeinde":"Tiefenbach","vgnr":14008,"vbgmde":"Simmern-Rheinb\u00f6llen","vgname":"Simmern-Rheinb\u00f6llen (14008)","kreissch":140,"ldkreis":"Rhein-Hunsr\u00fcck-Kreis","amtsgrcht":"Simmern\/Hunsr\u00fcck","finanzamt":"Simmern-Zell","kanr":5750,"katamt":"Osteifel-Hunsr\u00fcck","katurl":"https:\/\/vermka-osteifel-hunsrueck.rlp.de","guta":720,"gutaurl":"https:\/\/gutachterausschuesse.rlp.de\/service\/gutachterausschuesse-fuer-grundstueckswerte\/","ags":714008150,"gemtyp":"Gemeinde","kreistyp":"Landkreis"},"bbox":[7.524709,49.91948,7.566963,49.950215],"geometry":{"type":"Polygon","coordinates":[[[7.562688,49.945276],[7.563333,49.944651],[7.564127,49.943503],[7.566064,49.942581],[7.566963,49.942124],[7.566283,49.939319],[7.565709,49.938063],[7.565577,49.937776],[7.565334,49.937609],[7.564787,49.937238],[7.564758,49.937218],[7.563838,49.936592],[7.563275,49.936326],[7.562915,49.936172],[7.562875,49.936155],[7.561808,49.935699],[7.561785,49.935689],[7.561748,49.935673],[7.561511,49.935449],[7.561481,49.935421],[7.560858,49.934833],[7.558721,49.934448],[7.55856,49.934419],[7.557697,49.934264],[7.555675,49.933091],[7.555821,49.932972],[7.553165,49.931997],[7.553039,49.93195],[7.554206,49.93096],[7.555269,49.929665],[7.556689,49.927775],[7.55917,49.925405],[7.561274,49.923764],[7.561317,49.923735],[7.561435,49.92359],[7.561779,49.923167],[7.561804,49.923135],[7.561787,49.923126],[7.561708,49.923083],[7.555154,49.921355],[7.551886,49.920503],[7.549797,49.91948],[7.549175,49.920403],[7.548383,49.921579],[7.547745,49.922511],[7.547248,49.923246],[7.546994,49.923622],[7.546469,49.924351],[7.546444,49.924385],[7.546194,49.924715],[7.546275,49.924668],[7.546131,49.924887],[7.546019,49.925058],[7.545437,49.925125],[7.544876,49.925303],[7.544769,49.925179],[7.544295,49.925249],[7.543688,49.925241],[7.543186,49.925058],[7.543091,49.92512],[7.54286,49.925139],[7.54274,49.925266],[7.542603,49.925218],[7.54239,49.925217],[7.542146,49.925366],[7.541891,49.925352],[7.541692,49.92517],[7.541366,49.925199],[7.541343,49.92499],[7.541092,49.925051],[7.540894,49.925006],[7.540708,49.924996],[7.540412,49.925087],[7.540265,49.925071],[7.540068,49.925215],[7.539893,49.925215],[7.53977,49.925319],[7.539268,49.925373],[7.539128,49.925348],[7.538649,49.925487],[7.538473,49.92549],[7.538259,49.925765],[7.537821,49.92598],[7.537753,49.926009],[7.53707,49.926176],[7.536801,49.925781],[7.53652,49.925713],[7.53597,49.925968],[7.536237,49.926374],[7.536034,49.926424],[7.535673,49.926512],[7.5354,49.926575],[7.534902,49.926175],[7.534497,49.925768],[7.534361,49.925495],[7.534339,49.925452],[7.533539,49.9255],[7.533189,49.92562],[7.532572,49.925851],[7.532566,49.925947],[7.532565,49.926006],[7.532606,49.926109],[7.53284,49.926511],[7.533081,49.926678],[7.533476,49.926924],[7.533506,49.926943],[7.532884,49.927495],[7.532907,49.927531],[7.532896,49.927571],[7.533117,49.927595],[7.533508,49.927636],[7.533195,49.927957],[7.533189,49.927975],[7.533491,49.928036],[7.533478,49.928053],[7.533157,49.928317],[7.533265,49.928368],[7.533223,49.928392],[7.53331,49.928482],[7.533327,49.928604],[7.533265,49.928921],[7.532998,49.929031],[7.532796,49.92898],[7.532531,49.929171],[7.532374,49.929228],[7.532065,49.929431],[7.531694,49.929847],[7.531458,49.93006],[7.531372,49.930114],[7.531249,49.930172],[7.531641,49.930733],[7.531657,49.93076],[7.531853,49.931034],[7.532163,49.930964],[7.532111,49.931045],[7.531903,49.932063],[7.531299,49.932661],[7.530419,49.932512],[7.5304,49.932546],[7.530278,49.932741],[7.529984,49.933171],[7.529499,49.93369],[7.529196,49.934079],[7.52917,49.934113],[7.528938,49.934094],[7.528688,49.934088],[7.528214,49.934056],[7.527686,49.933983],[7.527158,49.933924],[7.527119,49.93392],[7.527102,49.933918],[7.527044,49.934356],[7.52698,49.934786],[7.527099,49.935001],[7.527348,49.935275],[7.527571,49.935271],[7.527748,49.935269],[7.527982,49.935324],[7.527487,49.935806],[7.527303,49.93638],[7.527239,49.936455],[7.526595,49.936849],[7.526861,49.93716],[7.526744,49.937187],[7.526493,49.937224],[7.526359,49.937193],[7.526409,49.937265],[7.526506,49.937401],[7.52652,49.937451],[7.526429,49.937473],[7.526395,49.937481],[7.526286,49.937511],[7.526217,49.937531],[7.526248,49.937565],[7.526056,49.937771],[7.525954,49.937879],[7.525883,49.937956],[7.52561,49.938114],[7.525269,49.938338],[7.525088,49.938456],[7.525004,49.938511],[7.524883,49.938594],[7.524798,49.938652],[7.524709,49.938714],[7.52481,49.938762],[7.528237,49.94042],[7.528391,49.940498],[7.530095,49.941422],[7.531696,49.9423],[7.531711,49.942367],[7.53172,49.942423],[7.531728,49.942493],[7.534032,49.943797],[7.534122,49.943802],[7.534004,49.943847],[7.533908,49.943883],[7.533218,49.944146],[7.534529,49.945093],[7.536489,49.946505],[7.536807,49.946728],[7.536931,49.946799],[7.537026,49.946805],[7.537153,49.946738],[7.538012,49.945903],[7.538126,49.945973],[7.53823,49.946036],[7.539133,49.946581],[7.540035,49.947126],[7.540099,49.947165],[7.540314,49.94709],[7.540506,49.947023],[7.540668,49.946966],[7.54073,49.946945],[7.540807,49.946903],[7.542765,49.948154],[7.54335,49.948152],[7.543805,49.948086],[7.544181,49.948031],[7.544781,49.948015],[7.544791,49.947945],[7.544936,49.947867],[7.546332,49.947367],[7.546548,49.947138],[7.546774,49.946671],[7.547448,49.946445],[7.547605,49.94643],[7.547742,49.946439],[7.547971,49.94651],[7.548244,49.946552],[7.548355,49.94657],[7.54847,49.946396],[7.548525,49.946314],[7.549159,49.946966],[7.5492,49.946973],[7.549262,49.947067],[7.549356,49.946979],[7.54972,49.94711],[7.550178,49.94728],[7.550303,49.947274],[7.550394,49.94727],[7.550627,49.947259],[7.55068,49.947256],[7.551324,49.947302],[7.551642,49.947326],[7.551673,49.947322],[7.551722,49.947445],[7.55181,49.947538],[7.552065,49.947689],[7.552289,49.947793],[7.552537,49.94785],[7.552799,49.947916],[7.553118,49.948038],[7.553437,49.948015],[7.55377,49.947866],[7.55384,49.947848],[7.553889,49.947841],[7.553977,49.947907],[7.554413,49.94819],[7.554483,49.948237],[7.554582,49.948274],[7.554776,49.94832],[7.554961,49.948339],[7.555174,49.948402],[7.555311,49.948495],[7.555414,49.948625],[7.555483,49.948767],[7.555589,49.949785],[7.555596,49.949844],[7.555619,49.949933],[7.555757,49.950169],[7.555783,49.950163],[7.556038,49.950215],[7.557741,49.949403],[7.557817,49.949359],[7.558566,49.948921],[7.559926,49.948126],[7.560622,49.947719],[7.563738,49.946246],[7.562635,49.945327],[7.562688,49.945276]]]},"$schema":null,"$context":null},{"type":"Feature","properties":{"gml_id":"gemeinde_rlp.8","gid":8,"datum":"16.07.26","region":"Rheinland-Pfalz","gmdesch":336047,"gemeinde":"H\u00fcffler","vgnr":33609,"vbgmde":"Oberes Glantal","vgname":"Oberes Glantal (33609)","kreissch":336,"ldkreis":"Kusel","amtsgrcht":"Kusel","finanzamt":"Kusel-Landstuhl","kanr":9400,"katamt":"Westpfalz","katurl":"https:\/\/vermka-westpfalz.rlp.de","guta":820,"gutaurl":"https:\/\/gutachterausschuesse.rlp.de\/service\/gutachterausschuesse-fuer-grundstueckswerte\/","ags":733609047,"gemtyp":"Gemeinde","kreistyp":"Landkreis"},"bbox":[7.372013,49.482701,7.407356,49.506005],"geometry":{"type":"Polygon","coordinates":[[[7.400383,49.494619],[7.40012,49.494275],[7.400044,49.494176],[7.400011,49.494133],[7.399939,49.494039],[7.399593,49.493586],[7.399321,49.49374],[7.399133,49.493886],[7.398787,49.494128],[7.398663,49.493931],[7.398523,49.493709],[7.398267,49.493252],[7.398191,49.493117],[7.397715,49.49225],[7.397102,49.491474],[7.396703,49.490969],[7.396512,49.490727],[7.396457,49.490655],[7.396314,49.490673],[7.396178,49.490023],[7.396055,49.489438],[7.395302,49.488558],[7.395167,49.488401],[7.395084,49.488304],[7.395003,49.48821],[7.394906,49.488095],[7.39445,49.487563],[7.394243,49.487385],[7.394136,49.487315],[7.393697,49.487025],[7.393098,49.48663],[7.393059,49.486604],[7.392303,49.486105],[7.391931,49.48586],[7.391522,49.485589],[7.390904,49.485195],[7.390855,49.485164],[7.390766,49.485107],[7.390417,49.484885],[7.389621,49.484381],[7.389446,49.484269],[7.389204,49.484114],[7.389065,49.484025],[7.388762,49.483799],[7.387284,49.482701],[7.386776,49.483052],[7.386625,49.483156],[7.3863,49.483379],[7.38608,49.483532],[7.38587,49.483676],[7.385797,49.483732],[7.385397,49.484037],[7.385339,49.484081],[7.385078,49.484279],[7.384714,49.484556],[7.384585,49.484655],[7.384498,49.484721],[7.38425,49.485007],[7.384307,49.485165],[7.38403,49.485514],[7.383983,49.48566],[7.383972,49.485696],[7.383879,49.485984],[7.383834,49.486077],[7.383827,49.486093],[7.383351,49.487091],[7.383344,49.487105],[7.38321,49.487386],[7.38315,49.487512],[7.383126,49.487563],[7.382817,49.488212],[7.38276,49.48833],[7.382671,49.488518],[7.382457,49.488967],[7.382378,49.489083],[7.382216,49.48923],[7.381984,49.489439],[7.38156,49.489824],[7.381054,49.490278],[7.380974,49.49035],[7.380937,49.490384],[7.380729,49.490573],[7.379975,49.491204],[7.379941,49.491266],[7.37992,49.491304],[7.379918,49.491308],[7.379872,49.491394],[7.379645,49.491807],[7.379606,49.491877],[7.379402,49.492255],[7.379361,49.492329],[7.379083,49.492838],[7.379067,49.492867],[7.378884,49.493203],[7.378667,49.493599],[7.378564,49.493735],[7.378533,49.493696],[7.377097,49.495363],[7.377049,49.495395],[7.377008,49.495422],[7.376959,49.495455],[7.376894,49.495478],[7.376861,49.495489],[7.376294,49.495691],[7.375992,49.495799],[7.375626,49.49593],[7.375553,49.495956],[7.375458,49.49599],[7.374919,49.496182],[7.374603,49.496295],[7.374422,49.496359],[7.374222,49.496431],[7.373956,49.496525],[7.373877,49.496503],[7.373936,49.496624],[7.375052,49.498425],[7.375146,49.498532],[7.375084,49.498592],[7.374966,49.498564],[7.374927,49.498554],[7.374667,49.498584],[7.374247,49.498631],[7.373513,49.498747],[7.372384,49.498899],[7.372138,49.49888],[7.372067,49.49903],[7.372052,49.499064],[7.372013,49.499148],[7.372121,49.499334],[7.372249,49.499313],[7.3725,49.499273],[7.372822,49.499293],[7.373123,49.499288],[7.373758,49.499296],[7.374112,49.499305],[7.374613,49.4993],[7.375439,49.500139],[7.37551,49.500222],[7.375601,49.500326],[7.37563,49.500359],[7.37568,49.500417],[7.375716,49.500459],[7.375818,49.500576],[7.375847,49.500609],[7.375881,49.500647],[7.375539,49.500814],[7.375502,49.500883],[7.375581,49.501047],[7.375609,49.501106],[7.375691,49.501244],[7.375857,49.501397],[7.37604,49.501566],[7.376339,49.501838],[7.37644,49.50193],[7.376812,49.502269],[7.37685,49.502357],[7.376897,49.502468],[7.376921,49.502522],[7.376978,49.502655],[7.377098,49.502934],[7.377132,49.503013],[7.377167,49.503095],[7.377196,49.50316],[7.377203,49.503177],[7.377256,49.5033],[7.377345,49.503509],[7.377371,49.503568],[7.377378,49.503585],[7.377441,49.503731],[7.377478,49.503817],[7.37749,49.503844],[7.377518,49.503909],[7.377557,49.504],[7.37756,49.504008],[7.377627,49.504163],[7.377886,49.504165],[7.379901,49.504183],[7.379975,49.504184],[7.380421,49.504189],[7.381903,49.504174],[7.383177,49.504185],[7.383302,49.504187],[7.383579,49.504189],[7.38491,49.504182],[7.385929,49.504174],[7.386546,49.504169],[7.387139,49.504155],[7.387634,49.504135],[7.387701,49.504132],[7.387758,49.504129],[7.388003,49.504119],[7.38807,49.504116],[7.388131,49.504112],[7.38823,49.504105],[7.388345,49.504097],[7.388757,49.504069],[7.389237,49.504036],[7.389621,49.50401],[7.38989,49.504065],[7.38998,49.504084],[7.390074,49.504104],[7.390408,49.504173],[7.391103,49.504316],[7.391494,49.504396],[7.391654,49.50443],[7.391687,49.504436],[7.391893,49.504478],[7.391889,49.504508],[7.392181,49.50454],[7.392182,49.504576],[7.392187,49.504721],[7.392165,49.505028],[7.392168,49.505104],[7.392232,49.505163],[7.392275,49.505167],[7.392647,49.505203],[7.393728,49.505408],[7.394397,49.505535],[7.395014,49.50564],[7.395552,49.505731],[7.395765,49.505714],[7.39672,49.505352],[7.396803,49.50532],[7.397775,49.505328],[7.398458,49.50536],[7.398649,49.505385],[7.399313,49.50547],[7.39962,49.50552],[7.399741,49.505539],[7.401074,49.505756],[7.401135,49.505766],[7.40126,49.505785],[7.403536,49.506],[7.403547,49.505995],[7.403649,49.505952],[7.403757,49.505906],[7.403841,49.505958],[7.404195,49.506005],[7.404058,49.504034],[7.404508,49.504035],[7.405879,49.504039],[7.406344,49.504041],[7.407243,49.504045],[7.407297,49.504045],[7.407356,49.504045],[7.407334,49.503967],[7.407289,49.503834],[7.40724,49.503691],[7.407133,49.503402],[7.407111,49.50335],[7.407042,49.503185],[7.407006,49.5031],[7.40687,49.502776],[7.406744,49.502462],[7.406688,49.502324],[7.406657,49.502247],[7.406628,49.502173],[7.406587,49.502072],[7.406513,49.501887],[7.406441,49.501708],[7.40641,49.501632],[7.40638,49.501558],[7.406351,49.501486],[7.406297,49.501351],[7.406288,49.501328],[7.406257,49.501246],[7.406245,49.501212],[7.406233,49.501179],[7.406184,49.501046],[7.406131,49.500905],[7.406095,49.500806],[7.406082,49.500771],[7.406028,49.500626],[7.405977,49.500489],[7.40595,49.50042],[7.405942,49.500399],[7.405928,49.500349],[7.405869,49.500215],[7.405812,49.500084],[7.405781,49.500014],[7.405753,49.49995],[7.405712,49.499815],[7.405665,49.499693],[7.405618,49.499571],[7.405575,49.499454],[7.405533,49.49934],[7.405491,49.499226],[7.405452,49.499119],[7.405409,49.499005],[7.405521,49.498918],[7.405646,49.498821],[7.405678,49.498797],[7.405716,49.498767],[7.405874,49.498645],[7.406044,49.498512],[7.406712,49.497445],[7.406735,49.497421],[7.407197,49.496933],[7.407356,49.496764],[7.407301,49.49676],[7.407248,49.496756],[7.407178,49.496755],[7.407123,49.496753],[7.407041,49.496738],[7.406836,49.496672],[7.406724,49.496644],[7.406545,49.496599],[7.406531,49.496594],[7.406492,49.49658],[7.406446,49.496552],[7.406423,49.496534],[7.406274,49.496411],[7.40622,49.496388],[7.406201,49.496383],[7.40613,49.496371],[7.406043,49.496361],[7.405961,49.496356],[7.405866,49.496343],[7.405805,49.496328],[7.405786,49.496323],[7.405751,49.496308],[7.405724,49.49629],[7.405504,49.496114],[7.405475,49.496095],[7.405424,49.49607],[7.405357,49.496044],[7.405255,49.495999],[7.405187,49.495963],[7.40516,49.495949],[7.405131,49.49593],[7.405107,49.495909],[7.405025,49.495816],[7.404972,49.495777],[7.404893,49.495736],[7.404852,49.495717],[7.404845,49.495715],[7.404526,49.495627],[7.404514,49.495622],[7.40444,49.495588],[7.404314,49.495511],[7.404298,49.4955],[7.4042,49.495429],[7.404135,49.49539],[7.404114,49.495375],[7.404055,49.495331],[7.404009,49.495297],[7.403942,49.495253],[7.403908,49.495235],[7.403861,49.495217],[7.4038,49.495201],[7.403724,49.495188],[7.403643,49.495174],[7.403478,49.495146],[7.403416,49.495131],[7.403343,49.495105],[7.403269,49.495074],[7.403169,49.495031],[7.403154,49.495026],[7.403102,49.495011],[7.40308,49.495008],[7.403059,49.495006],[7.403025,49.495006],[7.40295,49.495006],[7.402894,49.495004],[7.402869,49.495003],[7.402783,49.494998],[7.402696,49.495001],[7.402657,49.495002],[7.402606,49.494995],[7.402496,49.494987],[7.402475,49.494983],[7.402422,49.494974],[7.402318,49.494962],[7.402213,49.494942],[7.40207,49.494915],[7.401987,49.494905],[7.401914,49.494906],[7.40188,49.494906],[7.401791,49.494912],[7.401608,49.494933],[7.401603,49.494933],[7.401562,49.494938],[7.401417,49.494933],[7.401268,49.49499],[7.401244,49.495041],[7.401233,49.495067],[7.401214,49.495072],[7.401051,49.495123],[7.400825,49.495194],[7.400648,49.494964],[7.400524,49.494803],[7.400468,49.49473],[7.400383,49.494619]]]},"$schema":null,"$context":null},{"type":"Feature","properties":{"gml_id":"gemeinde_rlp.9","gid":9,"datum":"16.07.26","region":"Rheinland-Pfalz","gmdesch":232034,"gemeinde":"E\u00dflingen","vgnr":23208,"vbgmde":"Bitburger Land","vgname":"Bitburger Land (23208)","kreissch":232,"ldkreis":"Eifelkreis Bitburg-Pr\u00fcm","amtsgrcht":"Bitburg","finanzamt":"Bitburg-Pr\u00fcm","kanr":8750,"katamt":"Westeifel-Mosel","katurl":"https:\/\/vermka-westeifel-mosel.rlp.de","guta":780,"gutaurl":"https:\/\/gutachterausschuesse.rlp.de\/service\/gutachterausschuesse-fuer-grundstueckswerte\/","ags":723208034,"gemtyp":"Gemeinde","kreistyp":"Landkreis"},"bbox":[6.504587,49.900857,6.552102,49.924003],"geometry":{"type":"Polygon","coordinates":[[[6.538254,49.916742],[6.538343,49.91693],[6.538353,49.916953],[6.538377,49.916934],[6.538433,49.916886],[6.53848,49.916875],[6.538539,49.916861],[6.538922,49.916914],[6.538942,49.916917],[6.539284,49.916964],[6.53959,49.917029],[6.539755,49.917082],[6.539766,49.917086],[6.539896,49.917128],[6.539933,49.917145],[6.540004,49.917178],[6.540254,49.91732],[6.540429,49.91746],[6.540466,49.917489],[6.540643,49.917651],[6.540715,49.917717],[6.540782,49.917769],[6.541141,49.918051],[6.541509,49.918359],[6.541588,49.918429],[6.541807,49.918623],[6.542022,49.918808],[6.54218,49.918947],[6.542251,49.91901],[6.542425,49.919202],[6.542475,49.919257],[6.542799,49.919641],[6.542933,49.91983],[6.54314,49.920123],[6.543181,49.920182],[6.543255,49.920267],[6.543355,49.920382],[6.543554,49.920384],[6.543556,49.920356],[6.543559,49.920319],[6.543609,49.920273],[6.543727,49.920165],[6.544695,49.919278],[6.545256,49.918764],[6.545356,49.918672],[6.545368,49.918724],[6.546583,49.919335],[6.54693,49.919509],[6.547696,49.919895],[6.548085,49.919922],[6.549102,49.919995],[6.549546,49.920026],[6.549998,49.920058],[6.550374,49.920085],[6.550994,49.920129],[6.551053,49.919831],[6.551041,49.919555],[6.551003,49.919266],[6.550998,49.919229],[6.550993,49.919193],[6.550989,49.919156],[6.551012,49.919126],[6.548825,49.917654],[6.548786,49.917628],[6.548664,49.917546],[6.547879,49.916768],[6.547813,49.916699],[6.548229,49.916457],[6.548505,49.916349],[6.549073,49.916218],[6.549493,49.916276],[6.54993,49.916326],[6.550387,49.916378],[6.550743,49.916391],[6.55167,49.916268],[6.551904,49.916022],[6.552042,49.915756],[6.552064,49.915713],[6.552102,49.915659],[6.55157,49.914902],[6.551475,49.914833],[6.551224,49.914749],[6.551121,49.914715],[6.551179,49.914225],[6.551185,49.914075],[6.551222,49.913836],[6.551228,49.91379],[6.55134,49.913056],[6.551315,49.91297],[6.551342,49.912874],[6.551351,49.912839],[6.55138,49.912733],[6.551459,49.912614],[6.551502,49.912427],[6.551629,49.911612],[6.551636,49.911567],[6.551677,49.911304],[6.551749,49.911115],[6.551692,49.910851],[6.551662,49.910707],[6.551615,49.91066],[6.551202,49.910245],[6.550977,49.910018],[6.550525,49.909813],[6.550462,49.909785],[6.550349,49.909787],[6.550258,49.909835],[6.549446,49.910259],[6.548646,49.910677],[6.548573,49.910748],[6.548405,49.91108],[6.547702,49.911249],[6.54751,49.911295],[6.546871,49.911449],[6.54689,49.911405],[6.54692,49.911339],[6.546931,49.911315],[6.54695,49.911273],[6.547008,49.911143],[6.547058,49.911033],[6.547244,49.910622],[6.547165,49.910604],[6.547116,49.910554],[6.546927,49.910535],[6.54602,49.910444],[6.545405,49.910383],[6.545032,49.910345],[6.544304,49.910272],[6.543739,49.910216],[6.543691,49.910211],[6.543581,49.9102],[6.543526,49.910192],[6.542728,49.910076],[6.542211,49.910001],[6.542054,49.909978],[6.540986,49.909823],[6.540785,49.909794],[6.540679,49.909852],[6.540517,49.909829],[6.540404,49.909812],[6.540406,49.909657],[6.540553,49.909137],[6.540829,49.908228],[6.541451,49.906512],[6.541651,49.905905],[6.54171,49.905775],[6.541673,49.905692],[6.541544,49.905564],[6.541505,49.905527],[6.540906,49.905403],[6.540796,49.905391],[6.540556,49.905827],[6.54037,49.905956],[6.540058,49.906172],[6.540618,49.906226],[6.540649,49.906229],[6.540816,49.906245],[6.54095,49.906258],[6.540707,49.906893],[6.53967,49.906735],[6.539365,49.907485],[6.539343,49.907538],[6.539192,49.908192],[6.539091,49.908476],[6.538758,49.9084],[6.538411,49.908321],[6.538062,49.908242],[6.537958,49.908218],[6.537731,49.908091],[6.537404,49.907909],[6.537091,49.907753],[6.536867,49.907665],[6.536458,49.907513],[6.536194,49.907422],[6.534444,49.906505],[6.53433,49.906445],[6.534292,49.906498],[6.534004,49.906351],[6.533254,49.905817],[6.532849,49.905495],[6.532677,49.905326],[6.532481,49.905016],[6.532441,49.904968],[6.532072,49.904522],[6.532039,49.904481],[6.531538,49.904181],[6.531101,49.903966],[6.530482,49.903693],[6.52999,49.903525],[6.528761,49.90311],[6.52869,49.903011],[6.528391,49.902904],[6.528326,49.902963],[6.528012,49.903243],[6.527386,49.903804],[6.526701,49.904538],[6.526672,49.904569],[6.526651,49.904592],[6.524342,49.903457],[6.522073,49.902341],[6.521929,49.902334],[6.521904,49.902571],[6.52186,49.902896],[6.517106,49.900857],[6.516895,49.901059],[6.516891,49.901063],[6.516815,49.901135],[6.516726,49.90122],[6.516185,49.901761],[6.515976,49.901969],[6.515694,49.90265],[6.515626,49.903133],[6.515559,49.903609],[6.515543,49.903723],[6.515538,49.90384],[6.515474,49.90529],[6.511694,49.905041],[6.509165,49.904472],[6.508007,49.904211],[6.507814,49.90492],[6.507726,49.905384],[6.507661,49.905526],[6.507632,49.905589],[6.508001,49.905657],[6.507987,49.905701],[6.507771,49.906361],[6.507457,49.90732],[6.50824,49.907301],[6.508412,49.907238],[6.508465,49.907187],[6.508515,49.9072],[6.508535,49.907138],[6.508575,49.907188],[6.511918,49.908158],[6.511875,49.908176],[6.508662,49.909451],[6.506894,49.908934],[6.506815,49.908949],[6.505729,49.910066],[6.505733,49.910125],[6.505674,49.910182],[6.505611,49.910185],[6.504587,49.911258],[6.506633,49.913065],[6.506684,49.91311],[6.5063,49.913388],[6.505947,49.913652],[6.505796,49.913842],[6.505771,49.913874],[6.505696,49.91394],[6.505405,49.914197],[6.505386,49.914213],[6.50538,49.914219],[6.505375,49.914225],[6.505191,49.914421],[6.504858,49.915106],[6.505613,49.915511],[6.506742,49.916109],[6.506712,49.916152],[6.506458,49.916523],[6.506326,49.916729],[6.506016,49.91721],[6.505804,49.917541],[6.505591,49.917872],[6.50549,49.918028],[6.509182,49.918793],[6.508984,49.918954],[6.508744,49.919149],[6.508488,49.919358],[6.507954,49.919792],[6.508063,49.919813],[6.510608,49.920346],[6.510765,49.920379],[6.510768,49.920378],[6.510828,49.920364],[6.510922,49.920403],[6.510958,49.92041],[6.511457,49.920505],[6.512898,49.920766],[6.515096,49.921115],[6.516503,49.92125],[6.516773,49.921277],[6.516828,49.921283],[6.516938,49.921294],[6.517382,49.92134],[6.518292,49.921305],[6.518775,49.921232],[6.520925,49.921224],[6.521301,49.921236],[6.521427,49.921239],[6.521482,49.921241],[6.522665,49.921277],[6.523163,49.921333],[6.523328,49.921351],[6.524677,49.921501],[6.52499,49.921536],[6.526035,49.921652],[6.526812,49.921757],[6.52687,49.921764],[6.526978,49.921778],[6.528072,49.921926],[6.528375,49.921967],[6.529491,49.922236],[6.530678,49.922542],[6.530783,49.922569],[6.530833,49.922582],[6.53182,49.922836],[6.532673,49.923053],[6.532777,49.923079],[6.534708,49.923677],[6.535872,49.92392],[6.536196,49.923987],[6.536331,49.923997],[6.536376,49.924],[6.536418,49.924003],[6.536528,49.923577],[6.536894,49.921944],[6.537136,49.921095],[6.537372,49.92023],[6.537435,49.919996],[6.537526,49.919609],[6.537636,49.919138],[6.53768,49.918971],[6.537727,49.91879],[6.537831,49.918392],[6.537897,49.918118],[6.537939,49.917942],[6.538031,49.917557],[6.538045,49.917347],[6.53811,49.917089],[6.538113,49.917076],[6.538149,49.916999],[6.5382,49.91689],[6.538254,49.916742]]]},"$schema":null,"$context":null},{"type":"Feature","properties":{"gml_id":"gemeinde_rlp.10","gid":10,"datum":"16.07.26","region":"Rheinland-Pfalz","gmdesch":140148,"gemeinde":"Steinbach","vgnr":14008,"vbgmde":"Simmern-Rheinb\u00f6llen","vgname":"Simmern-Rheinb\u00f6llen (14008)","kreissch":140,"ldkreis":"Rhein-Hunsr\u00fcck-Kreis","amtsgrcht":"Simmern\/Hunsr\u00fcck","finanzamt":"Simmern-Zell","kanr":5750,"katamt":"Osteifel-Hunsr\u00fcck","katurl":"https:\/\/vermka-osteifel-hunsrueck.rlp.de","guta":720,"gutaurl":"https:\/\/gutachterausschuesse.rlp.de\/service\/gutachterausschuesse-fuer-grundstueckswerte\/","ags":714008148,"gemtyp":"Gemeinde","kreistyp":"Landkreis"},"bbox":[7.572319,50.034347,7.610212,50.051975],"geometry":{"type":"Polygon","coordinates":[[[7.585282,50.049151],[7.585349,50.049141],[7.585532,50.049153],[7.585837,50.049109],[7.5861,50.049019],[7.586457,50.048942],[7.586958,50.048816],[7.587393,50.048643],[7.587664,50.048478],[7.588022,50.048251],[7.588266,50.048096],[7.588606,50.047984],[7.589438,50.047738],[7.589661,50.047714],[7.589734,50.047706],[7.589826,50.047702],[7.589895,50.047668],[7.589841,50.047711],[7.58987,50.047725],[7.590174,50.047499],[7.591967,50.046168],[7.591952,50.046147],[7.592007,50.046154],[7.592022,50.046329],[7.592091,50.046449],[7.592813,50.047186],[7.592898,50.047272],[7.593113,50.047492],[7.593202,50.047558],[7.594178,50.048121],[7.594196,50.048108],[7.594186,50.048102],[7.595922,50.04708],[7.596042,50.047059],[7.596467,50.047109],[7.596658,50.047132],[7.598025,50.046961],[7.598129,50.046914],[7.598529,50.046507],[7.598618,50.046456],[7.599266,50.046093],[7.601283,50.04436],[7.602462,50.043727],[7.60273,50.043476],[7.602918,50.0433],[7.604402,50.042544],[7.605548,50.041492],[7.605607,50.041436],[7.60653,50.040416],[7.606557,50.040374],[7.606772,50.040026],[7.606791,50.040021],[7.607313,50.039541],[7.60738,50.03948],[7.608533,50.038411],[7.609119,50.037895],[7.609739,50.037297],[7.609772,50.037266],[7.609827,50.037212],[7.609863,50.037175],[7.610212,50.036842],[7.60975,50.036794],[7.609729,50.036791],[7.609695,50.03679],[7.608731,50.036741],[7.608468,50.036721],[7.60597,50.036536],[7.604534,50.036483],[7.603867,50.036409],[7.60379,50.036401],[7.60373,50.036394],[7.603057,50.036259],[7.601802,50.035974],[7.601063,50.035786],[7.601041,50.03578],[7.600924,50.035751],[7.600831,50.035727],[7.599997,50.035543],[7.599516,50.035441],[7.59945,50.035427],[7.59884,50.035298],[7.598448,50.035249],[7.598042,50.035197],[7.596213,50.034959],[7.595582,50.034887],[7.595413,50.034868],[7.59443,50.034763],[7.593548,50.034959],[7.592792,50.035044],[7.592376,50.035027],[7.591312,50.034931],[7.589727,50.034787],[7.589617,50.034777],[7.589571,50.034773],[7.587597,50.034603],[7.58672,50.034347],[7.585031,50.035015],[7.584966,50.035096],[7.58503,50.035374],[7.58483,50.03558],[7.584161,50.035975],[7.583768,50.036264],[7.583088,50.036708],[7.583581,50.037139],[7.583747,50.03724],[7.584644,50.037785],[7.584846,50.037926],[7.584422,50.038221],[7.583679,50.038566],[7.583637,50.03858],[7.583314,50.038215],[7.583117,50.038112],[7.582894,50.038021],[7.582623,50.037869],[7.582223,50.037815],[7.582198,50.037838],[7.581781,50.038221],[7.581751,50.038249],[7.581749,50.038265],[7.581964,50.038368],[7.582013,50.038432],[7.582083,50.038563],[7.58217,50.038619],[7.582409,50.038632],[7.582811,50.038666],[7.582905,50.038694],[7.583134,50.038857],[7.583542,50.03894],[7.583925,50.039151],[7.583749,50.039317],[7.583727,50.03946],[7.58368,50.039514],[7.583748,50.039593],[7.583842,50.039625],[7.583881,50.03965],[7.583877,50.039711],[7.583752,50.039863],[7.583713,50.040017],[7.583597,50.040133],[7.583527,50.040251],[7.5835,50.040367],[7.583339,50.040593],[7.583356,50.040674],[7.583211,50.040983],[7.583156,50.04099],[7.583146,50.040985],[7.583058,50.040946],[7.582429,50.041379],[7.58274,50.041644],[7.582852,50.041753],[7.583356,50.042243],[7.583446,50.042331],[7.583337,50.042387],[7.583301,50.042528],[7.583094,50.042508],[7.582702,50.042706],[7.582495,50.042831],[7.582506,50.042895],[7.58244,50.042917],[7.582345,50.043005],[7.582317,50.043107],[7.582345,50.043137],[7.582374,50.043168],[7.581512,50.043642],[7.581401,50.043657],[7.581249,50.043677],[7.581013,50.043671],[7.58014,50.04307],[7.579473,50.042709],[7.577842,50.043759],[7.576674,50.044401],[7.575235,50.045026],[7.574403,50.045298],[7.573217,50.045696],[7.572502,50.045927],[7.572407,50.045962],[7.572319,50.045994],[7.572397,50.046059],[7.573979,50.047379],[7.574022,50.047415],[7.574491,50.047923],[7.57478,50.048238],[7.574796,50.048256],[7.575146,50.048626],[7.575255,50.048742],[7.575275,50.048764],[7.575359,50.04883],[7.575456,50.048908],[7.575892,50.049175],[7.576219,50.049466],[7.577055,50.050211],[7.577211,50.05036],[7.577428,50.050567],[7.577499,50.050635],[7.576895,50.050785],[7.576453,50.050824],[7.576422,50.050858],[7.576409,50.050871],[7.576847,50.051582],[7.577008,50.051844],[7.577071,50.051946],[7.577089,50.051975],[7.577218,50.051933],[7.57936,50.051236],[7.580771,50.050776],[7.584099,50.049844],[7.584303,50.049783],[7.584419,50.04976],[7.584417,50.049726],[7.584485,50.049522],[7.584612,50.049385],[7.584814,50.049262],[7.585056,50.049182],[7.585282,50.049151]]]},"$schema":null,"$context":null},{"type":"Feature","properties":{"gml_id":"gemeinde_rlp.11","gid":11,"datum":"16.07.26","region":"Rheinland-Pfalz","gmdesch":339041,"gemeinde":"Nieder-Hilbersheim","vgnr":33903,"vbgmde":"Gau-Algesheim","vgname":"Gau-Algesheim (33903)","kreissch":339,"ldkreis":"Mainz-Bingen","amtsgrcht":"Bingen am Rhein","finanzamt":"Bingen-Alzey","kanr":6600,"katamt":"Rheinhessen-Nahe","katurl":"https:\/\/vermka-rheinhessen-nahe.rlp.de","guta":740,"gutaurl":"https:\/\/gutachterausschuesse.rlp.de\/service\/gutachterausschuesse-fuer-grundstueckswerte\/","ags":733903041,"gemtyp":"Gemeinde","kreistyp":"Landkreis"},"bbox":[8.004287,49.905796,8.059757,49.931537],"geometry":{"type":"Polygon","coordinates":[[[8.008505,49.911222],[8.010612,49.911892],[8.010676,49.911913],[8.010739,49.911933],[8.010801,49.911953],[8.010835,49.911964],[8.011549,49.912191],[8.011768,49.912261],[8.012816,49.912594],[8.013301,49.912706],[8.013658,49.912788],[8.014293,49.912935],[8.014909,49.913077],[8.015495,49.913212],[8.015568,49.913229],[8.016251,49.913387],[8.01741,49.913654],[8.018556,49.913918],[8.019151,49.914056],[8.019217,49.914071],[8.019348,49.9141],[8.019984,49.914247],[8.020529,49.914373],[8.020858,49.914449],[8.02164,49.914629],[8.021997,49.914711],[8.022312,49.914784],[8.02253,49.914834],[8.02311,49.914967],[8.023445,49.915044],[8.023883,49.915144],[8.023943,49.915158],[8.024455,49.915276],[8.025131,49.91543],[8.025284,49.915469],[8.025438,49.915507],[8.025913,49.915626],[8.026145,49.915684],[8.02696,49.915887],[8.02709,49.91592],[8.027148,49.915946],[8.027923,49.916284],[8.027965,49.916302],[8.028413,49.916497],[8.028517,49.916543],[8.029153,49.91682],[8.029467,49.916957],[8.02979,49.917098],[8.029845,49.917122],[8.030335,49.917337],[8.030589,49.917449],[8.030749,49.917519],[8.030956,49.917609],[8.031122,49.917682],[8.031299,49.917759],[8.031469,49.917834],[8.03162,49.917899],[8.032244,49.918173],[8.032487,49.918279],[8.033001,49.918503],[8.033115,49.918553],[8.03365,49.918787],[8.03372,49.918817],[8.033766,49.918837],[8.034283,49.918262],[8.034339,49.918197],[8.034366,49.918167],[8.034389,49.918216],[8.036325,49.918873],[8.036474,49.918924],[8.038483,49.919606],[8.038533,49.919622],[8.038636,49.919657],[8.039411,49.91992],[8.039739,49.920031],[8.040792,49.920387],[8.041327,49.920568],[8.041785,49.920723],[8.041906,49.920763],[8.042752,49.921051],[8.042846,49.921082],[8.042856,49.921086],[8.042851,49.921125],[8.042723,49.922016],[8.04272,49.922042],[8.042695,49.922211],[8.042539,49.923319],[8.042448,49.923967],[8.042341,49.924207],[8.042413,49.92424],[8.042472,49.924268],[8.042515,49.924214],[8.042529,49.924179],[8.042924,49.924254],[8.04368,49.92472],[8.043723,49.924746],[8.043839,49.924817],[8.043999,49.924915],[8.044173,49.925022],[8.044463,49.925201],[8.04472,49.925359],[8.044873,49.925454],[8.045502,49.925841],[8.045814,49.926035],[8.046026,49.926164],[8.046186,49.926263],[8.046294,49.926329],[8.046636,49.92654],[8.047026,49.926781],[8.047224,49.926903],[8.047813,49.927266],[8.048305,49.927569],[8.048427,49.927644],[8.049034,49.928018],[8.049518,49.928315],[8.04964,49.928391],[8.050233,49.928755],[8.050306,49.9288],[8.050627,49.928998],[8.050587,49.929022],[8.050632,49.929057],[8.050954,49.929302],[8.051,49.929337],[8.05109,49.929407],[8.051267,49.929539],[8.051194,49.929659],[8.050883,49.929816],[8.050744,49.929886],[8.050767,49.929917],[8.050775,49.929928],[8.051131,49.930413],[8.051149,49.930438],[8.051153,49.930443],[8.051192,49.930478],[8.051217,49.930499],[8.051474,49.930722],[8.051581,49.930827],[8.051612,49.930858],[8.051899,49.931141],[8.051988,49.931242],[8.052017,49.931274],[8.052048,49.93131],[8.05254,49.931537],[8.052571,49.931519],[8.053038,49.931245],[8.053077,49.931222],[8.054228,49.930545],[8.05427,49.930521],[8.054521,49.930373],[8.055866,49.9296],[8.055925,49.929626],[8.055985,49.929653],[8.056111,49.929709],[8.056233,49.929763],[8.056393,49.929834],[8.056475,49.929773],[8.056519,49.92974],[8.056603,49.929677],[8.056688,49.929613],[8.056772,49.92955],[8.056802,49.929527],[8.056911,49.929445],[8.05695,49.929416],[8.056971,49.9294],[8.057029,49.929356],[8.057186,49.929238],[8.057246,49.929184],[8.05731,49.929126],[8.057382,49.929061],[8.057456,49.928995],[8.057521,49.928936],[8.057612,49.928854],[8.057668,49.928803],[8.057724,49.928753],[8.05778,49.928702],[8.057889,49.928604],[8.058011,49.928494],[8.05811,49.928404],[8.058137,49.92838],[8.058199,49.928324],[8.058206,49.928295],[8.05823,49.928198],[8.058267,49.928043],[8.058333,49.927769],[8.058354,49.927684],[8.058365,49.927635],[8.058392,49.927524],[8.058416,49.927427],[8.058424,49.927382],[8.058439,49.927301],[8.058542,49.926695],[8.058613,49.925806],[8.058614,49.925725],[8.058629,49.925681],[8.058906,49.92464],[8.058921,49.924582],[8.058942,49.924502],[8.058956,49.924458],[8.05914,49.923776],[8.059212,49.923513],[8.059234,49.923433],[8.059246,49.923389],[8.059303,49.923165],[8.059529,49.922323],[8.059541,49.922278],[8.059561,49.922197],[8.059567,49.922184],[8.059734,49.921557],[8.059757,49.921477],[8.05971,49.921443],[8.059648,49.921394],[8.059485,49.921267],[8.059335,49.921151],[8.059174,49.921026],[8.059049,49.920929],[8.059006,49.920895],[8.058855,49.920778],[8.058793,49.920729],[8.058664,49.920629],[8.0584,49.920424],[8.058209,49.920275],[8.058143,49.920225],[8.058117,49.920204],[8.05813,49.920158],[8.058422,49.919222],[8.058573,49.918721],[8.058587,49.918677],[8.058611,49.918596],[8.058732,49.91821],[8.059081,49.91719],[8.059259,49.916673],[8.059267,49.916647],[8.059285,49.916596],[8.059233,49.916565],[8.058965,49.916409],[8.058726,49.91627],[8.058612,49.916203],[8.058279,49.916009],[8.058235,49.915935],[8.058401,49.914995],[8.058569,49.91415],[8.058674,49.913705],[8.058685,49.913661],[8.058696,49.913622],[8.058711,49.913571],[8.058815,49.913234],[8.05917,49.912417],[8.059417,49.911725],[8.05932,49.911688],[8.058124,49.911238],[8.056365,49.910575],[8.056264,49.910537],[8.05625,49.910532],[8.056166,49.9105],[8.056137,49.910483],[8.056094,49.910507],[8.056063,49.910487],[8.053795,49.909114],[8.053674,49.90904],[8.05322,49.908765],[8.052779,49.908498],[8.051941,49.90799],[8.05105,49.90745],[8.050439,49.90708],[8.050316,49.907006],[8.049846,49.90672],[8.049703,49.906634],[8.049576,49.906557],[8.04948,49.906498],[8.048904,49.906149],[8.048843,49.906113],[8.046814,49.907507],[8.04679,49.907523],[8.042931,49.905796],[8.042905,49.905811],[8.042191,49.90625],[8.041638,49.906589],[8.040862,49.907066],[8.040056,49.907696],[8.039637,49.907928],[8.03927,49.908132],[8.039236,49.90815],[8.038339,49.908648],[8.037809,49.908942],[8.037379,49.908427],[8.037,49.907972],[8.036901,49.90796],[8.034452,49.907653],[8.034346,49.907661],[8.034231,49.907702],[8.034171,49.907724],[8.034147,49.907694],[8.033859,49.907696],[8.030795,49.906799],[8.030771,49.906792],[8.030745,49.906784],[8.029525,49.908808],[8.02885,49.909927],[8.028733,49.910119],[8.027917,49.911474],[8.02789,49.911468],[8.025083,49.910827],[8.021984,49.91012],[8.019173,49.909478],[8.019153,49.909491],[8.019152,49.909492],[8.017113,49.910856],[8.017087,49.910846],[8.01708,49.910844],[8.014233,49.909743],[8.011185,49.908566],[8.011064,49.90852],[8.011028,49.908506],[8.00936,49.907865],[8.007346,49.90709],[8.007331,49.907106],[8.004301,49.910342],[8.004287,49.910358],[8.00622,49.911103],[8.006276,49.911125],[8.006352,49.911196],[8.006353,49.911196],[8.007613,49.912382],[8.007626,49.912363],[8.008087,49.911702],[8.008133,49.911635],[8.008193,49.911548],[8.00823,49.911494],[8.008242,49.911477],[8.008349,49.91134],[8.008429,49.911238],[8.008505,49.911222]]]},"$schema":null,"$context":null},{"type":"Feature","properties":{"gml_id":"gemeinde_rlp.12","gid":12,"datum":"16.07.26","region":"Rheinland-Pfalz","gmdesch":138064,"gemeinde":"Rodenbach bei Puderbach","vgnr":13805,"vbgmde":"Puderbach","vgname":"Puderbach (13805)","kreissch":138,"ldkreis":"Neuwied","amtsgrcht":"Neuwied","finanzamt":"Neuwied","kanr":9100,"katamt":"Westerwald-Taunus","katurl":"https:\/\/vermka-westerwald-taunus.rlp.de","guta":800,"gutaurl":"https:\/\/gutachterausschuesse.rlp.de\/service\/gutachterausschuesse-fuer-grundstueckswerte\/","ags":713805064,"gemtyp":"Gemeinde","kreistyp":"Landkreis"},"bbox":[7.617702,50.622172,7.658748,50.653283],"geometry":{"type":"Polygon","coordinates":[[[7.625161,50.641643],[7.625152,50.641693],[7.624633,50.643112],[7.624594,50.643154],[7.623835,50.642805],[7.623646,50.642928],[7.623635,50.642935],[7.623189,50.642723],[7.622944,50.642844],[7.622289,50.642434],[7.621911,50.642674],[7.62162,50.642906],[7.622033,50.643284],[7.621375,50.643605],[7.62132,50.643632],[7.622001,50.644277],[7.622366,50.644638],[7.623146,50.645184],[7.623183,50.645208],[7.62385,50.645651],[7.623818,50.645658],[7.62281,50.64587],[7.622108,50.646021],[7.622056,50.646033],[7.622104,50.646062],[7.622139,50.646114],[7.622308,50.646713],[7.622451,50.647493],[7.62179,50.648068],[7.621613,50.648083],[7.621462,50.648128],[7.621318,50.648142],[7.621175,50.648133],[7.621116,50.648127],[7.620918,50.648137],[7.620655,50.64802],[7.620457,50.647903],[7.620426,50.647887],[7.620406,50.647877],[7.620372,50.64801],[7.620372,50.648113],[7.620454,50.648232],[7.620576,50.648337],[7.621423,50.648914],[7.621649,50.649059],[7.622393,50.649379],[7.622499,50.649461],[7.62251,50.649615],[7.622486,50.649657],[7.622497,50.649665],[7.622552,50.649704],[7.622558,50.649709],[7.622585,50.649743],[7.62259,50.649871],[7.62284,50.650214],[7.622911,50.650348],[7.622918,50.650519],[7.622949,50.650671],[7.62306,50.650838],[7.623827,50.651526],[7.623892,50.651671],[7.624052,50.651829],[7.624554,50.651918],[7.624849,50.652045],[7.625504,50.652126],[7.62589,50.652317],[7.626312,50.652357],[7.626472,50.652321],[7.626632,50.652324],[7.6268,50.652369],[7.62699,50.652461],[7.627175,50.652599],[7.627303,50.652767],[7.627369,50.652958],[7.627436,50.653003],[7.627486,50.653006],[7.627521,50.653001],[7.627608,50.652974],[7.627683,50.652966],[7.627692,50.652937],[7.62777,50.652942],[7.627799,50.652886],[7.627837,50.652875],[7.627899,50.652893],[7.627929,50.652869],[7.627969,50.652882],[7.628017,50.652892],[7.62817,50.652863],[7.628182,50.652854],[7.628294,50.652911],[7.628401,50.652913],[7.628464,50.652888],[7.62852,50.652916],[7.628559,50.652997],[7.628575,50.653004],[7.628601,50.652996],[7.628657,50.652934],[7.628737,50.652919],[7.628744,50.652894],[7.628796,50.652898],[7.628921,50.652887],[7.629037,50.652895],[7.629021,50.65293],[7.629047,50.652951],[7.629154,50.652949],[7.629185,50.652973],[7.629124,50.653033],[7.629175,50.653063],[7.629304,50.653081],[7.629365,50.653074],[7.629494,50.653092],[7.629544,50.653058],[7.62961,50.653056],[7.629732,50.653075],[7.629956,50.653098],[7.630215,50.653139],[7.630363,50.653147],[7.630391,50.65317],[7.630484,50.653184],[7.630624,50.653258],[7.630689,50.653264],[7.630748,50.653255],[7.630841,50.653207],[7.631077,50.653212],[7.631132,50.653217],[7.63124,50.653257],[7.631254,50.653249],[7.631313,50.653262],[7.631329,50.653283],[7.631394,50.653271],[7.631635,50.653173],[7.631683,50.653202],[7.631762,50.653224],[7.631804,50.65325],[7.631862,50.653273],[7.632036,50.653272],[7.632074,50.653202],[7.632104,50.653197],[7.632132,50.653203],[7.63219,50.653279],[7.632231,50.653281],[7.632235,50.653254],[7.632308,50.653235],[7.632302,50.653189],[7.632411,50.653167],[7.632456,50.65314],[7.632591,50.653201],[7.632692,50.653205],[7.63281,50.65318],[7.632941,50.653195],[7.632958,50.653183],[7.632978,50.653204],[7.632955,50.653232],[7.633,50.653258],[7.633004,50.65325],[7.633038,50.653162],[7.633046,50.653136],[7.633284,50.653142],[7.633647,50.653151],[7.634006,50.653138],[7.633972,50.652992],[7.633958,50.652917],[7.63415,50.652895],[7.634294,50.652838],[7.634379,50.652803],[7.634617,50.652846],[7.634724,50.65283],[7.635201,50.652511],[7.635222,50.652522],[7.635208,50.652561],[7.635215,50.652628],[7.635257,50.652673],[7.635266,50.65271],[7.635756,50.652797],[7.635849,50.652814],[7.635887,50.652821],[7.635871,50.652867],[7.636194,50.652925],[7.63621,50.652928],[7.636185,50.652878],[7.636161,50.65283],[7.636413,50.65275],[7.636449,50.652253],[7.636557,50.651877],[7.636684,50.651724],[7.637365,50.651247],[7.637764,50.650672],[7.637904,50.649929],[7.638133,50.649562],[7.638226,50.64956],[7.638452,50.648988],[7.638441,50.648877],[7.638445,50.648811],[7.639621,50.64881],[7.640533,50.648804],[7.641805,50.648801],[7.642298,50.649504],[7.642775,50.650442],[7.643288,50.650784],[7.644118,50.651336],[7.645291,50.651442],[7.646768,50.651826],[7.646889,50.651753],[7.648711,50.651678],[7.650374,50.651639],[7.65081,50.651629],[7.650818,50.651686],[7.653593,50.651139],[7.654349,50.650826],[7.654364,50.65082],[7.654459,50.65078],[7.654478,50.650772],[7.655007,50.65055],[7.655233,50.650171],[7.655507,50.649904],[7.655532,50.649878],[7.65557,50.64984],[7.655734,50.649675],[7.655939,50.648504],[7.656229,50.648017],[7.656508,50.64697],[7.655746,50.646891],[7.655882,50.646509],[7.656174,50.646542],[7.656383,50.64601],[7.65665,50.645329],[7.65696,50.645263],[7.657116,50.645279],[7.657186,50.645286],[7.657483,50.645316],[7.657581,50.644883],[7.657593,50.644814],[7.657901,50.642988],[7.657794,50.642954],[7.657458,50.642611],[7.657402,50.642556],[7.657382,50.642537],[7.657267,50.642514],[7.657116,50.642487],[7.656016,50.642294],[7.656082,50.642259],[7.656117,50.64224],[7.656516,50.641869],[7.656702,50.641696],[7.656868,50.641542],[7.657169,50.641139],[7.657187,50.641115],[7.657618,50.64054],[7.657897,50.640033],[7.657911,50.640007],[7.657921,50.63999],[7.658032,50.639786],[7.658281,50.639238],[7.658325,50.63914],[7.65853,50.63869],[7.658547,50.638652],[7.65858,50.638579],[7.658748,50.638255],[7.65867,50.638244],[7.657471,50.638267],[7.65646,50.637703],[7.655837,50.637042],[7.655807,50.63701],[7.655044,50.636503],[7.654721,50.636355],[7.654663,50.636329],[7.653475,50.635786],[7.653032,50.635559],[7.652576,50.635275],[7.652503,50.635229],[7.651996,50.634664],[7.651898,50.634372],[7.651892,50.634341],[7.652348,50.63373],[7.652343,50.633625],[7.65233,50.632929],[7.65108,50.632812],[7.650623,50.631852],[7.650238,50.631052],[7.651891,50.630495],[7.651444,50.630108],[7.650011,50.629267],[7.649211,50.628813],[7.649138,50.628772],[7.648337,50.628315],[7.647124,50.627624],[7.645867,50.626917],[7.644951,50.626394],[7.643585,50.625618],[7.642275,50.624882],[7.642169,50.624823],[7.642116,50.624793],[7.639246,50.623181],[7.639063,50.623078],[7.637455,50.622172],[7.636026,50.622731],[7.635247,50.623037],[7.634908,50.62317],[7.634778,50.623222],[7.634725,50.623249],[7.634597,50.623316],[7.634328,50.623589],[7.634128,50.623635],[7.633816,50.623888],[7.633647,50.624124],[7.63339,50.624238],[7.633131,50.624279],[7.632974,50.624396],[7.632453,50.624585],[7.631675,50.62487],[7.630698,50.625039],[7.630309,50.625223],[7.629937,50.625341],[7.629644,50.625308],[7.629043,50.625245],[7.628488,50.62537],[7.628005,50.6256],[7.627748,50.625849],[7.627634,50.625899],[7.627294,50.626047],[7.627113,50.626153],[7.626967,50.626348],[7.626944,50.626349],[7.626928,50.626357],[7.6265,50.626713],[7.626237,50.626842],[7.626307,50.627334],[7.626052,50.62736],[7.625482,50.627411],[7.625014,50.627449],[7.62444,50.627399],[7.623566,50.627325],[7.622653,50.627241],[7.622632,50.627278],[7.622597,50.627337],[7.622606,50.627345],[7.622529,50.627376],[7.622128,50.627539],[7.622138,50.627546],[7.622137,50.62755],[7.622134,50.627559],[7.621558,50.627523],[7.62106,50.627655],[7.620849,50.62768],[7.620462,50.627725],[7.620481,50.627769],[7.620492,50.627794],[7.620497,50.627793],[7.620526,50.627865],[7.620545,50.628001],[7.620493,50.628034],[7.620473,50.628111],[7.62036,50.628308],[7.620334,50.628362],[7.620164,50.628599],[7.62023,50.628747],[7.620279,50.628864],[7.6203,50.628935],[7.620314,50.629093],[7.620228,50.629265],[7.620181,50.629332],[7.620174,50.629329],[7.620037,50.629501],[7.619609,50.630056],[7.619572,50.630104],[7.619239,50.630535],[7.618478,50.631581],[7.617702,50.632668],[7.618146,50.632758],[7.619484,50.633017],[7.620288,50.633173],[7.621075,50.633791],[7.621296,50.633965],[7.622672,50.635078],[7.622839,50.635676],[7.622857,50.635742],[7.62304,50.636394],[7.623489,50.637109],[7.623687,50.637423],[7.623977,50.638394],[7.624453,50.639119],[7.624542,50.639178],[7.624971,50.639472],[7.626107,50.640187],[7.626048,50.640279],[7.625161,50.641643]]]},"$schema":null,"$context":null},{"type":"Feature","properties":{"gml_id":"gemeinde_rlp.13","gid":13,"datum":"16.07.26","region":"Rheinland-Pfalz","gmdesch":131032,"gemeinde":"Honerath","vgnr":13101,"vbgmde":"Adenau","vgname":"Adenau (13101)","kreissch":131,"ldkreis":"Ahrweiler","amtsgrcht":"Bad Neuenahr-Ahrweiler","finanzamt":"Bad Neuenahr-Ahrweiler","kanr":5750,"katamt":"Osteifel-Hunsr\u00fcck","katurl":"https:\/\/vermka-osteifel-hunsrueck.rlp.de","guta":720,"gutaurl":"https:\/\/gutachterausschuesse.rlp.de\/service\/gutachterausschuesse-fuer-grundstueckswerte\/","ags":713101032,"gemtyp":"Gemeinde","kreistyp":"Landkreis"},"bbox":[6.882406,50.374937,6.916293,50.390282],"geometry":{"type":"Polygon","coordinates":[[[6.896729,50.386198],[6.897532,50.386595],[6.898876,50.386736],[6.899623,50.386923],[6.900332,50.387133],[6.902039,50.387835],[6.903279,50.388119],[6.904035,50.3884],[6.907112,50.38922],[6.907475,50.389317],[6.908337,50.389324],[6.909244,50.389772],[6.909766,50.390265],[6.910128,50.390222],[6.910085,50.390282],[6.910267,50.39026],[6.910335,50.390248],[6.911266,50.390075],[6.911326,50.390077],[6.911508,50.390084],[6.911354,50.39],[6.911246,50.390022],[6.911215,50.390027],[6.91086,50.389882],[6.910573,50.389688],[6.910352,50.389489],[6.910185,50.389234],[6.910187,50.388956],[6.910103,50.388776],[6.90947,50.388334],[6.909284,50.388271],[6.908979,50.388136],[6.908866,50.388017],[6.908952,50.387811],[6.908986,50.387801],[6.909062,50.387778],[6.909288,50.387454],[6.909593,50.387197],[6.910147,50.38689],[6.910923,50.386548],[6.911275,50.386386],[6.911989,50.386108],[6.912593,50.385862],[6.912651,50.385682],[6.913401,50.385325],[6.914148,50.385224],[6.91466,50.38516],[6.915147,50.385089],[6.916119,50.384896],[6.916293,50.384873],[6.916117,50.383992],[6.916008,50.383956],[6.915143,50.383664],[6.91494,50.383596],[6.914839,50.38356],[6.913565,50.383115],[6.913676,50.383088],[6.913809,50.383135],[6.913971,50.382968],[6.914592,50.38279],[6.914757,50.382856],[6.915046,50.382515],[6.915231,50.382295],[6.915048,50.38219],[6.914627,50.38206],[6.914161,50.381916],[6.913725,50.381751],[6.913537,50.381641],[6.913358,50.381487],[6.913103,50.381268],[6.912915,50.381161],[6.912698,50.381088],[6.912432,50.380999],[6.912059,50.380966],[6.911696,50.380906],[6.911187,50.380768],[6.911024,50.380703],[6.910819,50.380597],[6.910298,50.380286],[6.91012,50.380137],[6.909732,50.379761],[6.909521,50.37958],[6.909331,50.379441],[6.909024,50.379294],[6.908704,50.379152],[6.908513,50.378945],[6.908328,50.378828],[6.90804,50.378645],[6.907798,50.378408],[6.907649,50.378204],[6.907611,50.377982],[6.907538,50.377748],[6.90714,50.377586],[6.90663,50.377396],[6.906027,50.377056],[6.905756,50.376951],[6.905489,50.376736],[6.904887,50.376471],[6.904524,50.376178],[6.904094,50.375895],[6.904477,50.375738],[6.904584,50.375694],[6.904085,50.375348],[6.903701,50.374995],[6.903619,50.374937],[6.902641,50.37502],[6.902526,50.375031],[6.90231,50.375052],[6.902046,50.375013],[6.901969,50.375023],[6.901962,50.375084],[6.901871,50.376039],[6.901864,50.376089],[6.901773,50.376054],[6.900833,50.375691],[6.900519,50.375627],[6.899847,50.37551],[6.899738,50.375491],[6.898734,50.375379],[6.898554,50.375604],[6.898221,50.375636],[6.898038,50.375632],[6.897649,50.375598],[6.897586,50.375593],[6.89745,50.375617],[6.89718,50.375665],[6.896892,50.375717],[6.89664,50.375761],[6.896597,50.375734],[6.895855,50.375272],[6.895574,50.375481],[6.895256,50.375702],[6.895018,50.375798],[6.894181,50.376136],[6.893572,50.376382],[6.893423,50.37638],[6.892498,50.377131],[6.892418,50.377195],[6.892177,50.377376],[6.891665,50.377646],[6.891427,50.377836],[6.890608,50.37834],[6.889975,50.378622],[6.889371,50.378896],[6.888646,50.379297],[6.887968,50.379809],[6.887919,50.379846],[6.887585,50.380092],[6.887448,50.380506],[6.88747,50.380669],[6.88672,50.380838],[6.886239,50.380979],[6.882406,50.381124],[6.884009,50.381803],[6.884076,50.381832],[6.884188,50.381879],[6.885963,50.382629],[6.886205,50.382693],[6.886824,50.382972],[6.887561,50.383304],[6.888413,50.383688],[6.888467,50.383678],[6.888511,50.38367],[6.888642,50.38357],[6.888651,50.383567],[6.888699,50.383548],[6.890069,50.384136],[6.891853,50.3849],[6.892686,50.385257],[6.89364,50.385681],[6.893689,50.385695],[6.893963,50.385786],[6.894881,50.38625],[6.894945,50.386219],[6.895198,50.386093],[6.896037,50.38615],[6.896729,50.386198]]]},"$schema":null,"$context":null},{"type":"Feature","properties":{"gml_id":"gemeinde_rlp.14","gid":14,"datum":"16.07.26","region":"Rheinland-Pfalz","gmdesch":132032,"gemeinde":"Flammersfeld","vgnr":13210,"vbgmde":"Altenkirchen-Flammersfeld","vgname":"Altenkirchen-Flammersfeld (13210)","kreissch":132,"ldkreis":"Altenkirchen (Ww)","amtsgrcht":"Altenkirchen (Westerwald)","finanzamt":"Altenkirchen-Hachenburg","kanr":9100,"katamt":"Westerwald-Taunus","katurl":"https:\/\/vermka-westerwald-taunus.rlp.de","guta":800,"gutaurl":"https:\/\/gutachterausschuesse.rlp.de\/service\/gutachterausschuesse-fuer-grundstueckswerte\/","ags":713210032,"gemtyp":"Gemeinde","kreistyp":"Landkreis"},"bbox":[7.500981,50.640478,7.55262,50.665263],"geometry":{"type":"Polygon","coordinates":[[[7.52775,50.641148],[7.527678,50.641167],[7.527678,50.641081],[7.527106,50.641106],[7.526269,50.641144],[7.526269,50.641118],[7.526268,50.641049],[7.525414,50.641094],[7.525335,50.641136],[7.523719,50.640952],[7.523631,50.641259],[7.523577,50.641241],[7.521583,50.640722],[7.521703,50.640568],[7.521624,50.640543],[7.521561,50.640523],[7.521437,50.640478],[7.52136,50.640485],[7.521044,50.64075],[7.520617,50.641191],[7.520256,50.641478],[7.520224,50.641503],[7.520206,50.641517],[7.520179,50.641496],[7.519884,50.641672],[7.51961,50.641835],[7.519193,50.642168],[7.519099,50.642242],[7.518975,50.642352],[7.518825,50.642447],[7.518557,50.642647],[7.518252,50.642811],[7.518085,50.642897],[7.518009,50.642937],[7.517937,50.642974],[7.517492,50.643367],[7.516976,50.643965],[7.516999,50.644117],[7.51648,50.644838],[7.516449,50.644907],[7.516346,50.645306],[7.516168,50.645409],[7.516114,50.645557],[7.515941,50.645641],[7.515638,50.645975],[7.515498,50.646236],[7.515496,50.646319],[7.515412,50.64642],[7.514974,50.646543],[7.51474,50.646571],[7.514588,50.646556],[7.514345,50.646659],[7.513665,50.646789],[7.51342,50.646783],[7.513367,50.646833],[7.513319,50.646877],[7.51313,50.646956],[7.513097,50.646979],[7.513013,50.647038],[7.512864,50.647084],[7.512845,50.64709],[7.512786,50.647133],[7.51275,50.647159],[7.512717,50.647183],[7.512506,50.647338],[7.512483,50.647456],[7.512433,50.647707],[7.512176,50.647932],[7.511841,50.648224],[7.511838,50.648256],[7.511831,50.648324],[7.511635,50.648453],[7.511663,50.648563],[7.511594,50.648619],[7.511509,50.648726],[7.511429,50.648738],[7.51143,50.648767],[7.511432,50.64885],[7.511351,50.648895],[7.511201,50.648825],[7.51103,50.649029],[7.510789,50.649251],[7.510719,50.649433],[7.510474,50.649635],[7.510229,50.649876],[7.510081,50.650002],[7.510039,50.650231],[7.509817,50.650187],[7.509646,50.650162],[7.509378,50.650133],[7.509231,50.650152],[7.509144,50.650161],[7.508981,50.650177],[7.508927,50.650464],[7.508884,50.650699],[7.508873,50.650744],[7.508803,50.651023],[7.508832,50.651223],[7.508814,50.651246],[7.50866,50.651462],[7.508398,50.651837],[7.509093,50.652219],[7.509338,50.652397],[7.509588,50.65249],[7.509807,50.65254],[7.509829,50.652543],[7.510126,50.652568],[7.510565,50.652666],[7.510493,50.652739],[7.510365,50.652867],[7.510507,50.652937],[7.510267,50.653049],[7.510183,50.653191],[7.509972,50.653271],[7.5099,50.653289],[7.509785,50.653259],[7.509686,50.653214],[7.509522,50.653146],[7.509464,50.653124],[7.509217,50.653033],[7.509025,50.652917],[7.508912,50.652848],[7.508831,50.652801],[7.508653,50.652697],[7.508574,50.652651],[7.508457,50.652583],[7.508435,50.652558],[7.508379,50.652496],[7.508195,50.652345],[7.508137,50.65239],[7.508052,50.652463],[7.50803,50.652478],[7.507514,50.652914],[7.507518,50.652993],[7.507448,50.653031],[7.50741,50.653051],[7.507382,50.653066],[7.50698,50.653284],[7.506883,50.653243],[7.50672,50.653204],[7.506586,50.653183],[7.506395,50.653195],[7.5063,50.653227],[7.505871,50.653461],[7.505813,50.653513],[7.505591,50.653714],[7.505497,50.653798],[7.505337,50.653961],[7.505276,50.654024],[7.505242,50.654104],[7.505222,50.654153],[7.505149,50.654331],[7.50511,50.654356],[7.505016,50.654416],[7.505086,50.65444],[7.504862,50.654496],[7.504616,50.654557],[7.504526,50.65459],[7.504429,50.654626],[7.504449,50.654651],[7.504348,50.654726],[7.504285,50.654773],[7.504159,50.654867],[7.504048,50.654951],[7.504033,50.654962],[7.503966,50.655048],[7.50389,50.655145],[7.503727,50.655354],[7.503524,50.655557],[7.503503,50.655579],[7.503282,50.655801],[7.503107,50.65605],[7.502828,50.656305],[7.502725,50.656451],[7.502439,50.656784],[7.502415,50.656812],[7.502699,50.656907],[7.503968,50.657094],[7.504516,50.657214],[7.505172,50.657377],[7.505146,50.657466],[7.50495,50.657543],[7.504933,50.65755],[7.504826,50.65762],[7.504642,50.657781],[7.5045,50.657871],[7.504404,50.657919],[7.504132,50.658056],[7.504095,50.65808],[7.503888,50.658219],[7.503614,50.658402],[7.503547,50.658446],[7.503251,50.658619],[7.503362,50.658983],[7.503483,50.659375],[7.503493,50.659409],[7.503422,50.659557],[7.503194,50.659878],[7.503018,50.660131],[7.503003,50.660152],[7.502995,50.660164],[7.502935,50.660253],[7.502645,50.66068],[7.502467,50.660892],[7.502026,50.6614],[7.501783,50.661537],[7.501536,50.661677],[7.501371,50.66177],[7.501331,50.661809],[7.501154,50.661984],[7.500981,50.662205],[7.501438,50.662264],[7.501605,50.662301],[7.501711,50.662324],[7.501818,50.662336],[7.501922,50.662348],[7.502028,50.662361],[7.502201,50.662381],[7.502367,50.662401],[7.502515,50.662429],[7.502713,50.662466],[7.502892,50.6625],[7.503315,50.662682],[7.503341,50.662691],[7.503384,50.662708],[7.503596,50.662788],[7.503767,50.66283],[7.503819,50.662842],[7.503981,50.662861],[7.504201,50.662923],[7.504255,50.662939],[7.504341,50.662967],[7.504551,50.663154],[7.504578,50.663178],[7.504666,50.663233],[7.504701,50.663285],[7.504655,50.663324],[7.504563,50.6634],[7.504427,50.663559],[7.504355,50.663618],[7.504159,50.663681],[7.504116,50.663724],[7.50398,50.663862],[7.503922,50.663922],[7.503738,50.663955],[7.50364,50.664131],[7.503689,50.664238],[7.503728,50.664323],[7.503809,50.664515],[7.50385,50.664622],[7.503751,50.664676],[7.503678,50.664715],[7.503703,50.664767],[7.503745,50.664855],[7.503778,50.664922],[7.503807,50.664981],[7.503818,50.665003],[7.503873,50.665204],[7.50389,50.665263],[7.50412,50.665258],[7.504171,50.66524],[7.504244,50.665228],[7.504394,50.665214],[7.504445,50.665203],[7.504473,50.665197],[7.504626,50.665168],[7.504682,50.665158],[7.504659,50.665011],[7.504639,50.664906],[7.504616,50.664774],[7.504456,50.664585],[7.504472,50.664399],[7.504558,50.664126],[7.504634,50.664005],[7.50492,50.663765],[7.505129,50.663635],[7.505462,50.663476],[7.50577,50.66334],[7.505983,50.663267],[7.506199,50.663215],[7.506459,50.663094],[7.506491,50.663103],[7.506606,50.663294],[7.506689,50.6634],[7.506761,50.663493],[7.506779,50.663511],[7.506885,50.663621],[7.507172,50.663916],[7.507072,50.664109],[7.507286,50.664143],[7.507309,50.664041],[7.507448,50.663968],[7.50765,50.663964],[7.507687,50.66385],[7.507698,50.663814],[7.507438,50.66376],[7.507319,50.663497],[7.507281,50.663414],[7.507258,50.663373],[7.50719,50.663256],[7.50709,50.663084],[7.50726,50.662693],[7.507414,50.662534],[7.507523,50.662321],[7.50766,50.66223],[7.507778,50.662014],[7.507873,50.661824],[7.507917,50.661746],[7.508016,50.661632],[7.507984,50.661487],[7.508019,50.661461],[7.508012,50.661396],[7.508037,50.661319],[7.508029,50.661291],[7.507973,50.661278],[7.507961,50.661227],[7.508044,50.66121],[7.508084,50.661224],[7.508126,50.661183],[7.50812,50.661107],[7.508117,50.661049],[7.508158,50.660969],[7.508164,50.660931],[7.508162,50.660898],[7.508249,50.660884],[7.508419,50.660844],[7.508476,50.660807],[7.508478,50.660755],[7.508467,50.660723],[7.508496,50.660731],[7.508528,50.660767],[7.508579,50.660778],[7.508599,50.660758],[7.508589,50.660695],[7.508614,50.660608],[7.508612,50.660515],[7.50855,50.660494],[7.508592,50.660443],[7.508725,50.660353],[7.508754,50.660497],[7.508809,50.660776],[7.508871,50.660785],[7.509032,50.660807],[7.50919,50.660857],[7.509332,50.660901],[7.509752,50.661018],[7.510155,50.661172],[7.510327,50.661286],[7.510436,50.661381],[7.510517,50.661482],[7.510629,50.661601],[7.510711,50.661628],[7.511401,50.661792],[7.511466,50.661808],[7.511871,50.661943],[7.511989,50.661765],[7.512106,50.661589],[7.512359,50.661551],[7.512382,50.661518],[7.512464,50.661403],[7.512084,50.661283],[7.512072,50.66128],[7.511835,50.661209],[7.511739,50.661134],[7.511716,50.661117],[7.511541,50.660993],[7.511283,50.660906],[7.510968,50.660843],[7.51082,50.660722],[7.510768,50.66068],[7.510638,50.660587],[7.510321,50.660491],[7.50995,50.660379],[7.509578,50.66017],[7.509553,50.660084],[7.509514,50.659947],[7.509407,50.659835],[7.509408,50.659654],[7.509265,50.659588],[7.509143,50.659431],[7.509141,50.659418],[7.509153,50.659329],[7.509215,50.659239],[7.509212,50.65911],[7.509184,50.658955],[7.509155,50.658761],[7.509169,50.658654],[7.509326,50.658424],[7.509706,50.658058],[7.509995,50.657899],[7.510261,50.657757],[7.510601,50.657685],[7.511012,50.657594],[7.511166,50.65773],[7.511676,50.657658],[7.512436,50.657854],[7.512887,50.65797],[7.513884,50.658479],[7.51392,50.658496],[7.514118,50.658588],[7.514656,50.658837],[7.515144,50.659054],[7.515275,50.659062],[7.515303,50.658975],[7.515328,50.658901],[7.516063,50.65911],[7.516191,50.659146],[7.516978,50.659354],[7.517026,50.659366],[7.517107,50.659291],[7.517294,50.659115],[7.517415,50.659002],[7.517527,50.659006],[7.517836,50.659103],[7.518162,50.659241],[7.518194,50.659227],[7.518485,50.659091],[7.518594,50.658992],[7.518774,50.658739],[7.51892,50.658639],[7.519107,50.658398],[7.519449,50.658097],[7.519802,50.657655],[7.520159,50.657075],[7.520187,50.657082],[7.520397,50.657114],[7.520417,50.657117],[7.520532,50.657135],[7.520944,50.65684],[7.521266,50.656539],[7.521357,50.656532],[7.521497,50.656564],[7.521504,50.656566],[7.521669,50.656668],[7.521784,50.656726],[7.521908,50.656743],[7.522056,50.656743],[7.522496,50.656966],[7.522681,50.657014],[7.522879,50.657042],[7.523236,50.657118],[7.52352,50.657181],[7.524147,50.657299],[7.52447,50.657385],[7.524781,50.657437],[7.524863,50.657456],[7.524894,50.657463],[7.524979,50.657483],[7.525145,50.657512],[7.525342,50.657528],[7.525572,50.657547],[7.52591,50.657655],[7.526234,50.657746],[7.526287,50.657738],[7.526313,50.657733],[7.52636,50.657677],[7.526521,50.657479],[7.526538,50.657458],[7.526622,50.657355],[7.526685,50.657258],[7.526638,50.657074],[7.526623,50.656953],[7.526627,50.656907],[7.52663,50.656868],[7.526635,50.65681],[7.526582,50.656767],[7.526715,50.656785],[7.526696,50.656753],[7.526885,50.656236],[7.527066,50.656066],[7.527123,50.65607],[7.527137,50.656071],[7.527421,50.656089],[7.527943,50.655865],[7.528083,50.655756],[7.52819,50.655673],[7.52845,50.655515],[7.528494,50.655493],[7.528825,50.655334],[7.528991,50.655211],[7.529021,50.65519],[7.529052,50.655167],[7.529347,50.655002],[7.529405,50.6549],[7.529612,50.654822],[7.529831,50.654686],[7.529928,50.654571],[7.530243,50.654466],[7.530273,50.654474],[7.530314,50.654484],[7.530546,50.654543],[7.530864,50.654502],[7.531204,50.654378],[7.531475,50.654252],[7.531829,50.654109],[7.531945,50.653986],[7.531983,50.653964],[7.532139,50.653874],[7.532219,50.653713],[7.532231,50.653718],[7.532452,50.653811],[7.532636,50.653884],[7.532967,50.653889],[7.533067,50.653886],[7.533191,50.653865],[7.533289,50.653843],[7.533493,50.653797],[7.533615,50.653749],[7.533782,50.653661],[7.534044,50.653649],[7.534324,50.653574],[7.534372,50.653562],[7.534578,50.653494],[7.534722,50.653452],[7.534761,50.65344],[7.534896,50.653391],[7.534963,50.653367],[7.535116,50.6534],[7.535378,50.653436],[7.535489,50.653464],[7.535526,50.653473],[7.535604,50.653384],[7.535648,50.653335],[7.535755,50.653237],[7.535764,50.653229],[7.535393,50.65296],[7.535252,50.652858],[7.535023,50.652692],[7.535036,50.652687],[7.535517,50.652495],[7.536277,50.652183],[7.536458,50.652071],[7.536663,50.65194],[7.536761,50.651856],[7.536831,50.651796],[7.536955,50.65167],[7.536968,50.651656],[7.537,50.651624],[7.537198,50.651423],[7.537538,50.651078],[7.538089,50.650518],[7.538116,50.65049],[7.53825,50.650353],[7.538468,50.650132],[7.538544,50.650059],[7.538606,50.649998],[7.538748,50.649892],[7.53927,50.649556],[7.539439,50.649446],[7.53948,50.649419],[7.53979,50.64926],[7.540447,50.648972],[7.540681,50.64887],[7.54131,50.648594],[7.541463,50.648531],[7.54172,50.648438],[7.541781,50.648416],[7.542214,50.648533],[7.543363,50.648844],[7.544133,50.649052],[7.544137,50.649053],[7.544693,50.649204],[7.544697,50.64919],[7.544863,50.649222],[7.544869,50.649223],[7.545926,50.649425],[7.546,50.649439],[7.546133,50.648879],[7.546266,50.648316],[7.546807,50.648359],[7.54854,50.648497],[7.548683,50.648507],[7.548811,50.648517],[7.549197,50.648544],[7.549622,50.648575],[7.550428,50.648633],[7.550457,50.648635],[7.550486,50.648637],[7.550527,50.64864],[7.550538,50.648605],[7.550573,50.648505],[7.550684,50.648186],[7.550726,50.648064],[7.550781,50.647905],[7.551008,50.647234],[7.551038,50.64723],[7.551047,50.647229],[7.551066,50.647226],[7.551287,50.647193],[7.55126,50.647122],[7.551056,50.64715],[7.551005,50.647157],[7.550849,50.647179],[7.550461,50.647224],[7.550336,50.647213],[7.549785,50.646969],[7.54955,50.646804],[7.549124,50.646849],[7.548496,50.646694],[7.548476,50.646679],[7.548457,50.646665],[7.548505,50.646107],[7.548967,50.646205],[7.548966,50.646138],[7.548953,50.645651],[7.548939,50.64562],[7.548592,50.644903],[7.548585,50.644888],[7.548577,50.644852],[7.549532,50.644342],[7.549643,50.644284],[7.549852,50.644175],[7.550042,50.644108],[7.550449,50.643977],[7.550732,50.643874],[7.551275,50.643687],[7.551402,50.643636],[7.551065,50.643348],[7.55262,50.642729],[7.552301,50.642464],[7.552253,50.642425],[7.552,50.642262],[7.551899,50.642197],[7.551798,50.642132],[7.551717,50.642187],[7.551643,50.642161],[7.551299,50.642038],[7.550911,50.641899],[7.551366,50.641357],[7.550935,50.641191],[7.550783,50.64114],[7.550556,50.641065],[7.550527,50.641055],[7.550484,50.641039],[7.55028,50.641391],[7.550132,50.641609],[7.549983,50.641751],[7.549772,50.641854],[7.54952,50.642012],[7.548703,50.642438],[7.54858,50.642678],[7.548423,50.642834],[7.548115,50.643079],[7.547964,50.642988],[7.547883,50.642939],[7.548143,50.642809],[7.548322,50.642659],[7.548359,50.642591],[7.548366,50.642507],[7.548385,50.642456],[7.548473,50.642365],[7.548536,50.64231],[7.5488,50.642157],[7.548986,50.642065],[7.548926,50.642019],[7.548921,50.642014],[7.548912,50.642007],[7.548641,50.641798],[7.548619,50.641781],[7.5486,50.641766],[7.548484,50.641838],[7.54835,50.641939],[7.548283,50.641991],[7.548161,50.642067],[7.548054,50.642113],[7.547896,50.642007],[7.547876,50.641994],[7.547469,50.642283],[7.546999,50.642617],[7.546533,50.642945],[7.546509,50.642908],[7.546423,50.642933],[7.54645,50.642897],[7.546347,50.642737],[7.546236,50.642565],[7.546163,50.642452],[7.546155,50.642439],[7.546034,50.642252],[7.545967,50.642147],[7.545935,50.642098],[7.545905,50.642051],[7.545828,50.641933],[7.545798,50.641886],[7.545741,50.641856],[7.54572,50.641845],[7.544921,50.641743],[7.544788,50.641745],[7.543809,50.64191],[7.5437,50.641928],[7.542443,50.64214],[7.542303,50.642164],[7.541417,50.642313],[7.540758,50.642424],[7.540621,50.642448],[7.539988,50.642554],[7.539098,50.642704],[7.53896,50.642686],[7.537466,50.642529],[7.537429,50.642497],[7.537419,50.642523],[7.537332,50.64252],[7.536427,50.642486],[7.535478,50.642452],[7.535439,50.642451],[7.535342,50.642445],[7.534722,50.64241],[7.533986,50.642367],[7.533692,50.64235],[7.533649,50.642348],[7.533439,50.642336],[7.533316,50.642308],[7.533156,50.642272],[7.53306,50.642251],[7.533008,50.642236],[7.532756,50.642166],[7.532724,50.642157],[7.532601,50.64213],[7.532399,50.642086],[7.532333,50.642072],[7.532193,50.642018],[7.532051,50.641964],[7.531922,50.64192],[7.531848,50.641895],[7.531701,50.641845],[7.531687,50.641916],[7.531684,50.641929],[7.531585,50.64192],[7.531561,50.642093],[7.531548,50.642092],[7.531158,50.642035],[7.530857,50.641991],[7.530155,50.641888],[7.530114,50.641882],[7.530012,50.64199],[7.529946,50.642059],[7.52992,50.642166],[7.529908,50.642212],[7.529898,50.642256],[7.529914,50.642339],[7.529962,50.642379],[7.530036,50.642441],[7.529951,50.642485],[7.529788,50.64235],[7.529675,50.642255],[7.529695,50.642157],[7.52973,50.641987],[7.529835,50.641481],[7.52984,50.641459],[7.529767,50.64145],[7.528731,50.641284],[7.527757,50.641127],[7.52775,50.641148]]]},"$schema":null,"$context":null},{"type":"Feature","properties":{"gml_id":"gemeinde_rlp.15","gid":15,"datum":"16.07.26","region":"Rheinland-Pfalz","gmdesch":143050,"gemeinde":"Nauort","vgnr":14305,"vbgmde":"Ransbach-Baumbach","vgname":"Ransbach-Baumbach (14305)","kreissch":143,"ldkreis":"Westerwaldkreis","amtsgrcht":"Montabaur","finanzamt":"Montabaur-Diez","kanr":9100,"katamt":"Westerwald-Taunus","katurl":"https:\/\/vermka-westerwald-taunus.rlp.de","guta":800,"gutaurl":"https:\/\/gutachterausschuesse.rlp.de\/service\/gutachterausschuesse-fuer-grundstueckswerte\/","ags":714305050,"gemtyp":"Gemeinde","kreistyp":"Landkreis"},"bbox":[7.602546,50.442515,7.654494,50.479254],"geometry":{"type":"Polygon","coordinates":[[[7.618224,50.473896],[7.619165,50.476096],[7.619198,50.476099],[7.621739,50.476337],[7.624419,50.475377],[7.62799,50.478482],[7.628041,50.478526],[7.62834,50.478785],[7.630876,50.478484],[7.630336,50.477837],[7.630873,50.477719],[7.631213,50.477645],[7.631607,50.477559],[7.631964,50.477481],[7.63243,50.477651],[7.632618,50.477721],[7.632678,50.477776],[7.632814,50.477902],[7.632863,50.477947],[7.632956,50.478],[7.633137,50.478103],[7.633287,50.478188],[7.633633,50.478269],[7.633829,50.478572],[7.634004,50.478694],[7.634222,50.478967],[7.63412,50.479249],[7.634137,50.479254],[7.634325,50.479048],[7.634342,50.478951],[7.634017,50.478473],[7.634049,50.478276],[7.633985,50.478134],[7.634002,50.478129],[7.634086,50.478104],[7.633964,50.477925],[7.63384,50.477743],[7.633831,50.477697],[7.633787,50.477468],[7.633768,50.477365],[7.633779,50.4772],[7.633788,50.477067],[7.633855,50.476941],[7.634006,50.47666],[7.634059,50.476561],[7.634041,50.476557],[7.634034,50.476272],[7.634149,50.476224],[7.634188,50.476016],[7.633877,50.475753],[7.633864,50.47576],[7.633479,50.47503],[7.634275,50.474864],[7.63504,50.474704],[7.635038,50.474691],[7.635346,50.474592],[7.635497,50.474575],[7.635642,50.474605],[7.635924,50.474555],[7.636384,50.474376],[7.636685,50.474325],[7.637094,50.474107],[7.637268,50.474076],[7.637447,50.474109],[7.637668,50.474322],[7.637803,50.474373],[7.637892,50.474393],[7.637963,50.474398],[7.638106,50.474387],[7.63824,50.47436],[7.638763,50.474171],[7.638851,50.473763],[7.639008,50.47363],[7.639576,50.473324],[7.639441,50.472937],[7.638602,50.472258],[7.638107,50.471748],[7.63778,50.471708],[7.637638,50.471595],[7.637632,50.471444],[7.637828,50.471296],[7.63748,50.470827],[7.637403,50.470646],[7.636983,50.470267],[7.636807,50.470051],[7.636656,50.469977],[7.63653,50.469915],[7.637019,50.469117],[7.637209,50.468937],[7.637602,50.468789],[7.63811,50.468792],[7.638521,50.468363],[7.638729,50.468067],[7.638966,50.468027],[7.638965,50.468016],[7.639081,50.467996],[7.639376,50.468081],[7.639367,50.4681],[7.639331,50.468176],[7.639283,50.468279],[7.639281,50.468283],[7.639266,50.468315],[7.639252,50.468346],[7.639509,50.468354],[7.639866,50.468466],[7.640416,50.468588],[7.640977,50.46863],[7.641326,50.468564],[7.641436,50.468542],[7.641601,50.46851],[7.641893,50.468475],[7.642193,50.468439],[7.642478,50.468405],[7.642743,50.468373],[7.642918,50.468352],[7.643113,50.468328],[7.643351,50.468364],[7.643399,50.468371],[7.643479,50.468383],[7.643643,50.468408],[7.643814,50.468434],[7.644018,50.468464],[7.64413,50.468481],[7.644158,50.468485],[7.64432,50.46851],[7.644419,50.468525],[7.644427,50.468526],[7.644712,50.468569],[7.644979,50.468609],[7.645238,50.468648],[7.645692,50.468716],[7.647011,50.468587],[7.647033,50.468585],[7.647045,50.468464],[7.647051,50.468406],[7.647052,50.468393],[7.647057,50.468341],[7.64709,50.468012],[7.647096,50.467954],[7.647097,50.467943],[7.647102,50.467895],[7.647137,50.467554],[7.647142,50.467501],[7.647146,50.467457],[7.648469,50.466932],[7.649233,50.466629],[7.649347,50.466584],[7.64969,50.466448],[7.650854,50.465987],[7.652069,50.465506],[7.653277,50.465028],[7.653316,50.465056],[7.654281,50.465752],[7.65433,50.465786],[7.654417,50.46585],[7.654494,50.465769],[7.654373,50.465682],[7.654383,50.465658],[7.654396,50.465626],[7.654407,50.465601],[7.65442,50.46557],[7.654452,50.465493],[7.654383,50.465337],[7.654305,50.46516],[7.654211,50.464949],[7.654092,50.464679],[7.653797,50.464012],[7.653794,50.464004],[7.653781,50.463976],[7.653576,50.463669],[7.653545,50.463622],[7.653138,50.463013],[7.653078,50.462923],[7.65294,50.462717],[7.652828,50.462549],[7.652731,50.462403],[7.652641,50.462269],[7.652534,50.46211],[7.652512,50.462076],[7.652478,50.462057],[7.652418,50.462024],[7.651478,50.461505],[7.651446,50.461488],[7.651166,50.461383],[7.651103,50.46136],[7.651065,50.461346],[7.650985,50.461316],[7.650966,50.461309],[7.650867,50.461263],[7.650778,50.461221],[7.650629,50.461151],[7.650544,50.461111],[7.650468,50.461087],[7.650368,50.461055],[7.650285,50.461028],[7.650192,50.460998],[7.65003,50.460946],[7.649933,50.460915],[7.649833,50.460883],[7.649741,50.460853],[7.649733,50.460852],[7.649567,50.460817],[7.649363,50.460774],[7.649097,50.460719],[7.648872,50.460661],[7.648631,50.460599],[7.648555,50.46058],[7.648367,50.460498],[7.647942,50.460311],[7.647467,50.460102],[7.647358,50.460032],[7.647004,50.459802],[7.646577,50.459529],[7.646042,50.4593],[7.645513,50.458936],[7.644985,50.458477],[7.64458,50.458089],[7.644177,50.457819],[7.64375,50.457346],[7.643527,50.457154],[7.643452,50.45701],[7.642967,50.45646],[7.642475,50.456188],[7.641942,50.455984],[7.641554,50.455858],[7.64134,50.455808],[7.640804,50.455629],[7.640329,50.455619],[7.639945,50.455592],[7.639683,50.455578],[7.639391,50.455614],[7.639062,50.455608],[7.63809,50.455538],[7.637778,50.455534],[7.637136,50.455417],[7.637052,50.455386],[7.63685,50.455311],[7.636749,50.455274],[7.636411,50.455237],[7.636026,50.455021],[7.635736,50.454894],[7.63532,50.454434],[7.635239,50.454269],[7.635169,50.454125],[7.635138,50.454027],[7.635104,50.453918],[7.635054,50.453755],[7.634619,50.453272],[7.634229,50.452772],[7.634033,50.45265],[7.633988,50.452687],[7.633661,50.452556],[7.632698,50.451937],[7.632187,50.451684],[7.632013,50.451493],[7.631726,50.451274],[7.631655,50.45122],[7.631373,50.451005],[7.631247,50.450785],[7.631138,50.450419],[7.630912,50.450118],[7.630734,50.449514],[7.630614,50.449123],[7.630608,50.448948],[7.630294,50.448483],[7.630099,50.448317],[7.629899,50.448207],[7.629515,50.447763],[7.629327,50.44746],[7.62916,50.447315],[7.628714,50.446987],[7.628224,50.446575],[7.627989,50.446194],[7.627842,50.446095],[7.627373,50.445956],[7.62724,50.445589],[7.627215,50.445403],[7.62713,50.445252],[7.627128,50.445187],[7.626564,50.444948],[7.626532,50.444478],[7.626506,50.444081],[7.626387,50.443904],[7.626333,50.443874],[7.626202,50.443882],[7.626092,50.443889],[7.62601,50.443888],[7.625937,50.443887],[7.625769,50.443704],[7.626038,50.443198],[7.626094,50.443092],[7.626207,50.442972],[7.626335,50.442888],[7.626676,50.442668],[7.626992,50.442572],[7.627094,50.442541],[7.626792,50.442515],[7.626541,50.442595],[7.626382,50.442646],[7.626255,50.442739],[7.626066,50.442877],[7.625839,50.443019],[7.625478,50.443247],[7.62533,50.44334],[7.625173,50.443439],[7.624821,50.443655],[7.624771,50.443716],[7.624669,50.44386],[7.624429,50.444197],[7.62423,50.444477],[7.624198,50.44452],[7.624084,50.444675],[7.623568,50.445371],[7.623502,50.445478],[7.623453,50.445557],[7.623424,50.445604],[7.623398,50.445646],[7.623163,50.446027],[7.623107,50.446117],[7.623083,50.446146],[7.622952,50.446307],[7.622755,50.446506],[7.622433,50.44683],[7.622368,50.446896],[7.622179,50.447086],[7.621973,50.447427],[7.621933,50.44743],[7.62192,50.447476],[7.621868,50.447665],[7.621789,50.447733],[7.621696,50.447813],[7.621249,50.44801],[7.62099,50.448071],[7.62091,50.44809],[7.620763,50.448125],[7.620614,50.448142],[7.620534,50.448152],[7.620478,50.448159],[7.62002,50.448146],[7.620002,50.448145],[7.619871,50.448156],[7.619688,50.448211],[7.619543,50.448284],[7.619166,50.448943],[7.619189,50.448954],[7.619537,50.449123],[7.619774,50.449339],[7.619929,50.449416],[7.619997,50.44945],[7.620022,50.449462],[7.620058,50.449545],[7.620127,50.4497],[7.62015,50.449753],[7.620336,50.450211],[7.620312,50.450293],[7.619923,50.450721],[7.619718,50.450864],[7.619701,50.450875],[7.619487,50.450916],[7.619479,50.450917],[7.619346,50.450898],[7.61921,50.450878],[7.618979,50.450845],[7.618927,50.450837],[7.618727,50.450778],[7.618368,50.450671],[7.618006,50.450451],[7.617977,50.450343],[7.61787,50.450201],[7.617484,50.449957],[7.617421,50.449829],[7.617226,50.449714],[7.616531,50.450204],[7.616643,50.450508],[7.616793,50.450703],[7.617022,50.450821],[7.617254,50.450966],[7.617429,50.451127],[7.61809,50.45152],[7.618194,50.451649],[7.61819,50.451843],[7.61819,50.451848],[7.618082,50.451943],[7.617859,50.452093],[7.617157,50.45235],[7.61705,50.452469],[7.616954,50.452576],[7.616858,50.452684],[7.616485,50.452822],[7.615584,50.45306],[7.615492,50.453084],[7.614796,50.453257],[7.614769,50.45326],[7.614509,50.453246],[7.614134,50.453243],[7.613965,50.453337],[7.613885,50.453381],[7.613597,50.453541],[7.613476,50.453608],[7.613509,50.453632],[7.613511,50.453662],[7.613524,50.453854],[7.613489,50.45396],[7.613374,50.454301],[7.613336,50.454301],[7.613319,50.454301],[7.613178,50.454301],[7.613062,50.45467],[7.612879,50.454674],[7.61281,50.454795],[7.612902,50.454995],[7.613021,50.455096],[7.613272,50.455295],[7.613317,50.455378],[7.613319,50.45543],[7.613328,50.45563],[7.613332,50.455721],[7.613255,50.455807],[7.61317,50.45591],[7.613144,50.456046],[7.613294,50.456496],[7.613383,50.456477],[7.613605,50.457049],[7.613914,50.457287],[7.614256,50.457503],[7.614746,50.457594],[7.615325,50.457793],[7.615658,50.457978],[7.616025,50.45826],[7.616699,50.458861],[7.616745,50.459082],[7.616857,50.459604],[7.616779,50.459932],[7.616583,50.460048],[7.61615,50.460224],[7.616009,50.460296],[7.615963,50.460304],[7.615884,50.460318],[7.61568,50.460355],[7.614902,50.460512],[7.614588,50.460575],[7.614571,50.460581],[7.614446,50.460623],[7.614324,50.460665],[7.614252,50.46069],[7.614201,50.460707],[7.613877,50.461262],[7.613808,50.461277],[7.612945,50.461476],[7.612664,50.461541],[7.612315,50.461621],[7.612111,50.461668],[7.610983,50.461867],[7.606119,50.462733],[7.605968,50.462761],[7.605923,50.462769],[7.60404,50.463114],[7.602546,50.463377],[7.603566,50.46402],[7.604578,50.464657],[7.605577,50.465287],[7.606761,50.466032],[7.60656,50.466702],[7.6068,50.467439],[7.607619,50.468337],[7.608636,50.4692],[7.608702,50.469256],[7.609914,50.470296],[7.610435,50.470159],[7.61126,50.469942],[7.612683,50.469566],[7.612706,50.46956],[7.612731,50.469554],[7.612789,50.469538],[7.613358,50.469389],[7.614866,50.469782],[7.616115,50.470479],[7.616256,50.470539],[7.616356,50.470582],[7.616527,50.470654],[7.616563,50.470669],[7.616775,50.470759],[7.6169,50.470812],[7.617782,50.472863],[7.618224,50.473896]]]},"$schema":null,"$context":null},{"type":"Feature","properties":{"gml_id":"gemeinde_rlp.16","gid":16,"datum":"16.07.26","region":"Rheinland-Pfalz","gmdesch":137215,"gemeinde":"Macken","vgnr":13709,"vbgmde":"Rhein-Mosel","vgname":"Rhein-Mosel (13709)","kreissch":137,"ldkreis":"Mayen-Koblenz","amtsgrcht":"Koblenz","finanzamt":"Koblenz","kanr":5750,"katamt":"Osteifel-Hunsr\u00fcck","katurl":"https:\/\/vermka-osteifel-hunsrueck.rlp.de","guta":720,"gutaurl":"https:\/\/gutachterausschuesse.rlp.de\/service\/gutachterausschuesse-fuer-grundstueckswerte\/","ags":713709215,"gemtyp":"Gemeinde","kreistyp":"Landkreis"},"bbox":[7.372568,50.160238,7.430386,50.195782],"geometry":{"type":"Polygon","coordinates":[[[7.391017,50.163665],[7.3902,50.163439],[7.389032,50.163117],[7.38857,50.162972],[7.388469,50.162937],[7.387993,50.162774],[7.387983,50.162787],[7.387143,50.162523],[7.385783,50.162106],[7.384309,50.16159],[7.384262,50.161573],[7.382006,50.160784],[7.381956,50.160766],[7.381303,50.162321],[7.381113,50.162813],[7.380496,50.1644],[7.379915,50.165311],[7.379853,50.165408],[7.379393,50.166126],[7.378851,50.16699],[7.378774,50.167115],[7.378271,50.167916],[7.377951,50.168422],[7.37791,50.168489],[7.376982,50.16995],[7.376423,50.170764],[7.375644,50.172109],[7.375184,50.172947],[7.375112,50.17305],[7.375294,50.173096],[7.375099,50.17352],[7.374224,50.173518],[7.37385,50.173478],[7.373346,50.173385],[7.372901,50.173237],[7.372594,50.173168],[7.372578,50.173284],[7.372572,50.173326],[7.372568,50.173361],[7.372584,50.173522],[7.372618,50.17356],[7.372626,50.173654],[7.372633,50.17374],[7.372613,50.17379],[7.372651,50.173843],[7.372715,50.17387],[7.372737,50.17388],[7.372818,50.173972],[7.372851,50.174009],[7.37285,50.174076],[7.37289,50.174151],[7.372905,50.174237],[7.372936,50.174274],[7.372951,50.174323],[7.372998,50.174385],[7.373002,50.174446],[7.373106,50.17466],[7.373211,50.174731],[7.373279,50.174817],[7.373369,50.174871],[7.373393,50.174915],[7.373476,50.174977],[7.373551,50.174988],[7.373703,50.175034],[7.373734,50.175061],[7.373732,50.175166],[7.373773,50.175219],[7.373816,50.175241],[7.373859,50.175268],[7.373879,50.175355],[7.374072,50.175552],[7.374188,50.175654],[7.374302,50.175791],[7.374437,50.175998],[7.374432,50.176015],[7.374422,50.176043],[7.374294,50.176443],[7.37401,50.176847],[7.373735,50.177095],[7.373963,50.177159],[7.374804,50.177396],[7.37521,50.177507],[7.375792,50.177728],[7.37651,50.178003],[7.377543,50.178381],[7.377874,50.178507],[7.378075,50.17836],[7.37824,50.178436],[7.378204,50.178291],[7.378165,50.178131],[7.378139,50.178022],[7.378106,50.177874],[7.378026,50.177728],[7.378005,50.177689],[7.378006,50.17748],[7.378008,50.177435],[7.378045,50.177398],[7.378885,50.176582],[7.379135,50.176365],[7.37932,50.176235],[7.379443,50.17616],[7.380227,50.176583],[7.380658,50.176816],[7.381877,50.177473],[7.38213,50.177394],[7.382783,50.176672],[7.382476,50.176224],[7.382813,50.176129],[7.384213,50.175861],[7.384233,50.175857],[7.384387,50.176031],[7.384617,50.176382],[7.38471,50.176605],[7.385135,50.176954],[7.38542,50.177115],[7.38571,50.177359],[7.386118,50.177637],[7.386473,50.177799],[7.386736,50.17802],[7.386721,50.178027],[7.386778,50.178204],[7.387393,50.178681],[7.38798,50.179139],[7.3859,50.180918],[7.385894,50.181006],[7.385861,50.181639],[7.385846,50.1821],[7.385735,50.182635],[7.386548,50.183073],[7.386568,50.183168],[7.387005,50.183418],[7.38759,50.183754],[7.388882,50.184431],[7.389739,50.184726],[7.390547,50.185141],[7.39089,50.184967],[7.391165,50.185081],[7.391284,50.18513],[7.391364,50.185173],[7.39145,50.185229],[7.391609,50.185286],[7.391766,50.185389],[7.391915,50.185402],[7.39209,50.185494],[7.392102,50.185512],[7.392232,50.185574],[7.392289,50.185571],[7.392405,50.185645],[7.392533,50.185714],[7.392645,50.185773],[7.392815,50.18589],[7.392893,50.185943],[7.39294,50.185945],[7.392919,50.185975],[7.393137,50.186159],[7.39318,50.186164],[7.393248,50.186229],[7.393277,50.186226],[7.393351,50.186271],[7.393671,50.186461],[7.394074,50.186678],[7.394406,50.18687],[7.39471,50.187033],[7.394934,50.187145],[7.395049,50.187205],[7.395201,50.187287],[7.395433,50.187487],[7.395789,50.187652],[7.396191,50.187797],[7.396515,50.187918],[7.396702,50.187994],[7.396957,50.188079],[7.397385,50.188211],[7.397615,50.188322],[7.397798,50.188391],[7.39802,50.188538],[7.398067,50.188573],[7.398125,50.188597],[7.39874,50.188709],[7.399245,50.188889],[7.399386,50.188918],[7.399482,50.188934],[7.399523,50.189005],[7.39959,50.189019],[7.399677,50.189037],[7.399761,50.189026],[7.399881,50.189093],[7.400147,50.189111],[7.400176,50.189186],[7.400266,50.189232],[7.40043,50.189301],[7.400546,50.189309],[7.400613,50.18938],[7.400804,50.189415],[7.401016,50.18943],[7.401157,50.18944],[7.401231,50.189505],[7.401292,50.189496],[7.401386,50.189551],[7.401509,50.189561],[7.401548,50.189612],[7.401676,50.189683],[7.401843,50.189716],[7.401857,50.18977],[7.401991,50.189786],[7.40198,50.189837],[7.402084,50.189866],[7.402096,50.189939],[7.402221,50.18995],[7.402164,50.189986],[7.402218,50.190012],[7.402324,50.189977],[7.402307,50.190053],[7.40249,50.190152],[7.402528,50.190128],[7.402595,50.190157],[7.402643,50.190222],[7.402757,50.190331],[7.402947,50.190402],[7.402927,50.190482],[7.402991,50.190541],[7.403045,50.190551],[7.403039,50.190661],[7.403031,50.190712],[7.403081,50.190738],[7.40314,50.19078],[7.403177,50.190812],[7.403176,50.190846],[7.403173,50.190865],[7.40317,50.190885],[7.403161,50.19093],[7.403143,50.190963],[7.403111,50.191018],[7.403299,50.191165],[7.40321,50.19123],[7.403399,50.191327],[7.40354,50.191421],[7.40362,50.191502],[7.403568,50.191559],[7.403705,50.191665],[7.403814,50.191699],[7.403915,50.191704],[7.403998,50.191648],[7.404154,50.191641],[7.404245,50.191685],[7.404389,50.191673],[7.404529,50.191786],[7.404559,50.19179],[7.404588,50.191794],[7.404655,50.191902],[7.404737,50.192057],[7.404936,50.192247],[7.405042,50.192483],[7.405082,50.192573],[7.404993,50.192641],[7.404991,50.192653],[7.404987,50.192679],[7.404971,50.192792],[7.405049,50.192953],[7.405223,50.193068],[7.405408,50.193142],[7.405689,50.19331],[7.405802,50.193325],[7.405897,50.193393],[7.405938,50.193409],[7.405992,50.193416],[7.406141,50.1934],[7.406267,50.193467],[7.406668,50.193637],[7.407105,50.193805],[7.407335,50.193878],[7.407542,50.193881],[7.40781,50.193933],[7.407868,50.194],[7.407975,50.194135],[7.408105,50.194155],[7.408254,50.194208],[7.408453,50.194255],[7.408617,50.19429],[7.408711,50.194329],[7.408829,50.194385],[7.408872,50.194433],[7.409015,50.194508],[7.409152,50.194572],[7.40932,50.194644],[7.409569,50.194661],[7.409653,50.194727],[7.40971,50.194746],[7.409765,50.19477],[7.409811,50.194799],[7.409863,50.194841],[7.409935,50.194922],[7.410173,50.195017],[7.410253,50.195023],[7.410303,50.195074],[7.410379,50.195084],[7.410464,50.195137],[7.41046,50.195182],[7.410588,50.195203],[7.410656,50.195302],[7.410827,50.195297],[7.410831,50.195332],[7.410887,50.195375],[7.410893,50.195384],[7.410937,50.195449],[7.410913,50.195484],[7.410873,50.195621],[7.410958,50.195669],[7.410986,50.195687],[7.411015,50.195696],[7.411043,50.195702],[7.410996,50.195746],[7.411027,50.195782],[7.411167,50.195695],[7.411318,50.195601],[7.411436,50.19553],[7.411488,50.195491],[7.411496,50.195502],[7.411757,50.195292],[7.411965,50.195137],[7.412197,50.19491],[7.412261,50.194816],[7.412318,50.194686],[7.412349,50.19465],[7.412368,50.194605],[7.412491,50.194523],[7.412644,50.194421],[7.41272,50.194336],[7.412827,50.19428],[7.413045,50.194148],[7.413107,50.194104],[7.413198,50.194026],[7.413225,50.193751],[7.413302,50.193591],[7.413337,50.193438],[7.413371,50.19336],[7.413429,50.193234],[7.413447,50.193006],[7.413605,50.192435],[7.414122,50.191846],[7.41446,50.191419],[7.415074,50.190974],[7.415315,50.190623],[7.415568,50.190389],[7.415752,50.190209],[7.415915,50.190089],[7.416014,50.189984],[7.416562,50.188724],[7.416931,50.188308],[7.417272,50.188092],[7.417481,50.187899],[7.4176,50.187826],[7.417652,50.187752],[7.417657,50.187626],[7.417802,50.187403],[7.417983,50.187249],[7.418097,50.187209],[7.419332,50.187119],[7.419549,50.187066],[7.41973,50.186998],[7.420001,50.186949],[7.420764,50.186716],[7.421034,50.186661],[7.421138,50.186608],[7.421192,50.18641],[7.421176,50.186305],[7.421101,50.186167],[7.421047,50.186009],[7.420921,50.185416],[7.420854,50.185098],[7.42081,50.184857],[7.42083,50.18465],[7.420927,50.184502],[7.421032,50.184443],[7.421213,50.18434],[7.421477,50.18424],[7.421753,50.1842],[7.422335,50.184142],[7.422512,50.184126],[7.422719,50.184077],[7.4232,50.183931],[7.423278,50.183894],[7.423298,50.18384],[7.423318,50.183659],[7.423492,50.183484],[7.423671,50.183339],[7.423857,50.183226],[7.424029,50.183076],[7.424602,50.182695],[7.424758,50.182566],[7.424966,50.182437],[7.425053,50.182387],[7.425156,50.182299],[7.425314,50.182102],[7.425356,50.182086],[7.425426,50.182037],[7.425495,50.181975],[7.425699,50.181882],[7.426,50.181702],[7.426095,50.181656],[7.426323,50.181547],[7.426532,50.181457],[7.427007,50.18138],[7.427316,50.181304],[7.427631,50.181177],[7.42774,50.181118],[7.427867,50.18103],[7.427916,50.180971],[7.428191,50.180784],[7.428218,50.180771],[7.428253,50.18072],[7.428206,50.180565],[7.428174,50.180505],[7.428158,50.180453],[7.428112,50.180395],[7.428101,50.180322],[7.427994,50.180126],[7.427983,50.180058],[7.427986,50.179993],[7.428068,50.179837],[7.42803,50.179446],[7.427999,50.17929],[7.42804,50.179219],[7.428089,50.179184],[7.428155,50.179162],[7.428223,50.179162],[7.428295,50.179168],[7.428465,50.179198],[7.428598,50.179249],[7.428688,50.179275],[7.42877,50.179275],[7.428965,50.179252],[7.429184,50.179193],[7.429362,50.179133],[7.429513,50.179063],[7.42961,50.179027],[7.429673,50.179015],[7.429729,50.178993],[7.429919,50.178967],[7.429995,50.178939],[7.430111,50.178879],[7.430154,50.17886],[7.430213,50.178783],[7.430251,50.17869],[7.430321,50.178479],[7.430336,50.178387],[7.430386,50.178218],[7.430161,50.177763],[7.43003,50.177561],[7.430012,50.177506],[7.429898,50.177304],[7.429862,50.177278],[7.429654,50.177012],[7.42965,50.176726],[7.429696,50.176477],[7.429683,50.176206],[7.429645,50.17609],[7.429554,50.17602],[7.429325,50.175953],[7.429101,50.175927],[7.428861,50.175926],[7.428568,50.175988],[7.428282,50.176031],[7.42798,50.176034],[7.427754,50.17606],[7.427627,50.176034],[7.427553,50.175998],[7.427451,50.175919],[7.427429,50.175907],[7.427208,50.175679],[7.426974,50.175412],[7.426859,50.175247],[7.426799,50.175176],[7.42674,50.175093],[7.426691,50.175109],[7.426669,50.175116],[7.426604,50.175136],[7.426189,50.175177],[7.426076,50.17521],[7.425951,50.175228],[7.425763,50.175234],[7.425499,50.175268],[7.425328,50.175196],[7.425158,50.175141],[7.424986,50.175145],[7.424892,50.175126],[7.424753,50.175115],[7.424574,50.175067],[7.42451,50.175023],[7.424475,50.174975],[7.424438,50.174952],[7.424389,50.174921],[7.424391,50.174804],[7.42427,50.174805],[7.424182,50.174769],[7.424006,50.174638],[7.423732,50.174641],[7.423645,50.174432],[7.42331,50.17417],[7.423057,50.174051],[7.422786,50.173876],[7.422555,50.173852],[7.422425,50.173776],[7.422188,50.173641],[7.421611,50.173418],[7.421363,50.173253],[7.4211,50.173204],[7.420794,50.173167],[7.420558,50.173085],[7.420371,50.173018],[7.420189,50.172877],[7.419791,50.172721],[7.419603,50.172647],[7.418997,50.17234],[7.418649,50.17215],[7.41838,50.172055],[7.417982,50.171821],[7.417793,50.171755],[7.417674,50.171682],[7.417454,50.171471],[7.417372,50.171363],[7.41731,50.171342],[7.417226,50.171284],[7.417177,50.171224],[7.417153,50.171203],[7.417063,50.171126],[7.416997,50.170988],[7.41709,50.170837],[7.416941,50.170719],[7.416886,50.170648],[7.416881,50.170532],[7.416782,50.170265],[7.416641,50.169937],[7.416624,50.169854],[7.416549,50.16972],[7.416349,50.169329],[7.416343,50.168989],[7.416386,50.168926],[7.416362,50.168829],[7.416411,50.168674],[7.416395,50.16849],[7.416436,50.16843],[7.416402,50.168342],[7.416415,50.168267],[7.416345,50.168102],[7.416241,50.168006],[7.416199,50.167893],[7.416142,50.167859],[7.415968,50.167688],[7.415936,50.167569],[7.41573,50.16745],[7.415522,50.167216],[7.415421,50.167153],[7.415357,50.167044],[7.415268,50.166932],[7.41506,50.166777],[7.414931,50.166763],[7.41473,50.166705],[7.41431,50.16658],[7.414122,50.166445],[7.414043,50.166373],[7.413874,50.166286],[7.413762,50.166183],[7.413598,50.166053],[7.41334,50.165925],[7.413092,50.165732],[7.412921,50.165666],[7.412746,50.165598],[7.41248,50.165433],[7.412349,50.165283],[7.412321,50.165273],[7.412264,50.165252],[7.412131,50.165204],[7.411959,50.165116],[7.411834,50.165017],[7.411637,50.164925],[7.41154,50.164908],[7.411379,50.164834],[7.41133,50.164734],[7.411249,50.164647],[7.411254,50.164476],[7.411263,50.164293],[7.41112,50.164203],[7.410978,50.164185],[7.410769,50.164159],[7.410607,50.164072],[7.410285,50.163774],[7.41027,50.16376],[7.410251,50.163742],[7.410104,50.163523],[7.410053,50.163479],[7.410022,50.163452],[7.409802,50.163304],[7.409723,50.163167],[7.40955,50.163012],[7.409458,50.162902],[7.409422,50.162786],[7.409336,50.162647],[7.409345,50.16243],[7.409309,50.162384],[7.409324,50.16229],[7.40932,50.161937],[7.409375,50.16172],[7.409335,50.161576],[7.409349,50.161526],[7.409356,50.161502],[7.409361,50.161485],[7.409368,50.161457],[7.409371,50.161444],[7.409316,50.161381],[7.40918,50.161322],[7.409103,50.161317],[7.40899,50.161311],[7.408715,50.16125],[7.408686,50.161238],[7.408611,50.161241],[7.408592,50.161242],[7.408364,50.161331],[7.408221,50.161444],[7.408052,50.161507],[7.407946,50.161474],[7.407912,50.161471],[7.407822,50.161463],[7.407615,50.161526],[7.407503,50.161426],[7.40748,50.161425],[7.407395,50.161425],[7.407386,50.161424],[7.407349,50.161417],[7.407104,50.161387],[7.407038,50.161397],[7.40693,50.161433],[7.406841,50.161428],[7.406787,50.161439],[7.406773,50.161442],[7.406599,50.161449],[7.406351,50.161451],[7.40606,50.161552],[7.406029,50.161565],[7.405873,50.16163],[7.405797,50.161623],[7.405272,50.161623],[7.405196,50.161622],[7.405113,50.161621],[7.404892,50.1616],[7.404791,50.16159],[7.404643,50.161537],[7.404623,50.16153],[7.404493,50.161503],[7.403997,50.161402],[7.403799,50.161407],[7.403771,50.161398],[7.40371,50.161378],[7.403576,50.161324],[7.403548,50.161313],[7.403466,50.161336],[7.403389,50.161348],[7.403349,50.161328],[7.403236,50.161275],[7.403203,50.161234],[7.403157,50.16121],[7.403084,50.161237],[7.403028,50.161247],[7.402924,50.161215],[7.402788,50.161174],[7.402755,50.161164],[7.402426,50.16104],[7.402296,50.160991],[7.402089,50.160982],[7.401912,50.160906],[7.401882,50.160893],[7.401493,50.160733],[7.40127,50.160641],[7.401114,50.160623],[7.40076,50.160505],[7.40059,50.160449],[7.400455,50.160404],[7.400262,50.160349],[7.399454,50.160298],[7.399286,50.16027],[7.399222,50.160259],[7.399053,50.160242],[7.398949,50.160238],[7.398803,50.160274],[7.398778,50.16027],[7.398716,50.160267],[7.39871,50.160269],[7.398647,50.160288],[7.398503,50.16028],[7.398369,50.160295],[7.398299,50.160343],[7.398234,50.160386],[7.398113,50.160404],[7.398031,50.16043],[7.397877,50.160479],[7.397759,50.160492],[7.397625,50.160557],[7.397497,50.160562],[7.397256,50.160602],[7.397178,50.160636],[7.396943,50.160674],[7.396724,50.160731],[7.396491,50.160771],[7.396325,50.160759],[7.396304,50.160841],[7.396127,50.160869],[7.396054,50.160881],[7.395916,50.160939],[7.395779,50.161044],[7.395518,50.161268],[7.395416,50.161323],[7.395325,50.161382],[7.395168,50.161451],[7.395089,50.161503],[7.395004,50.161515],[7.394878,50.161573],[7.39483,50.161624],[7.394818,50.161649],[7.394744,50.161796],[7.39467,50.161954],[7.394089,50.162436],[7.394205,50.162987],[7.394145,50.16322],[7.394047,50.163492],[7.394027,50.163548],[7.392996,50.164075],[7.392844,50.164152],[7.392716,50.164218],[7.39237,50.164395],[7.392361,50.164457],[7.392272,50.164446],[7.392237,50.164418],[7.391514,50.163864],[7.391393,50.163771],[7.391331,50.163753],[7.391212,50.16372],[7.391091,50.163686],[7.391017,50.163665]]]},"$schema":null,"$context":null},{"type":"Feature","properties":{"gml_id":"gemeinde_rlp.17","gid":17,"datum":"16.07.26","region":"Rheinland-Pfalz","gmdesch":232315,"gemeinde":"Strickscheid","vgnr":23201,"vbgmde":"Arzfeld","vgname":"Arzfeld (23201)","kreissch":232,"ldkreis":"Eifelkreis Bitburg-Pr\u00fcm","amtsgrcht":"Pr\u00fcm","finanzamt":"Bitburg-Pr\u00fcm","kanr":8750,"katamt":"Westeifel-Mosel","katurl":"https:\/\/vermka-westeifel-mosel.rlp.de","guta":780,"gutaurl":"https:\/\/gutachterausschuesse.rlp.de\/service\/gutachterausschuesse-fuer-grundstueckswerte\/","ags":723201315,"gemtyp":"Gemeinde","kreistyp":"Landkreis"},"bbox":[6.304656,50.13151,6.326306,50.14561],"geometry":{"type":"Polygon","coordinates":[[[6.324462,50.141328],[6.324852,50.141068],[6.325215,50.140843],[6.326133,50.140448],[6.32623,50.140382],[6.326279,50.140334],[6.326306,50.140284],[6.326306,50.140232],[6.326281,50.140182],[6.326234,50.140136],[6.326131,50.140074],[6.326084,50.140107],[6.325849,50.139966],[6.325902,50.139948],[6.325979,50.139897],[6.326048,50.139841],[6.326084,50.139812],[6.326118,50.139784],[6.325924,50.139658],[6.32561,50.139464],[6.32545,50.139303],[6.325389,50.139137],[6.325342,50.139098],[6.325157,50.138944],[6.324542,50.138784],[6.324427,50.138413],[6.324396,50.138336],[6.324394,50.138331],[6.324385,50.138311],[6.324227,50.138077],[6.325423,50.137706],[6.325338,50.137551],[6.325185,50.137129],[6.325058,50.136741],[6.324986,50.136438],[6.324938,50.136332],[6.324762,50.136139],[6.324587,50.136011],[6.324385,50.135908],[6.324227,50.135852],[6.324016,50.135803],[6.323752,50.13578],[6.32346,50.135786],[6.323122,50.13579],[6.321895,50.13578],[6.321458,50.135865],[6.321432,50.135887],[6.321329,50.135916],[6.321148,50.135996],[6.320858,50.136088],[6.320803,50.135996],[6.320751,50.135908],[6.320946,50.135852],[6.321031,50.135738],[6.321011,50.135517],[6.320776,50.135021],[6.320511,50.134744],[6.320622,50.134636],[6.320663,50.134522],[6.32088,50.133926],[6.320934,50.133389],[6.320882,50.133024],[6.320722,50.132617],[6.320352,50.13205],[6.320281,50.131991],[6.32022,50.132002],[6.32013,50.132018],[6.320088,50.132025],[6.320051,50.132081],[6.320038,50.132132],[6.320056,50.132202],[6.320125,50.132323],[6.320261,50.13252],[6.320307,50.132604],[6.320335,50.132675],[6.320354,50.132749],[6.320363,50.132815],[6.320365,50.13288],[6.320357,50.132934],[6.320336,50.132992],[6.320301,50.133046],[6.320236,50.133095],[6.320135,50.133145],[6.319978,50.133197],[6.319798,50.133237],[6.319586,50.133266],[6.318974,50.133299],[6.318549,50.133346],[6.31825,50.133354],[6.317873,50.133337],[6.317762,50.133323],[6.317668,50.133294],[6.317607,50.133254],[6.317561,50.133201],[6.317514,50.133131],[6.317322,50.132768],[6.317242,50.13266],[6.317171,50.132587],[6.317072,50.132521],[6.316939,50.13246],[6.316723,50.132399],[6.316577,50.13236],[6.316547,50.132407],[6.316344,50.132353],[6.316194,50.132299],[6.31596,50.132193],[6.315798,50.132149],[6.315571,50.132116],[6.314008,50.131936],[6.313322,50.131849],[6.312433,50.131706],[6.312251,50.131656],[6.311966,50.131561],[6.311839,50.131525],[6.311724,50.13151],[6.31189,50.132038],[6.311449,50.132271],[6.31159,50.132543],[6.31173,50.13281],[6.311727,50.132858],[6.311724,50.132902],[6.311723,50.132918],[6.310488,50.132931],[6.310093,50.132949],[6.30989,50.132968],[6.309656,50.133369],[6.309465,50.133696],[6.309417,50.133778],[6.307899,50.134207],[6.307591,50.134321],[6.307346,50.134412],[6.307289,50.134439],[6.3072,50.134376],[6.307133,50.13437],[6.307098,50.134432],[6.307031,50.13442],[6.306913,50.134771],[6.306868,50.134871],[6.306818,50.134981],[6.306669,50.13531],[6.306499,50.135687],[6.306025,50.136191],[6.305987,50.136231],[6.306441,50.136377],[6.306954,50.136545],[6.307081,50.13655],[6.306979,50.13663],[6.307076,50.136915],[6.307353,50.137729],[6.307094,50.137713],[6.306884,50.1377],[6.306824,50.137711],[6.306737,50.137744],[6.306753,50.137769],[6.307071,50.138271],[6.306637,50.138373],[6.306368,50.138447],[6.306095,50.138545],[6.305645,50.138732],[6.305488,50.138786],[6.304656,50.138999],[6.304883,50.139055],[6.304981,50.139075],[6.305368,50.139129],[6.305435,50.139139],[6.305572,50.139165],[6.305807,50.139222],[6.306264,50.139354],[6.306972,50.139654],[6.306957,50.139729],[6.30667,50.139689],[6.30603,50.139678],[6.306001,50.141532],[6.305996,50.141546],[6.305985,50.141572],[6.305979,50.141588],[6.306174,50.141617],[6.306584,50.141662],[6.306984,50.141698],[6.30716,50.141714],[6.308374,50.141824],[6.308812,50.141872],[6.30879,50.142058],[6.308748,50.142415],[6.31002,50.142403],[6.310702,50.142397],[6.310803,50.142444],[6.310994,50.142523],[6.311214,50.142613],[6.312104,50.142977],[6.313323,50.143454],[6.314273,50.143848],[6.314825,50.144069],[6.315046,50.144154],[6.315091,50.144118],[6.315644,50.144325],[6.31654,50.143724],[6.31959,50.144543],[6.321058,50.144739],[6.321108,50.144834],[6.321311,50.145191],[6.321488,50.145521],[6.321452,50.145571],[6.32139,50.145602],[6.321494,50.14561],[6.321625,50.145607],[6.321752,50.145592],[6.32165,50.145566],[6.321574,50.145521],[6.321384,50.145175],[6.321181,50.144817],[6.320968,50.144414],[6.320931,50.144342],[6.320877,50.144271],[6.320806,50.144197],[6.320716,50.144134],[6.320602,50.144081],[6.320071,50.143917],[6.319953,50.143876],[6.319841,50.143828],[6.319754,50.143761],[6.319687,50.143689],[6.319656,50.143624],[6.319648,50.143502],[6.319637,50.143287],[6.319681,50.143326],[6.319756,50.143362],[6.320262,50.143343],[6.320421,50.143307],[6.32066,50.143183],[6.321591,50.14267],[6.32199,50.142558],[6.322322,50.142494],[6.323254,50.142503],[6.323419,50.142463],[6.324215,50.142196],[6.324324,50.142193],[6.324453,50.142211],[6.324473,50.141523],[6.324417,50.141388],[6.324462,50.141328]]]},"$schema":null,"$context":null},{"type":"Feature","properties":{"gml_id":"gemeinde_rlp.18","gid":18,"datum":"16.07.26","region":"Rheinland-Pfalz","gmdesch":134091,"gemeinde":"Weiden","vgnr":13405,"vbgmde":"Herrstein-Rhaunen","vgname":"Herrstein-Rhaunen (13405)","kreissch":134,"ldkreis":"Birkenfeld","amtsgrcht":"Idar-Oberstein","finanzamt":"Idar-Oberstein","kanr":6600,"katamt":"Rheinhessen-Nahe","katurl":"https:\/\/vermka-rheinhessen-nahe.rlp.de","guta":740,"gutaurl":"https:\/\/gutachterausschuesse.rlp.de\/service\/gutachterausschuesse-fuer-grundstueckswerte\/","ags":713405091,"gemtyp":"Gemeinde","kreistyp":"Landkreis"},"bbox":[7.287152,49.794944,7.314181,49.814228],"geometry":{"type":"Polygon","coordinates":[[[7.296806,49.811299],[7.296666,49.811782],[7.296624,49.81193],[7.296501,49.812353],[7.29639,49.812634],[7.296363,49.812704],[7.299622,49.81339],[7.300782,49.813634],[7.301086,49.813686],[7.302242,49.813885],[7.302576,49.813943],[7.302707,49.813965],[7.302761,49.813975],[7.30336,49.814078],[7.303414,49.814087],[7.303514,49.814105],[7.303547,49.81411],[7.303836,49.81416],[7.304191,49.814222],[7.304231,49.814228],[7.304249,49.814151],[7.304293,49.813754],[7.304315,49.813688],[7.304319,49.81368],[7.304661,49.813055],[7.304686,49.81301],[7.304688,49.812962],[7.304674,49.812941],[7.304683,49.812936],[7.304973,49.812777],[7.305243,49.812755],[7.305706,49.812716],[7.306148,49.812678],[7.307895,49.812525],[7.308904,49.812408],[7.310832,49.812184],[7.313573,49.811941],[7.313656,49.811934],[7.313741,49.811926],[7.31418,49.811887],[7.313051,49.81153],[7.312895,49.81148],[7.312685,49.811414],[7.31182,49.81114],[7.30995,49.810549],[7.309069,49.810071],[7.307764,49.809364],[7.306984,49.808497],[7.306916,49.808421],[7.306331,49.807772],[7.307288,49.806737],[7.308233,49.805713],[7.309597,49.804861],[7.309639,49.804835],[7.309845,49.804705],[7.310871,49.804041],[7.312505,49.802836],[7.314181,49.801707],[7.314179,49.801653],[7.314094,49.79998],[7.314093,49.799946],[7.314091,49.799895],[7.314033,49.797955],[7.311184,49.797711],[7.311362,49.797072],[7.311275,49.796532],[7.311137,49.796196],[7.310397,49.796289],[7.310352,49.796278],[7.309858,49.796533],[7.30961,49.79664],[7.30932,49.796754],[7.307877,49.797237],[7.30766,49.797298],[7.30725,49.797344],[7.306858,49.797364],[7.306554,49.797353],[7.305685,49.797368],[7.305281,49.797331],[7.305004,49.797295],[7.30458,49.797191],[7.304178,49.797237],[7.303848,49.797205],[7.303614,49.79711],[7.303431,49.796896],[7.303428,49.79676],[7.303569,49.796636],[7.303568,49.796573],[7.303537,49.796388],[7.303472,49.796273],[7.303206,49.796156],[7.302935,49.795934],[7.30271,49.795868],[7.302196,49.795607],[7.302013,49.795464],[7.301808,49.795422],[7.30159,49.79544],[7.301416,49.795428],[7.301001,49.795398],[7.300118,49.795063],[7.299807,49.794982],[7.299534,49.794944],[7.299271,49.795008],[7.299076,49.795027],[7.298922,49.794998],[7.298717,49.795041],[7.29855,49.795105],[7.298557,49.795199],[7.298653,49.795431],[7.298597,49.795547],[7.298402,49.795617],[7.298218,49.795801],[7.297924,49.795938],[7.297913,49.795944],[7.297867,49.795966],[7.297692,49.796037],[7.297535,49.796069],[7.29729,49.796085],[7.29704,49.796176],[7.296813,49.796444],[7.296653,49.796619],[7.296519,49.79681],[7.296407,49.796908],[7.296221,49.797025],[7.296094,49.797033],[7.295862,49.796996],[7.295639,49.797062],[7.295505,49.797118],[7.295413,49.797128],[7.2952,49.797116],[7.294896,49.797122],[7.294813,49.797109],[7.294648,49.797159],[7.294614,49.797201],[7.29456,49.79723],[7.294489,49.797256],[7.294316,49.797296],[7.294153,49.797313],[7.29383,49.797418],[7.293688,49.797478],[7.293511,49.79761],[7.293316,49.797745],[7.293157,49.797782],[7.293093,49.797814],[7.293028,49.797939],[7.293022,49.798029],[7.292987,49.798084],[7.292926,49.798129],[7.292857,49.798166],[7.292849,49.798172],[7.292824,49.798188],[7.2928,49.79822],[7.29278,49.798258],[7.292788,49.798271],[7.292822,49.798372],[7.292789,49.798461],[7.292777,49.798487],[7.292709,49.798571],[7.292649,49.79863],[7.292569,49.798678],[7.292494,49.798767],[7.29247,49.798825],[7.292409,49.798913],[7.29231,49.798984],[7.292123,49.799056],[7.291938,49.799111],[7.291848,49.79913],[7.291812,49.799166],[7.291649,49.799277],[7.291446,49.799422],[7.291365,49.799443],[7.291318,49.799443],[7.291319,49.799474],[7.291404,49.79954],[7.291765,49.799284],[7.291913,49.799186],[7.2918,49.799451],[7.291525,49.7998],[7.291375,49.799899],[7.291347,49.799917],[7.291334,49.799905],[7.291309,49.799887],[7.2913,49.799867],[7.291268,49.799878],[7.290938,49.800095],[7.290623,49.800276],[7.290428,49.800423],[7.290311,49.800539],[7.290255,49.800539],[7.290012,49.800623],[7.28991,49.800595],[7.289853,49.800579],[7.289741,49.800644],[7.289608,49.800644],[7.28953,49.800645],[7.289254,49.800648],[7.289128,49.800861],[7.288946,49.801001],[7.288621,49.801318],[7.28832,49.801409],[7.288384,49.80158],[7.288286,49.801726],[7.288284,49.801823],[7.288282,49.801932],[7.288278,49.802056],[7.288278,49.802122],[7.288301,49.80213],[7.288489,49.802194],[7.288521,49.802205],[7.288542,49.802213],[7.288571,49.802222],[7.288578,49.80221],[7.288587,49.802181],[7.288609,49.802144],[7.288643,49.802146],[7.288657,49.802147],[7.288733,49.802152],[7.288837,49.802159],[7.289177,49.802182],[7.2892,49.802183],[7.289346,49.802193],[7.289416,49.802198],[7.290761,49.802289],[7.292748,49.802568],[7.291695,49.804025],[7.28999,49.805185],[7.288501,49.806257],[7.288067,49.806822],[7.288036,49.806862],[7.287968,49.80695],[7.287152,49.808019],[7.287219,49.808055],[7.289564,49.809301],[7.289612,49.809319],[7.29128,49.809953],[7.291406,49.810001],[7.2915,49.81003],[7.29402,49.810797],[7.294099,49.810821],[7.29443,49.810922],[7.296712,49.811284],[7.296806,49.811299]]]},"$schema":null,"$context":null},{"type":"Feature","properties":{"gml_id":"gemeinde_rlp.19","gid":19,"datum":"16.07.26","region":"Rheinland-Pfalz","gmdesch":232290,"gemeinde":"Orlenbach","vgnr":23206,"vbgmde":"Pr\u00fcm","vgname":"Pr\u00fcm (23206)","kreissch":232,"ldkreis":"Eifelkreis Bitburg-Pr\u00fcm","amtsgrcht":"Pr\u00fcm","finanzamt":"Bitburg-Pr\u00fcm","kanr":8750,"katamt":"Westeifel-Mosel","katurl":"https:\/\/vermka-westeifel-mosel.rlp.de","guta":780,"gutaurl":"https:\/\/gutachterausschuesse.rlp.de\/service\/gutachterausschuesse-fuer-grundstueckswerte\/","ags":723206290,"gemtyp":"Gemeinde","kreistyp":"Landkreis"},"bbox":[6.370319,50.151361,6.4136,50.178169],"geometry":{"type":"Polygon","coordinates":[[[6.40734,50.171584],[6.407442,50.171513],[6.407602,50.171363],[6.407782,50.17114],[6.407838,50.171035],[6.407934,50.170646],[6.407966,50.170267],[6.407967,50.170233],[6.407931,50.170011],[6.407869,50.169819],[6.408176,50.169307],[6.408338,50.169037],[6.408417,50.168903],[6.408447,50.168853],[6.408618,50.168763],[6.40837,50.168789],[6.408399,50.168778],[6.40848,50.168748],[6.408707,50.168632],[6.410443,50.168295],[6.410536,50.168276],[6.410589,50.168264],[6.410801,50.16822],[6.411266,50.168123],[6.411983,50.167974],[6.412414,50.167828],[6.413083,50.16735],[6.413167,50.16729],[6.4136,50.167068],[6.41349,50.166891],[6.413276,50.166545],[6.413174,50.16634],[6.413113,50.166217],[6.413544,50.166193],[6.413282,50.166073],[6.412952,50.165208],[6.412721,50.164778],[6.412489,50.163977],[6.412331,50.163233],[6.41215,50.162623],[6.412046,50.162475],[6.411944,50.16233],[6.411875,50.162284],[6.411293,50.161902],[6.409885,50.161452],[6.409446,50.161167],[6.409162,50.160937],[6.40901,50.160799],[6.409091,50.160016],[6.409144,50.159509],[6.409221,50.158759],[6.409152,50.158755],[6.407565,50.15874],[6.406494,50.15863],[6.404079,50.157968],[6.403834,50.157901],[6.403684,50.15786],[6.402692,50.157611],[6.402558,50.157447],[6.402501,50.157421],[6.402572,50.157402],[6.402603,50.157302],[6.402802,50.156629],[6.402991,50.155992],[6.403019,50.155897],[6.403069,50.155731],[6.403074,50.155712],[6.403154,50.155439],[6.403365,50.154732],[6.400125,50.154241],[6.399437,50.154136],[6.395803,50.153586],[6.395965,50.153134],[6.395915,50.153074],[6.394685,50.152873],[6.394594,50.152989],[6.394365,50.153261],[6.394349,50.153272],[6.394177,50.153397],[6.39409,50.153452],[6.393643,50.153378],[6.393258,50.153377],[6.392848,50.153389],[6.391972,50.153424],[6.39133,50.153427],[6.391256,50.153428],[6.390238,50.15333],[6.389388,50.153239],[6.388892,50.153156],[6.388738,50.15313],[6.388289,50.153],[6.38795,50.1529],[6.387828,50.152864],[6.387523,50.152809],[6.38712,50.152737],[6.387031,50.152721],[6.386858,50.15264],[6.386642,50.152536],[6.385425,50.152189],[6.384078,50.152033],[6.383625,50.151981],[6.383175,50.151926],[6.382087,50.151795],[6.381089,50.151674],[6.380198,50.151566],[6.379152,50.151456],[6.379078,50.151438],[6.379025,50.151426],[6.378968,50.151405],[6.378849,50.151361],[6.37885,50.151397],[6.378662,50.15149],[6.378346,50.151615],[6.378077,50.151676],[6.377743,50.151705],[6.377447,50.151714],[6.377143,50.151721],[6.376385,50.151776],[6.375154,50.151919],[6.373739,50.152068],[6.373082,50.152092],[6.372696,50.152136],[6.372427,50.152198],[6.371971,50.152336],[6.371627,50.152418],[6.371318,50.152489],[6.37111,50.15251],[6.371102,50.152584],[6.371099,50.152611],[6.371028,50.152809],[6.370906,50.153154],[6.370876,50.153184],[6.370569,50.1535],[6.370607,50.153528],[6.370624,50.153531],[6.371265,50.153656],[6.371481,50.153705],[6.371832,50.153816],[6.372236,50.154013],[6.372706,50.154163],[6.372673,50.154203],[6.372628,50.154256],[6.372527,50.154377],[6.372447,50.154472],[6.372424,50.154501],[6.372351,50.154596],[6.372286,50.154662],[6.372136,50.154826],[6.372497,50.154866],[6.373017,50.154943],[6.374521,50.155332],[6.374487,50.155366],[6.374484,50.155375],[6.374434,50.15551],[6.374402,50.1556],[6.374306,50.155786],[6.374285,50.155819],[6.37413,50.155975],[6.374041,50.156074],[6.373857,50.156171],[6.373773,50.156402],[6.373728,50.156525],[6.373901,50.156838],[6.373922,50.156989],[6.373929,50.157034],[6.373934,50.157055],[6.373943,50.157087],[6.373999,50.157347],[6.374,50.157515],[6.373626,50.15763],[6.374284,50.157807],[6.374412,50.157887],[6.374468,50.157952],[6.374476,50.158011],[6.374446,50.158147],[6.373999,50.158969],[6.373811,50.159254],[6.373463,50.159577],[6.373146,50.159817],[6.372854,50.159943],[6.372581,50.160043],[6.372291,50.160095],[6.372022,50.160107],[6.370866,50.160107],[6.370746,50.160126],[6.370632,50.160197],[6.370424,50.16059],[6.370453,50.160642],[6.370466,50.160739],[6.371174,50.160749],[6.370848,50.161164],[6.370496,50.161506],[6.370319,50.16167],[6.370853,50.161841],[6.371384,50.162066],[6.371713,50.162226],[6.372079,50.162411],[6.372274,50.162309],[6.372479,50.162111],[6.372969,50.162492],[6.373006,50.162534],[6.373496,50.163078],[6.373509,50.163088],[6.373945,50.163422],[6.374393,50.163781],[6.374523,50.163884],[6.374615,50.163826],[6.374694,50.16376],[6.375008,50.163497],[6.375399,50.163563],[6.375543,50.163794],[6.375633,50.163774],[6.375705,50.163758],[6.375895,50.163716],[6.376556,50.16359],[6.376598,50.163645],[6.376589,50.163906],[6.376615,50.163953],[6.376633,50.163987],[6.376612,50.164048],[6.376596,50.164096],[6.376634,50.164236],[6.376721,50.164309],[6.376657,50.164535],[6.376669,50.16462],[6.376588,50.164751],[6.37665,50.164807],[6.376631,50.164828],[6.376546,50.16492],[6.376662,50.165008],[6.376662,50.165121],[6.376592,50.165162],[6.376583,50.165233],[6.376528,50.165287],[6.376579,50.165343],[6.376558,50.1654],[6.376599,50.165469],[6.376511,50.16557],[6.376555,50.165629],[6.376519,50.165646],[6.376448,50.165681],[6.376447,50.165755],[6.376357,50.165837],[6.376324,50.165866],[6.376453,50.16601],[6.376323,50.166065],[6.376291,50.166157],[6.376198,50.16622],[6.376245,50.166285],[6.376261,50.166327],[6.37631,50.166453],[6.376398,50.166498],[6.376444,50.166606],[6.376586,50.166738],[6.376539,50.166848],[6.376475,50.166914],[6.376659,50.166998],[6.376826,50.167059],[6.376878,50.167166],[6.376986,50.16725],[6.377001,50.167355],[6.37708,50.167407],[6.377099,50.167419],[6.377185,50.167391],[6.377304,50.16741],[6.377388,50.167542],[6.37738,50.167566],[6.377324,50.167747],[6.377238,50.168014],[6.377142,50.168156],[6.376196,50.168421],[6.37586,50.168325],[6.375441,50.168245],[6.375037,50.168285],[6.374683,50.168388],[6.374635,50.168394],[6.374235,50.168444],[6.373946,50.168716],[6.373866,50.168792],[6.373817,50.168765],[6.373817,50.168815],[6.373445,50.169322],[6.373398,50.169508],[6.37336,50.169558],[6.37343,50.169569],[6.373436,50.169662],[6.373438,50.169686],[6.373388,50.169679],[6.373407,50.169736],[6.373391,50.169989],[6.373367,50.170245],[6.373497,50.170476],[6.373462,50.170464],[6.372418,50.170068],[6.372426,50.170102],[6.372589,50.170392],[6.372765,50.170617],[6.373197,50.170993],[6.373565,50.171209],[6.373727,50.171319],[6.373944,50.171443],[6.373741,50.171654],[6.373641,50.171752],[6.373465,50.171912],[6.373419,50.172037],[6.373381,50.17228],[6.373458,50.17237],[6.373589,50.172524],[6.374068,50.172312],[6.374484,50.1731],[6.374652,50.173382],[6.374795,50.173639],[6.374833,50.173791],[6.374842,50.174086],[6.375001,50.174474],[6.375045,50.17459],[6.375126,50.174565],[6.375241,50.174785],[6.37563,50.174994],[6.375995,50.175194],[6.376384,50.175326],[6.37648,50.175274],[6.376651,50.175245],[6.377813,50.17488],[6.378305,50.174692],[6.378848,50.174486],[6.379337,50.174185],[6.379957,50.174061],[6.380182,50.174015],[6.38062,50.173928],[6.380733,50.17385],[6.38089,50.173855],[6.381139,50.17413],[6.381193,50.174189],[6.381432,50.174452],[6.381887,50.174259],[6.381939,50.174237],[6.382348,50.174064],[6.382486,50.174006],[6.38251,50.173996],[6.382122,50.173821],[6.381889,50.173716],[6.381871,50.17363],[6.381845,50.173508],[6.38175,50.173244],[6.381836,50.173193],[6.381918,50.173146],[6.382294,50.172959],[6.382605,50.172805],[6.383395,50.17335],[6.383475,50.173342],[6.383639,50.173432],[6.384126,50.173699],[6.384222,50.173752],[6.385231,50.174318],[6.385828,50.174652],[6.385879,50.174681],[6.385975,50.174793],[6.386453,50.175352],[6.386555,50.175472],[6.386826,50.175936],[6.386876,50.176026],[6.387361,50.176437],[6.387417,50.17668],[6.387342,50.176997],[6.387475,50.177248],[6.38818,50.177314],[6.388585,50.177337],[6.389164,50.177371],[6.389848,50.177481],[6.389935,50.177498],[6.390205,50.177552],[6.39027,50.177564],[6.391071,50.177726],[6.392046,50.177949],[6.392132,50.177968],[6.392249,50.177985],[6.392356,50.178001],[6.393736,50.177753],[6.394106,50.177684],[6.394193,50.177664],[6.394359,50.177627],[6.39426,50.177457],[6.393961,50.177201],[6.394032,50.177233],[6.394132,50.177231],[6.394599,50.177304],[6.395433,50.177369],[6.395885,50.177348],[6.396069,50.177297],[6.396599,50.177065],[6.397394,50.176781],[6.397431,50.176767],[6.397459,50.176785],[6.397478,50.176852],[6.397596,50.176956],[6.397595,50.177104],[6.397639,50.177195],[6.397682,50.177394],[6.397763,50.177511],[6.397987,50.177572],[6.398064,50.177876],[6.39836,50.17793],[6.398565,50.177965],[6.398761,50.177988],[6.399068,50.178024],[6.399313,50.177851],[6.399054,50.177579],[6.399527,50.177488],[6.399811,50.177756],[6.399996,50.17793],[6.400298,50.178028],[6.400522,50.17808],[6.400757,50.178102],[6.40101,50.178132],[6.40131,50.178169],[6.401428,50.177998],[6.401442,50.177978],[6.401572,50.17779],[6.401707,50.177593],[6.401948,50.177244],[6.401962,50.177224],[6.40218,50.176908],[6.40218,50.176869],[6.40218,50.176691],[6.402181,50.176199],[6.402181,50.175988],[6.402181,50.175783],[6.402394,50.175427],[6.402545,50.175175],[6.402597,50.175092],[6.403072,50.174251],[6.40326,50.174087],[6.40338,50.173971],[6.403637,50.173746],[6.403643,50.173555],[6.40364,50.173239],[6.403775,50.173035],[6.40388,50.172965],[6.404274,50.172691],[6.40434,50.172645],[6.405091,50.172197],[6.405157,50.172157],[6.405215,50.172122],[6.405354,50.172086],[6.405603,50.17202],[6.405969,50.171977],[6.406559,50.171899],[6.406684,50.171862],[6.407071,50.171745],[6.407163,50.171698],[6.40734,50.171584]]]},"$schema":null,"$context":null},{"type":"Feature","properties":{"gml_id":"gemeinde_rlp.20","gid":20,"datum":"16.07.26","region":"Rheinland-Pfalz","gmdesch":235124,"gemeinde":"Sch\u00f6ndorf","vgnr":23504,"vbgmde":"Ruwer","vgname":"Ruwer (23504)","kreissch":235,"ldkreis":"Trier-Saarburg","amtsgrcht":"Trier","finanzamt":"Trier","kanr":8750,"katamt":"Westeifel-Mosel","katurl":"https:\/\/vermka-westeifel-mosel.rlp.de","guta":780,"gutaurl":"https:\/\/gutachterausschuesse.rlp.de\/service\/gutachterausschuesse-fuer-grundstueckswerte\/","ags":723504124,"gemtyp":"Gemeinde","kreistyp":"Landkreis"},"bbox":[6.718699,49.653054,6.773458,49.706844],"geometry":{"type":"Polygon","coordinates":[[[6.751965,49.678083],[6.752017,49.677883],[6.752216,49.677825],[6.752426,49.677764],[6.752666,49.677695],[6.752932,49.677618],[6.753276,49.677518],[6.753691,49.677398],[6.75421,49.677248],[6.754699,49.677107],[6.754754,49.677091],[6.755013,49.677012],[6.75518,49.676961],[6.755508,49.676861],[6.755673,49.676811],[6.756695,49.676499],[6.757042,49.676394],[6.757247,49.67633],[6.757996,49.6761],[6.758121,49.676062],[6.758246,49.676023],[6.759898,49.675881],[6.760668,49.674654],[6.761176,49.673845],[6.761195,49.673818],[6.761212,49.673734],[6.76116,49.673606],[6.761094,49.673494],[6.761126,49.67339],[6.761134,49.673261],[6.76125,49.673182],[6.761317,49.673034],[6.761309,49.672962],[6.761327,49.672738],[6.761469,49.672524],[6.7615,49.672397],[6.761482,49.672258],[6.761483,49.672115],[6.761483,49.672042],[6.761402,49.67188],[6.761378,49.671708],[6.761609,49.67144],[6.761622,49.671335],[6.761624,49.671317],[6.761732,49.671105],[6.761965,49.670986],[6.762086,49.670895],[6.762118,49.670737],[6.762243,49.670571],[6.762396,49.670417],[6.762506,49.670338],[6.76357,49.669548],[6.764274,49.669173],[6.767451,49.667346],[6.768621,49.666547],[6.769388,49.665966],[6.769433,49.665933],[6.769892,49.665585],[6.771945,49.664009],[6.773451,49.662739],[6.773458,49.66271],[6.773219,49.662692],[6.772653,49.662315],[6.772419,49.662222],[6.772174,49.662014],[6.77208,49.662021],[6.771928,49.661932],[6.771816,49.661892],[6.771805,49.661842],[6.771734,49.661816],[6.771669,49.66174],[6.771654,49.661613],[6.77152,49.661595],[6.771479,49.661539],[6.771441,49.661465],[6.771395,49.661445],[6.771332,49.661371],[6.771267,49.661329],[6.771255,49.661251],[6.771192,49.661239],[6.771136,49.661226],[6.771064,49.6612],[6.77098,49.661143],[6.770962,49.661065],[6.770895,49.661029],[6.770868,49.660985],[6.770895,49.660928],[6.770832,49.660871],[6.770901,49.660797],[6.770818,49.660752],[6.770764,49.66058],[6.770763,49.660485],[6.77068,49.660405],[6.770599,49.660353],[6.770523,49.660212],[6.77044,49.660157],[6.770426,49.660103],[6.770285,49.659939],[6.770122,49.659922],[6.77009,49.659887],[6.770009,49.659856],[6.769889,49.659718],[6.769815,49.659723],[6.769782,49.659679],[6.769552,49.659582],[6.769364,49.659475],[6.769188,49.659352],[6.769186,49.659244],[6.768728,49.658947],[6.76863,49.658919],[6.768491,49.658915],[6.768308,49.658979],[6.768194,49.658949],[6.768196,49.658896],[6.768089,49.658875],[6.768052,49.658797],[6.767871,49.658743],[6.767681,49.658741],[6.767608,49.658691],[6.767582,49.658635],[6.767471,49.658557],[6.767185,49.658584],[6.766915,49.658562],[6.766893,49.658507],[6.766858,49.658474],[6.766707,49.658469],[6.766536,49.658467],[6.7665,49.658445],[6.766475,49.658423],[6.766415,49.658405],[6.766375,49.658404],[6.766047,49.65849],[6.765817,49.658519],[6.765672,49.65849],[6.765504,49.658444],[6.765434,49.658406],[6.76529,49.658357],[6.765162,49.658291],[6.765042,49.658236],[6.764907,49.658199],[6.764727,49.658135],[6.764502,49.658057],[6.764399,49.658017],[6.764207,49.657993],[6.76405,49.658024],[6.763958,49.658025],[6.763799,49.657984],[6.763706,49.657888],[6.763714,49.657847],[6.763732,49.65774],[6.76371,49.657708],[6.763678,49.657686],[6.763558,49.657619],[6.76355,49.65754],[6.763444,49.657435],[6.763332,49.657355],[6.763263,49.657294],[6.76314,49.657269],[6.762997,49.657199],[6.762408,49.657048],[6.762166,49.656894],[6.762028,49.656803],[6.761768,49.656781],[6.761696,49.656702],[6.761545,49.656652],[6.761109,49.656417],[6.760951,49.656372],[6.761022,49.655999],[6.761096,49.655852],[6.760945,49.655617],[6.7608,49.655542],[6.760684,49.655435],[6.760592,49.655283],[6.760495,49.655229],[6.760454,49.655133],[6.760372,49.65505],[6.76033,49.654959],[6.760074,49.654862],[6.759864,49.654793],[6.759573,49.654675],[6.759497,49.654609],[6.759363,49.65452],[6.75928,49.654392],[6.758988,49.65412],[6.75892,49.654105],[6.758771,49.654047],[6.758532,49.6539],[6.758379,49.653841],[6.757986,49.653486],[6.757972,49.653346],[6.757824,49.653202],[6.757695,49.653118],[6.757501,49.653079],[6.757233,49.653055],[6.757223,49.653054],[6.757216,49.653074],[6.757078,49.653695],[6.75663,49.654683],[6.756366,49.655175],[6.756921,49.655141],[6.757157,49.655189],[6.757434,49.655253],[6.757486,49.655253],[6.757772,49.655248],[6.757821,49.655333],[6.75784,49.655371],[6.757589,49.655634],[6.757731,49.655686],[6.757678,49.656041],[6.757567,49.65616],[6.757543,49.656308],[6.757595,49.656351],[6.757821,49.656525],[6.757639,49.656787],[6.757864,49.656935],[6.75811,49.657026],[6.758358,49.657162],[6.758644,49.657359],[6.758904,49.657619],[6.75902,49.658008],[6.759083,49.658188],[6.759098,49.658402],[6.759329,49.65863],[6.759495,49.658732],[6.759641,49.658897],[6.759729,49.659091],[6.759847,49.659315],[6.760414,49.659821],[6.760055,49.660269],[6.76004,49.660287],[6.76003,49.660314],[6.759406,49.661305],[6.759392,49.661504],[6.759667,49.661611],[6.760186,49.661758],[6.760211,49.661802],[6.760258,49.661888],[6.760428,49.66196],[6.760732,49.662025],[6.760857,49.662008],[6.761533,49.662179],[6.762073,49.662327],[6.762619,49.662557],[6.763159,49.662661],[6.763832,49.662913],[6.763705,49.663182],[6.763614,49.663587],[6.763477,49.664099],[6.763341,49.664511],[6.763204,49.665045],[6.763091,49.665061],[6.762927,49.665084],[6.762963,49.665215],[6.761964,49.66485],[6.760526,49.664283],[6.759769,49.664079],[6.75966,49.664048],[6.759265,49.663938],[6.758044,49.663598],[6.757907,49.66356],[6.757769,49.663521],[6.757573,49.663467],[6.757384,49.663414],[6.757196,49.663362],[6.757013,49.663311],[6.756904,49.663281],[6.756794,49.66325],[6.756508,49.66317],[6.756274,49.663105],[6.755962,49.663017],[6.755735,49.662954],[6.755623,49.662922],[6.755515,49.662892],[6.755389,49.662857],[6.75508,49.662769],[6.754875,49.662712],[6.754775,49.662684],[6.754606,49.662636],[6.754544,49.662619],[6.754442,49.662615],[6.754165,49.662603],[6.753859,49.662591],[6.753791,49.662589],[6.75356,49.662537],[6.75341,49.662503],[6.753248,49.662467],[6.753131,49.662441],[6.753043,49.662421],[6.752965,49.662404],[6.752677,49.66234],[6.7525,49.6623],[6.752125,49.662216],[6.751871,49.662128],[6.751661,49.662056],[6.751445,49.661981],[6.751221,49.661903],[6.75116,49.661882],[6.750773,49.661748],[6.750326,49.661593],[6.750303,49.661585],[6.749889,49.661405],[6.74954,49.661252],[6.749441,49.661209],[6.749105,49.661063],[6.748754,49.660909],[6.748422,49.660741],[6.748093,49.660574],[6.748053,49.660553],[6.747856,49.660456],[6.747343,49.660201],[6.746704,49.659872],[6.7463,49.660102],[6.746256,49.660089],[6.746059,49.660032],[6.745935,49.659995],[6.745623,49.659902],[6.745307,49.659807],[6.745262,49.659794],[6.744994,49.65971],[6.744841,49.659662],[6.744611,49.659591],[6.744449,49.65954],[6.74428,49.659488],[6.744176,49.659455],[6.743765,49.659995],[6.743542,49.660584],[6.74348,49.660685],[6.742883,49.661625],[6.742851,49.661675],[6.742824,49.661719],[6.742783,49.661763],[6.742423,49.662199],[6.742398,49.662221],[6.741778,49.662782],[6.738837,49.663739],[6.738215,49.663876],[6.737004,49.663824],[6.736148,49.663924],[6.735325,49.664019],[6.73498,49.664063],[6.73393,49.664193],[6.733668,49.664368],[6.733568,49.664434],[6.733524,49.664462],[6.733208,49.664672],[6.732952,49.664842],[6.73269,49.665016],[6.732558,49.665104],[6.732422,49.665194],[6.732335,49.665252],[6.732227,49.665323],[6.732156,49.665353],[6.731955,49.665438],[6.731778,49.665513],[6.731597,49.665589],[6.731279,49.665723],[6.731249,49.665736],[6.731138,49.665782],[6.730887,49.665896],[6.730752,49.665957],[6.730714,49.665974],[6.730674,49.665991],[6.730334,49.665968],[6.729989,49.666006],[6.729712,49.666096],[6.72923,49.666203],[6.728902,49.666347],[6.728727,49.666426],[6.72838,49.66664],[6.728126,49.666884],[6.728091,49.666931],[6.727879,49.667317],[6.727893,49.667354],[6.727914,49.66741],[6.728148,49.667995],[6.728422,49.668497],[6.728536,49.668654],[6.728524,49.668699],[6.728512,49.668746],[6.728439,49.669023],[6.728418,49.669102],[6.728901,49.66913],[6.728961,49.669134],[6.731098,49.669254],[6.730791,49.669915],[6.730722,49.670064],[6.730565,49.670401],[6.730521,49.670495],[6.730498,49.670546],[6.730166,49.67126],[6.730102,49.671398],[6.730043,49.671409],[6.730016,49.671412],[6.729883,49.671433],[6.729873,49.671435],[6.729183,49.671545],[6.728544,49.671658],[6.728149,49.671728],[6.726978,49.67191],[6.726496,49.671978],[6.726494,49.671884],[6.726493,49.671847],[6.726168,49.6719],[6.726062,49.671914],[6.725936,49.671934],[6.725824,49.671951],[6.725714,49.671969],[6.725496,49.672004],[6.725376,49.672022],[6.72519,49.672051],[6.725001,49.672081],[6.724821,49.67211],[6.724184,49.67221],[6.723899,49.672255],[6.723818,49.672267],[6.723447,49.672324],[6.722972,49.672403],[6.72269,49.672445],[6.720955,49.672655],[6.720894,49.672662],[6.720676,49.672689],[6.72053,49.672691],[6.720535,49.672791],[6.720504,49.67328],[6.72046,49.673396],[6.720219,49.673741],[6.719849,49.674264],[6.719716,49.6744],[6.719517,49.674534],[6.719329,49.674658],[6.719216,49.674691],[6.719088,49.674786],[6.718722,49.67525],[6.718727,49.675355],[6.718699,49.675697],[6.718719,49.675791],[6.718772,49.676029],[6.718833,49.676301],[6.718819,49.676298],[6.718824,49.676317],[6.718879,49.676492],[6.71891,49.676515],[6.718955,49.676542],[6.719011,49.676564],[6.719092,49.676598],[6.719279,49.676641],[6.719334,49.676656],[6.719415,49.676674],[6.719586,49.676708],[6.720004,49.676756],[6.72019,49.676745],[6.720332,49.676734],[6.720597,49.676678],[6.72068,49.676661],[6.721111,49.67655],[6.721229,49.676511],[6.721317,49.676482],[6.721401,49.676454],[6.721533,49.676419],[6.721818,49.676356],[6.722397,49.676259],[6.722786,49.676214],[6.723305,49.676251],[6.723636,49.67622],[6.724113,49.676269],[6.724187,49.676276],[6.724327,49.676291],[6.724406,49.67628],[6.724601,49.676251],[6.724686,49.676246],[6.724722,49.676244],[6.724822,49.676222],[6.72505,49.676177],[6.725055,49.676126],[6.725222,49.67603],[6.725424,49.675881],[6.725603,49.675791],[6.725927,49.67577],[6.72649,49.675877],[6.726525,49.675881],[6.727266,49.676154],[6.727456,49.676251],[6.727714,49.676375],[6.727776,49.676403],[6.727829,49.676424],[6.727963,49.676499],[6.728105,49.676575],[6.728204,49.676617],[6.728329,49.676682],[6.728574,49.676775],[6.728961,49.676854],[6.72931,49.677048],[6.729455,49.677163],[6.729546,49.677345],[6.729521,49.677495],[6.729424,49.677707],[6.729363,49.677779],[6.729165,49.677984],[6.729127,49.678018],[6.728904,49.678219],[6.72852,49.678602],[6.728493,49.678624],[6.728387,49.678722],[6.728362,49.678746],[6.728356,49.678751],[6.728317,49.6788],[6.728302,49.67884],[6.728271,49.678918],[6.728265,49.678932],[6.728278,49.678962],[6.728293,49.678987],[6.728329,49.679045],[6.728467,49.679267],[6.728547,49.67946],[6.728587,49.679625],[6.728527,49.67975],[6.728402,49.6799],[6.728194,49.680098],[6.728054,49.680273],[6.728015,49.680321],[6.727982,49.680419],[6.727988,49.680515],[6.728077,49.680681],[6.72827,49.680991],[6.728332,49.68111],[6.728513,49.681372],[6.728723,49.681594],[6.728786,49.681667],[6.728941,49.681824],[6.728974,49.681844],[6.728964,49.681854],[6.729026,49.681919],[6.729053,49.681929],[6.729193,49.682042],[6.729194,49.682054],[6.729217,49.682087],[6.729261,49.682109],[6.729298,49.682146],[6.729446,49.682222],[6.729498,49.682253],[6.729682,49.682372],[6.72974,49.682435],[6.729817,49.682512],[6.729857,49.682561],[6.729921,49.682687],[6.729983,49.682762],[6.730163,49.6831],[6.730171,49.683126],[6.730164,49.683237],[6.730076,49.68338],[6.729891,49.683542],[6.72942,49.683836],[6.729392,49.683848],[6.729288,49.683927],[6.729188,49.684026],[6.729106,49.684069],[6.72898,49.684165],[6.728842,49.684266],[6.728766,49.684326],[6.728579,49.684513],[6.728508,49.684594],[6.72844,49.684671],[6.728311,49.68486],[6.728309,49.684918],[6.728284,49.685045],[6.728273,49.685174],[6.728276,49.685328],[6.728275,49.68536],[6.728401,49.685625],[6.728483,49.685763],[6.728651,49.685992],[6.728864,49.686267],[6.728882,49.686292],[6.728922,49.686332],[6.729378,49.6867],[6.729653,49.686881],[6.729697,49.686943],[6.729746,49.687018],[6.729756,49.687049],[6.729725,49.687198],[6.729718,49.687208],[6.729503,49.687737],[6.729406,49.688034],[6.729282,49.688352],[6.729258,49.688452],[6.729195,49.688601],[6.729137,49.68883],[6.729098,49.688953],[6.729075,49.689147],[6.729063,49.689253],[6.729022,49.689505],[6.72902,49.689575],[6.729001,49.689696],[6.728979,49.689752],[6.728901,49.689873],[6.728578,49.690189],[6.728438,49.690298],[6.728259,49.690425],[6.727849,49.690647],[6.727715,49.690695],[6.727368,49.690805],[6.727365,49.690796],[6.727311,49.690788],[6.7271,49.690812],[6.727045,49.69082],[6.726974,49.690828],[6.726552,49.690875],[6.726451,49.6909],[6.726264,49.690932],[6.726167,49.690939],[6.726143,49.690946],[6.725896,49.690998],[6.725784,49.691021],[6.72568,49.691042],[6.725456,49.691089],[6.725305,49.691121],[6.725121,49.691159],[6.724886,49.691225],[6.724796,49.691256],[6.724729,49.691279],[6.724678,49.691296],[6.724531,49.691347],[6.724497,49.691359],[6.72448,49.691362],[6.724355,49.69139],[6.724163,49.691433],[6.723986,49.691494],[6.723946,49.691518],[6.723846,49.691569],[6.723735,49.691666],[6.723601,49.691815],[6.723463,49.692067],[6.723434,49.692271],[6.723442,49.692319],[6.72348,49.692535],[6.723486,49.692573],[6.723528,49.692694],[6.723666,49.692957],[6.723818,49.693142],[6.723914,49.693248],[6.72396,49.693286],[6.724165,49.693424],[6.724363,49.6935],[6.724422,49.693518],[6.724613,49.693575],[6.724719,49.693607],[6.724772,49.693621],[6.724894,49.693655],[6.725118,49.693725],[6.725242,49.693755],[6.725295,49.693769],[6.725341,49.693778],[6.725402,49.69379],[6.725979,49.693898],[6.726055,49.69391],[6.726165,49.693929],[6.726229,49.693951],[6.726355,49.69399],[6.726547,49.694082],[6.726602,49.694097],[6.726797,49.694226],[6.726926,49.694373],[6.727069,49.694463],[6.727266,49.694571],[6.727407,49.694654],[6.727593,49.694794],[6.727719,49.694888],[6.727837,49.695008],[6.727931,49.69518],[6.727902,49.695369],[6.727912,49.695445],[6.727822,49.695689],[6.727723,49.696028],[6.727715,49.696042],[6.727625,49.696231],[6.727589,49.69626],[6.727539,49.696273],[6.727484,49.696284],[6.727418,49.696313],[6.727344,49.696315],[6.727248,49.696466],[6.727231,49.696497],[6.727178,49.696613],[6.727099,49.696772],[6.726912,49.697075],[6.726938,49.697272],[6.726933,49.69729],[6.726923,49.697307],[6.726753,49.697683],[6.726698,49.697784],[6.726686,49.69782],[6.726442,49.698159],[6.726128,49.698407],[6.726014,49.698496],[6.725861,49.698833],[6.72579,49.698982],[6.725784,49.699099],[6.726015,49.699304],[6.726275,49.699432],[6.72639,49.699521],[6.726442,49.699596],[6.726432,49.699842],[6.726317,49.700046],[6.726228,49.700114],[6.726168,49.700143],[6.726108,49.700174],[6.725746,49.70067],[6.7257,49.700846],[6.72569,49.700888],[6.72568,49.700933],[6.725718,49.701016],[6.725781,49.701112],[6.725817,49.701154],[6.72589,49.701208],[6.725925,49.701235],[6.726306,49.701734],[6.726542,49.702037],[6.726656,49.702203],[6.726848,49.702374],[6.726894,49.702414],[6.727052,49.70251],[6.727393,49.702633],[6.72772,49.702667],[6.728112,49.702655],[6.728206,49.702653],[6.728344,49.702597],[6.728411,49.70257],[6.728502,49.702545],[6.729403,49.702471],[6.729827,49.702379],[6.730282,49.702378],[6.730638,49.702546],[6.73073,49.702632],[6.730988,49.702873],[6.731042,49.702921],[6.731065,49.702943],[6.731199,49.703049],[6.73129,49.703045],[6.731375,49.703039],[6.731508,49.70303],[6.731544,49.703028],[6.731675,49.703081],[6.731739,49.703074],[6.731824,49.703067],[6.731878,49.70306],[6.731961,49.703075],[6.732078,49.703174],[6.732087,49.703181],[6.732118,49.703209],[6.732169,49.703276],[6.732261,49.703295],[6.73332,49.703518],[6.733573,49.7035],[6.734193,49.703454],[6.73419,49.703613],[6.734177,49.704268],[6.734242,49.70467],[6.734264,49.7048],[6.734507,49.705455],[6.734779,49.705759],[6.734815,49.7058],[6.735255,49.705614],[6.735339,49.705578],[6.736344,49.705362],[6.737079,49.7053],[6.737119,49.705325],[6.737805,49.705754],[6.737973,49.705858],[6.73799,49.70587],[6.738004,49.705878],[6.738816,49.70639],[6.738932,49.706486],[6.73905,49.706584],[6.739185,49.706696],[6.739263,49.706761],[6.739339,49.706824],[6.739412,49.706824],[6.739554,49.706826],[6.73968,49.706828],[6.739759,49.706829],[6.73995,49.706831],[6.740099,49.706833],[6.740227,49.706834],[6.740372,49.706836],[6.740583,49.706839],[6.740723,49.706841],[6.740846,49.706842],[6.74098,49.706844],[6.741303,49.706464],[6.741578,49.706142],[6.741845,49.705829],[6.74199,49.705662],[6.742245,49.705767],[6.742281,49.705777],[6.742334,49.705791],[6.742499,49.705836],[6.742655,49.705879],[6.74274,49.705902],[6.742886,49.705927],[6.742913,49.705932],[6.742922,49.705934],[6.742944,49.705937],[6.743016,49.70595],[6.743287,49.705977],[6.743423,49.705991],[6.74346,49.705994],[6.743569,49.706005],[6.743674,49.706016],[6.743738,49.706022],[6.743761,49.706024],[6.743838,49.706032],[6.743914,49.70604],[6.744049,49.706053],[6.744063,49.706054],[6.744216,49.70607],[6.744279,49.706076],[6.744331,49.706081],[6.744394,49.706088],[6.744451,49.706093],[6.744573,49.706105],[6.74463,49.706111],[6.744685,49.706117],[6.744745,49.706123],[6.744793,49.706128],[6.744847,49.706133],[6.744857,49.706134],[6.744897,49.706138],[6.744947,49.706143],[6.745001,49.706148],[6.745027,49.706151],[6.745057,49.706154],[6.745107,49.706159],[6.745155,49.706164],[6.745207,49.706169],[6.745266,49.706175],[6.74533,49.706181],[6.745361,49.706185],[6.745395,49.706188],[6.745468,49.706195],[6.745534,49.706202],[6.745591,49.706208],[6.745627,49.706211],[6.745742,49.706223],[6.745815,49.706231],[6.745938,49.706243],[6.74602,49.706251],[6.746136,49.706265],[6.746233,49.706252],[6.746666,49.706195],[6.746971,49.706153],[6.746981,49.706152],[6.747286,49.706108],[6.747909,49.706026],[6.748091,49.706001],[6.748304,49.705972],[6.748568,49.705937],[6.748792,49.705907],[6.749523,49.70544],[6.749826,49.705246],[6.750529,49.704798],[6.75081,49.704655],[6.75105,49.704534],[6.751766,49.704171],[6.751755,49.704134],[6.751507,49.703366],[6.751365,49.702934],[6.751161,49.702308],[6.750973,49.701732],[6.750961,49.701697],[6.750955,49.701148],[6.750953,49.700925],[6.750945,49.700158],[6.750945,49.700118],[6.751042,49.698821],[6.75089,49.698823],[6.750833,49.698666],[6.750631,49.698109],[6.750404,49.697484],[6.750399,49.697472],[6.750374,49.697402],[6.750142,49.697476],[6.749419,49.697709],[6.749051,49.69783],[6.748828,49.697904],[6.748679,49.697952],[6.747505,49.69808],[6.747324,49.697686],[6.747044,49.697074],[6.746498,49.696217],[6.74754,49.696228],[6.747838,49.696217],[6.748096,49.696207],[6.748528,49.696044],[6.748514,49.695988],[6.748493,49.695903],[6.748482,49.695861],[6.74846,49.695771],[6.750042,49.695552],[6.75043,49.695681],[6.751682,49.695664],[6.752573,49.695377],[6.754679,49.695512],[6.753969,49.69447],[6.753574,49.693923],[6.753517,49.693818],[6.753387,49.693362],[6.753346,49.693218],[6.753323,49.693077],[6.753311,49.693003],[6.753313,49.692937],[6.753211,49.692977],[6.75177,49.692848],[6.751285,49.692753],[6.750895,49.692675],[6.749613,49.69244],[6.749547,49.692383],[6.749483,49.692228],[6.749462,49.69213],[6.749488,49.691993],[6.749637,49.691783],[6.749684,49.691716],[6.750531,49.690614],[6.750551,49.690488],[6.750812,49.689983],[6.750456,49.689541],[6.750041,49.689111],[6.749925,49.689005],[6.749823,49.688781],[6.749676,49.688524],[6.74948,49.687936],[6.749217,49.686919],[6.749251,49.686229],[6.749226,49.685712],[6.749234,49.685215],[6.749225,49.684665],[6.74922,49.684346],[6.749219,49.684326],[6.749117,49.684265],[6.748297,49.683775],[6.748181,49.683706],[6.748047,49.683626],[6.747349,49.683209],[6.747312,49.683203],[6.747278,49.683175],[6.747112,49.683039],[6.747067,49.683001],[6.74703,49.682971],[6.746987,49.682936],[6.746942,49.682898],[6.746893,49.682858],[6.746818,49.682796],[6.746796,49.68267],[6.74672,49.682057],[6.74671,49.681982],[6.746993,49.682036],[6.747289,49.682094],[6.747637,49.682139],[6.747977,49.682197],[6.748125,49.682222],[6.748665,49.682397],[6.748775,49.682434],[6.748861,49.682364],[6.749352,49.682377],[6.749471,49.68238],[6.749855,49.682555],[6.750109,49.682644],[6.750327,49.682721],[6.750353,49.68273],[6.750443,49.682698],[6.750453,49.682694],[6.750647,49.682748],[6.750732,49.682744],[6.750811,49.682741],[6.750919,49.682737],[6.751085,49.682731],[6.751302,49.68278],[6.751441,49.682738],[6.75145,49.68274],[6.751589,49.682756],[6.751659,49.682742],[6.7519,49.682693],[6.751936,49.682685],[6.751961,49.68268],[6.752432,49.682584],[6.752929,49.682765],[6.753169,49.683043],[6.753306,49.682945],[6.753548,49.682773],[6.753567,49.682737],[6.753596,49.682683],[6.753716,49.682461],[6.75376,49.682383],[6.753771,49.682364],[6.75389,49.68215],[6.753971,49.682006],[6.754012,49.681933],[6.754067,49.681836],[6.754093,49.681788],[6.753976,49.681737],[6.753455,49.681511],[6.753324,49.681434],[6.753281,49.681409],[6.753202,49.681363],[6.752628,49.681027],[6.752598,49.681009],[6.752504,49.680954],[6.752439,49.680895],[6.752391,49.68085],[6.751859,49.680358],[6.751786,49.680291],[6.751639,49.679896],[6.75155,49.679657],[6.75153,49.679604],[6.751502,49.679527],[6.751495,49.679509],[6.751474,49.679452],[6.751692,49.679093],[6.751762,49.678839],[6.751776,49.678789],[6.751807,49.678676],[6.751863,49.678473],[6.751932,49.678209],[6.751965,49.678083]]]},"$schema":null,"$context":null},{"type":"Feature","properties":{"gml_id":"gemeinde_rlp.21","gid":21,"datum":"16.07.26","region":"Rheinland-Pfalz","gmdesch":232028,"gemeinde":"Echternacherbr\u00fcck","vgnr":23205,"vbgmde":"S\u00fcdeifel","vgname":"S\u00fcdeifel (23205)","kreissch":232,"ldkreis":"Eifelkreis Bitburg-Pr\u00fcm","amtsgrcht":"Bitburg","finanzamt":"Bitburg-Pr\u00fcm","kanr":8750,"katamt":"Westeifel-Mosel","katurl":"https:\/\/vermka-westeifel-mosel.rlp.de","guta":780,"gutaurl":"https:\/\/gutachterausschuesse.rlp.de\/service\/gutachterausschuesse-fuer-grundstueckswerte\/","ags":723205028,"gemtyp":"Gemeinde","kreistyp":"Landkreis"},"bbox":[6.388474,49.8106,6.458322,49.832039],"geometry":{"type":"Polygon","coordinates":[[[6.438402,49.813979],[6.438337,49.813966],[6.438078,49.813913],[6.43778,49.813849],[6.437527,49.813792],[6.437225,49.813705],[6.436917,49.813603],[6.436552,49.813465],[6.436276,49.813349],[6.435941,49.813207],[6.435728,49.813107],[6.435512,49.813007],[6.435261,49.812877],[6.435201,49.812844],[6.435101,49.812789],[6.43503,49.812751],[6.434952,49.812707],[6.434845,49.812651],[6.434726,49.812584],[6.434719,49.812583],[6.43465,49.812542],[6.434461,49.812431],[6.434266,49.812311],[6.434088,49.8122],[6.433854,49.812046],[6.43361,49.811867],[6.433495,49.811778],[6.433218,49.811568],[6.432972,49.811396],[6.432809,49.811279],[6.432557,49.811111],[6.432292,49.81096],[6.432004,49.810814],[6.431718,49.8107],[6.431492,49.810632],[6.431249,49.8106],[6.431035,49.810602],[6.430729,49.810633],[6.430442,49.810673],[6.43023,49.810707],[6.429875,49.810793],[6.429697,49.810838],[6.429433,49.810924],[6.429248,49.810979],[6.428948,49.81108],[6.428675,49.811199],[6.428436,49.811314],[6.428208,49.811425],[6.428131,49.81149],[6.427927,49.811593],[6.427696,49.811753],[6.427426,49.811947],[6.4272,49.812167],[6.427186,49.81218],[6.427112,49.81226],[6.426999,49.812381],[6.426991,49.81239],[6.426979,49.812403],[6.42685,49.812544],[6.426741,49.812664],[6.426721,49.812686],[6.426726,49.81276],[6.42673,49.812836],[6.426731,49.812853],[6.42673,49.812856],[6.426727,49.812954],[6.426714,49.812996],[6.426705,49.813022],[6.426584,49.813395],[6.426569,49.813472],[6.426524,49.8137],[6.426518,49.813728],[6.426497,49.813817],[6.426444,49.814055],[6.426432,49.814105],[6.426417,49.814218],[6.426397,49.814362],[6.426388,49.814427],[6.426327,49.814756],[6.426321,49.814817],[6.426301,49.815021],[6.426301,49.815279],[6.426238,49.815526],[6.426199,49.815656],[6.426147,49.815766],[6.426038,49.815915],[6.425946,49.816001],[6.425806,49.816096],[6.425649,49.816166],[6.425485,49.816207],[6.425383,49.81625],[6.425132,49.8163],[6.425093,49.816308],[6.424917,49.816334],[6.424497,49.816357],[6.423835,49.816349],[6.423225,49.816346],[6.422624,49.816348],[6.42205,49.81633],[6.421496,49.816312],[6.421056,49.816311],[6.420595,49.816297],[6.420409,49.81632],[6.420027,49.816345],[6.419655,49.816393],[6.419319,49.816433],[6.41898,49.816482],[6.418656,49.816516],[6.41825,49.816564],[6.417902,49.816603],[6.417401,49.816666],[6.416869,49.816719],[6.416437,49.816777],[6.41623,49.81682],[6.415704,49.816902],[6.41535,49.816965],[6.415166,49.817004],[6.41493,49.817053],[6.414865,49.817069],[6.414485,49.817133],[6.414379,49.817151],[6.414153,49.817188],[6.413523,49.817302],[6.412958,49.817397],[6.412694,49.817452],[6.412626,49.817466],[6.412601,49.81747],[6.412533,49.81748],[6.412329,49.817507],[6.411938,49.817579],[6.411655,49.817616],[6.411278,49.817677],[6.410924,49.81772],[6.410615,49.817764],[6.410337,49.817801],[6.41004,49.817851],[6.409904,49.817862],[6.409578,49.817927],[6.409277,49.818017],[6.408926,49.818128],[6.408599,49.818233],[6.408358,49.818321],[6.408106,49.818417],[6.407782,49.818543],[6.407382,49.818699],[6.407082,49.818825],[6.406842,49.818915],[6.406505,49.81904],[6.406097,49.819168],[6.405806,49.81925],[6.405497,49.81933],[6.405271,49.819369],[6.40483,49.819448],[6.404474,49.819486],[6.404166,49.81952],[6.403737,49.819552],[6.403455,49.819569],[6.403101,49.819595],[6.402864,49.819652],[6.402632,49.819716],[6.402348,49.819824],[6.402063,49.819952],[6.401812,49.820076],[6.401555,49.820206],[6.401275,49.82034],[6.401082,49.82045],[6.400808,49.820589],[6.400366,49.820824],[6.400029,49.821003],[6.399115,49.821474],[6.398794,49.82163],[6.398599,49.821725],[6.398347,49.821846],[6.398213,49.821949],[6.398127,49.821983],[6.39811,49.82199],[6.398005,49.82206],[6.397963,49.822089],[6.397893,49.822136],[6.397732,49.822241],[6.397633,49.822311],[6.397427,49.822453],[6.397324,49.822533],[6.397206,49.822641],[6.39705,49.822824],[6.396878,49.82305],[6.396698,49.823299],[6.396555,49.823485],[6.396437,49.823616],[6.396054,49.824125],[6.395932,49.824273],[6.395782,49.824461],[6.395636,49.824624],[6.395524,49.82477],[6.395302,49.82504],[6.395159,49.825211],[6.395033,49.825356],[6.394898,49.825521],[6.394789,49.825644],[6.394658,49.8258],[6.394558,49.825918],[6.394461,49.826021],[6.394349,49.826153],[6.394129,49.826394],[6.394001,49.826512],[6.393749,49.82676],[6.393531,49.826976],[6.393423,49.827097],[6.393231,49.827305],[6.393123,49.827422],[6.392923,49.827595],[6.392795,49.827678],[6.392667,49.827762],[6.392542,49.827834],[6.392345,49.827959],[6.392277,49.827981],[6.392038,49.828077],[6.391654,49.828238],[6.391374,49.828355],[6.391015,49.828505],[6.390826,49.828605],[6.390606,49.828718],[6.390359,49.828848],[6.39011,49.828982],[6.389878,49.829128],[6.389653,49.829261],[6.389491,49.829374],[6.389274,49.829521],[6.389182,49.829602],[6.388961,49.82981],[6.388801,49.829958],[6.388565,49.830198],[6.388474,49.830292],[6.389123,49.8305],[6.389569,49.830644],[6.389458,49.830742],[6.389303,49.830849],[6.389291,49.830918],[6.389265,49.83108],[6.389467,49.830968],[6.389559,49.830951],[6.389649,49.830974],[6.389672,49.830984],[6.389723,49.831006],[6.389753,49.831064],[6.389798,49.831073],[6.389838,49.831081],[6.389877,49.831089],[6.38991,49.831093],[6.389946,49.831119],[6.389986,49.831164],[6.390015,49.831237],[6.390045,49.831342],[6.390062,49.831435],[6.390057,49.83149],[6.390149,49.831531],[6.390216,49.831637],[6.390286,49.831793],[6.390419,49.832039],[6.390607,49.831932],[6.39067,49.831896],[6.391688,49.831913],[6.391897,49.831914],[6.391983,49.831554],[6.392098,49.831295],[6.392525,49.830764],[6.392701,49.830583],[6.392945,49.830422],[6.393192,49.830222],[6.39357,49.829883],[6.393753,49.829676],[6.393926,49.829536],[6.394032,49.829406],[6.394338,49.829128],[6.394383,49.829061],[6.394495,49.828891],[6.395015,49.829129],[6.395529,49.829309],[6.395816,49.829447],[6.396032,49.829582],[6.396405,49.829764],[6.396689,49.829475],[6.396814,49.829101],[6.396939,49.828885],[6.39732,49.828398],[6.397793,49.827743],[6.398074,49.827439],[6.398175,49.827365],[6.398335,49.827247],[6.398517,49.827137],[6.398779,49.827036],[6.399026,49.826933],[6.399338,49.827053],[6.399576,49.827145],[6.400058,49.827378],[6.400495,49.827631],[6.400932,49.827731],[6.401247,49.828007],[6.401469,49.828235],[6.401617,49.828163],[6.401829,49.828054],[6.402305,49.827798],[6.402359,49.82777],[6.402586,49.827649],[6.402774,49.827545],[6.402969,49.827437],[6.402987,49.827427],[6.402955,49.827309],[6.402731,49.827058],[6.402645,49.827001],[6.402083,49.826782],[6.40187,49.826463],[6.401661,49.826392],[6.401591,49.826265],[6.401432,49.826105],[6.40143,49.825872],[6.401167,49.825731],[6.40097,49.825586],[6.401056,49.825629],[6.401107,49.825574],[6.401364,49.825292],[6.401324,49.825164],[6.401249,49.824926],[6.401586,49.824883],[6.401896,49.824834],[6.402613,49.824722],[6.402689,49.824469],[6.402857,49.824276],[6.402999,49.824065],[6.403274,49.823808],[6.404835,49.824576],[6.406172,49.825227],[6.406987,49.824957],[6.40733,49.824715],[6.407949,49.824723],[6.408356,49.824763],[6.408957,49.824821],[6.40928,49.824893],[6.409931,49.825083],[6.414543,49.826407],[6.416122,49.826839],[6.417781,49.827417],[6.417867,49.827447],[6.418098,49.827562],[6.418209,49.827618],[6.418629,49.827827],[6.41918,49.828101],[6.419484,49.828406],[6.420249,49.827924],[6.420333,49.827871],[6.420413,49.82782],[6.420456,49.827785],[6.420934,49.827389],[6.420653,49.8272],[6.420463,49.827072],[6.420332,49.826893],[6.420175,49.82668],[6.419336,49.826226],[6.418937,49.825852],[6.418726,49.825673],[6.418303,49.825316],[6.418274,49.825275],[6.418237,49.825224],[6.418152,49.825104],[6.418014,49.824911],[6.417836,49.82466],[6.417769,49.824554],[6.417653,49.824371],[6.417616,49.824313],[6.417573,49.824199],[6.417419,49.82379],[6.417402,49.823756],[6.417294,49.823538],[6.417185,49.823317],[6.417362,49.823051],[6.417389,49.823011],[6.417829,49.822643],[6.418114,49.822405],[6.418624,49.821979],[6.420663,49.821172],[6.421533,49.820827],[6.421635,49.820787],[6.422343,49.820506],[6.423135,49.820193],[6.423242,49.82015],[6.423922,49.819881],[6.424237,49.819756],[6.42435,49.819808],[6.425025,49.820114],[6.425301,49.820185],[6.425864,49.820332],[6.42648,49.820391],[6.426811,49.820422],[6.427075,49.820448],[6.428063,49.820662],[6.428417,49.820739],[6.428542,49.820766],[6.428639,49.820788],[6.4294,49.821019],[6.429576,49.821072],[6.430073,49.821306],[6.43077,49.82146],[6.431875,49.822121],[6.434422,49.823402],[6.434543,49.823505],[6.434551,49.823512],[6.434678,49.823621],[6.435013,49.823909],[6.435162,49.824267],[6.435251,49.825322],[6.435339,49.826329],[6.435805,49.826841],[6.436348,49.827202],[6.436792,49.827479],[6.437209,49.827689],[6.438143,49.82811],[6.438921,49.82868],[6.439507,49.829044],[6.439865,49.829353],[6.440405,49.829783],[6.441234,49.829458],[6.441307,49.82943],[6.442327,49.82903],[6.443218,49.828681],[6.44328,49.828657],[6.443774,49.828463],[6.444587,49.828145],[6.444832,49.828048],[6.445396,49.827827],[6.445495,49.82779],[6.445685,49.827718],[6.445849,49.827651],[6.445982,49.827595],[6.446117,49.827539],[6.447042,49.827213],[6.447346,49.827109],[6.448198,49.826814],[6.448779,49.826587],[6.449304,49.826377],[6.449707,49.826221],[6.449972,49.826117],[6.450253,49.826011],[6.449985,49.825649],[6.44981,49.825412],[6.44971,49.825277],[6.449663,49.825214],[6.450394,49.825126],[6.450507,49.825113],[6.450951,49.824991],[6.451113,49.824964],[6.451479,49.824828],[6.452013,49.82465],[6.452383,49.824518],[6.452598,49.82437],[6.452635,49.82432],[6.452835,49.8241],[6.452815,49.824094],[6.452738,49.824073],[6.452585,49.824031],[6.452166,49.823915],[6.453012,49.82285],[6.452735,49.822755],[6.452416,49.822515],[6.452746,49.822307],[6.453091,49.822096],[6.453816,49.821644],[6.453907,49.821588],[6.454767,49.821466],[6.454654,49.821206],[6.454403,49.820625],[6.455991,49.820549],[6.456921,49.82037],[6.4569,49.820343],[6.457504,49.820165],[6.458088,49.820001],[6.458185,49.819978],[6.458181,49.819683],[6.458171,49.818929],[6.458152,49.818869],[6.45804,49.818816],[6.457972,49.818784],[6.457883,49.818743],[6.458079,49.818654],[6.458322,49.818544],[6.457528,49.817981],[6.45706,49.817649],[6.456896,49.8175],[6.456986,49.817453],[6.456712,49.817165],[6.456159,49.816887],[6.455394,49.816594],[6.455298,49.816511],[6.454688,49.815987],[6.454405,49.815836],[6.454363,49.815865],[6.453518,49.815351],[6.453018,49.815001],[6.453042,49.814991],[6.45418,49.814527],[6.45382,49.814228],[6.452985,49.813547],[6.452142,49.812858],[6.45216,49.812649],[6.452192,49.812278],[6.452193,49.812218],[6.452192,49.812151],[6.452189,49.811955],[6.452193,49.811849],[6.452193,49.811588],[6.451996,49.811584],[6.451893,49.811582],[6.451618,49.811575],[6.451611,49.811575],[6.451509,49.811578],[6.451235,49.811586],[6.450859,49.811605],[6.450526,49.811617],[6.450114,49.811639],[6.44976,49.811669],[6.44925,49.811737],[6.448955,49.811779],[6.448592,49.811809],[6.448163,49.811872],[6.447914,49.811893],[6.447655,49.811914],[6.447297,49.811925],[6.446899,49.811926],[6.446461,49.811887],[6.446171,49.811856],[6.445853,49.81182],[6.445653,49.811794],[6.445346,49.811749],[6.445041,49.81171],[6.444717,49.811669],[6.444483,49.811641],[6.444107,49.811611],[6.443976,49.811632],[6.443797,49.811697],[6.44355,49.811806],[6.443342,49.811918],[6.443231,49.812013],[6.443064,49.812153],[6.442897,49.812298],[6.442809,49.81241],[6.442658,49.812561],[6.442517,49.812689],[6.442471,49.812789],[6.442393,49.812919],[6.442351,49.813019],[6.442331,49.813171],[6.442308,49.813397],[6.442253,49.813542],[6.442205,49.813781],[6.442175,49.813997],[6.442096,49.814134],[6.441973,49.814264],[6.4419,49.814339],[6.441752,49.814392],[6.441537,49.814477],[6.441326,49.814459],[6.441008,49.814432],[6.440648,49.814381],[6.440303,49.814323],[6.439853,49.814246],[6.439443,49.814174],[6.43937,49.81416],[6.439063,49.814104],[6.438847,49.814068],[6.438584,49.814013],[6.438402,49.813979]]]},"$schema":null,"$context":null},{"type":"Feature","properties":{"gml_id":"gemeinde_rlp.22","gid":22,"datum":"16.07.26","region":"Rheinland-Pfalz","gmdesch":232213,"gemeinde":"Daleiden","vgnr":23201,"vbgmde":"Arzfeld","vgname":"Arzfeld (23201)","kreissch":232,"ldkreis":"Eifelkreis Bitburg-Pr\u00fcm","amtsgrcht":"Pr\u00fcm","finanzamt":"Bitburg-Pr\u00fcm","kanr":8750,"katamt":"Westeifel-Mosel","katurl":"https:\/\/vermka-westeifel-mosel.rlp.de","guta":780,"gutaurl":"https:\/\/gutachterausschuesse.rlp.de\/service\/gutachterausschuesse-fuer-grundstueckswerte\/","ags":723201213,"gemtyp":"Gemeinde","kreistyp":"Landkreis"},"bbox":[6.154833,50.02727,6.209082,50.086385],"geometry":{"type":"Polygon","coordinates":[[[6.157519,50.065513],[6.157614,50.065688],[6.157628,50.065714],[6.157658,50.065814],[6.157783,50.065927],[6.157683,50.065971],[6.157667,50.065978],[6.157674,50.066005],[6.157709,50.06614],[6.157652,50.066299],[6.157578,50.066403],[6.157577,50.066482],[6.157589,50.066503],[6.157651,50.066613],[6.157593,50.066769],[6.157651,50.066873],[6.157659,50.066929],[6.15767,50.067014],[6.157864,50.067249],[6.157916,50.067356],[6.157924,50.067371],[6.157936,50.067397],[6.158048,50.067602],[6.158117,50.067816],[6.157999,50.067915],[6.15792,50.067982],[6.157916,50.06823],[6.157951,50.068301],[6.157883,50.068317],[6.157984,50.068604],[6.158018,50.068699],[6.158067,50.068791],[6.158052,50.068943],[6.158149,50.069039],[6.158058,50.069164],[6.158209,50.069155],[6.158227,50.069193],[6.158368,50.069487],[6.15841,50.069578],[6.158536,50.069626],[6.158676,50.069756],[6.15873,50.069806],[6.158697,50.069962],[6.158736,50.070048],[6.158752,50.070085],[6.158833,50.070203],[6.158995,50.070439],[6.159,50.070605],[6.159257,50.070872],[6.159291,50.070886],[6.159683,50.071044],[6.159983,50.07121],[6.160064,50.071301],[6.160103,50.071507],[6.160096,50.071552],[6.160084,50.071618],[6.160099,50.071647],[6.160274,50.071703],[6.160464,50.071894],[6.160857,50.072159],[6.161061,50.072267],[6.161443,50.072422],[6.161804,50.072553],[6.161858,50.072582],[6.162022,50.072637],[6.162146,50.07268],[6.162518,50.072954],[6.16274,50.073212],[6.162795,50.073359],[6.162967,50.073531],[6.163173,50.073656],[6.163227,50.073692],[6.163368,50.073774],[6.163419,50.073844],[6.163548,50.073932],[6.16368,50.073987],[6.16379,50.074028],[6.163859,50.074054],[6.16417,50.074137],[6.164414,50.074202],[6.164763,50.074264],[6.164875,50.074318],[6.164972,50.074318],[6.165098,50.074372],[6.165416,50.07443],[6.165741,50.074511],[6.165957,50.074553],[6.165985,50.07456],[6.166356,50.074648],[6.166807,50.074697],[6.167,50.074678],[6.167296,50.074645],[6.167184,50.074585],[6.167008,50.074492],[6.166698,50.074327],[6.166631,50.074217],[6.166326,50.073834],[6.166244,50.073819],[6.165999,50.073724],[6.165988,50.073642],[6.165924,50.073573],[6.165447,50.07337],[6.165389,50.073302],[6.165491,50.073276],[6.165591,50.073189],[6.165625,50.07265],[6.165744,50.072453],[6.165976,50.07223],[6.166712,50.071758],[6.167032,50.071435],[6.167441,50.071111],[6.167569,50.071109],[6.169157,50.071726],[6.17149,50.072629],[6.171682,50.072687],[6.173589,50.073342],[6.174173,50.073543],[6.174181,50.073593],[6.174294,50.073533],[6.174358,50.073516],[6.174831,50.073393],[6.175223,50.073321],[6.176028,50.073346],[6.17607,50.073362],[6.176795,50.072755],[6.17737,50.072275],[6.177492,50.072318],[6.18056,50.073398],[6.180746,50.073463],[6.182829,50.074193],[6.183375,50.074385],[6.183696,50.074498],[6.183731,50.074561],[6.183808,50.074627],[6.183864,50.074542],[6.183899,50.074591],[6.184705,50.074742],[6.184727,50.074733],[6.184773,50.074798],[6.184852,50.074904],[6.184933,50.075032],[6.185126,50.075438],[6.185199,50.075704],[6.185276,50.075969],[6.185314,50.076012],[6.185432,50.076245],[6.185523,50.076461],[6.185644,50.076752],[6.185806,50.076959],[6.186053,50.077274],[6.186058,50.077292],[6.18611,50.077449],[6.186185,50.07768],[6.186227,50.077812],[6.18627,50.077943],[6.186386,50.078297],[6.186455,50.078506],[6.186581,50.078688],[6.186727,50.078897],[6.186734,50.078993],[6.186753,50.079262],[6.186761,50.079363],[6.186731,50.079428],[6.186627,50.079654],[6.186585,50.079746],[6.186456,50.079991],[6.186363,50.080188],[6.186265,50.080394],[6.186074,50.080506],[6.186121,50.080537],[6.186104,50.080642],[6.186092,50.080716],[6.186064,50.08089],[6.186033,50.081083],[6.186015,50.081196],[6.185992,50.081359],[6.185967,50.08153],[6.18594,50.081721],[6.185744,50.082129],[6.185651,50.082332],[6.185627,50.082376],[6.185514,50.082583],[6.185396,50.082972],[6.18579,50.083641],[6.186282,50.084486],[6.186336,50.084556],[6.186651,50.084969],[6.186753,50.085101],[6.186806,50.085171],[6.186845,50.085222],[6.186978,50.085397],[6.187067,50.085514],[6.187208,50.085699],[6.187295,50.085812],[6.187501,50.086082],[6.187865,50.086051],[6.187881,50.0861],[6.18805,50.086033],[6.188213,50.086048],[6.188551,50.086078],[6.188945,50.086114],[6.189149,50.086132],[6.189392,50.086154],[6.189403,50.086106],[6.190722,50.086316],[6.191402,50.086369],[6.191401,50.086378],[6.191428,50.08638],[6.19149,50.086383],[6.19154,50.086385],[6.191523,50.086354],[6.191968,50.086243],[6.192155,50.086213],[6.192463,50.086163],[6.192695,50.086118],[6.192935,50.086073],[6.193805,50.0859],[6.194077,50.085864],[6.194646,50.085788],[6.194947,50.085766],[6.195105,50.085754],[6.195271,50.085761],[6.195722,50.08578],[6.195926,50.085788],[6.196223,50.0858],[6.196371,50.085808],[6.196516,50.085817],[6.196384,50.085637],[6.196686,50.085285],[6.197247,50.085466],[6.197735,50.085481],[6.1976,50.085297],[6.197458,50.085103],[6.197661,50.085045],[6.197511,50.084919],[6.197488,50.084817],[6.197228,50.084574],[6.197069,50.084343],[6.19695,50.084152],[6.196873,50.084027],[6.19683,50.083618],[6.196889,50.083373],[6.196903,50.083249],[6.196927,50.083033],[6.196976,50.082867],[6.196999,50.082793],[6.197166,50.082242],[6.197286,50.082205],[6.197359,50.08215],[6.197791,50.081832],[6.198111,50.081596],[6.19822,50.081516],[6.198361,50.081242],[6.198567,50.080756],[6.198603,50.080593],[6.198664,50.080304],[6.198603,50.080082],[6.199297,50.080008],[6.199732,50.080008],[6.199863,50.080009],[6.200982,50.080126],[6.201111,50.080054],[6.201217,50.080091],[6.201241,50.079984],[6.201074,50.079777],[6.200593,50.079334],[6.20047,50.079249],[6.200383,50.07919],[6.20026,50.079139],[6.20122,50.079044],[6.201033,50.078753],[6.201881,50.07855],[6.202179,50.078319],[6.202474,50.077996],[6.202511,50.077762],[6.202366,50.077305],[6.202402,50.077016],[6.202318,50.077059],[6.202055,50.077108],[6.201827,50.077101],[6.201773,50.077073],[6.201458,50.076906],[6.20188,50.076844],[6.202188,50.076746],[6.202285,50.076686],[6.202349,50.07661],[6.202385,50.076405],[6.202445,50.076172],[6.20255,50.075934],[6.202738,50.075718],[6.202971,50.075521],[6.203244,50.075362],[6.203535,50.075239],[6.203884,50.075131],[6.20423,50.07505],[6.204513,50.075016],[6.204723,50.075008],[6.204927,50.074925],[6.205255,50.074817],[6.20533,50.07472],[6.205231,50.074518],[6.205088,50.074348],[6.204707,50.073984],[6.204423,50.073752],[6.204257,50.07364],[6.204163,50.073607],[6.204084,50.073559],[6.203944,50.073409],[6.203906,50.07332],[6.203952,50.073231],[6.204064,50.073173],[6.204442,50.073028],[6.204543,50.07292],[6.204562,50.072803],[6.204555,50.072506],[6.204643,50.072036],[6.204514,50.071635],[6.204506,50.071359],[6.204467,50.071249],[6.20469,50.071107],[6.2051,50.070846],[6.205643,50.07008],[6.205894,50.069826],[6.206141,50.069715],[6.206265,50.069744],[6.206449,50.069641],[6.20652,50.069571],[6.206094,50.069181],[6.206821,50.068786],[6.207782,50.068349],[6.208605,50.068177],[6.209021,50.068181],[6.209082,50.06811],[6.209023,50.067937],[6.208843,50.067828],[6.208391,50.067653],[6.208512,50.067501],[6.208561,50.06744],[6.208565,50.067387],[6.207975,50.067064],[6.207634,50.066914],[6.207252,50.066654],[6.207195,50.066632],[6.206508,50.066641],[6.206284,50.066602],[6.206171,50.06655],[6.20574,50.066248],[6.205485,50.066023],[6.205339,50.065924],[6.205366,50.065904],[6.205016,50.0658],[6.20484,50.065747],[6.204352,50.066336],[6.204344,50.066477],[6.204213,50.066682],[6.204073,50.066808],[6.203708,50.067036],[6.203524,50.06716],[6.203429,50.067188],[6.203273,50.067172],[6.203071,50.067082],[6.202577,50.066744],[6.202048,50.066622],[6.201656,50.066336],[6.201459,50.066251],[6.20131,50.066167],[6.201173,50.066038],[6.20109,50.065852],[6.200998,50.065298],[6.201295,50.06478],[6.201566,50.064652],[6.201779,50.064521],[6.202081,50.064303],[6.202304,50.06404],[6.202847,50.063611],[6.203081,50.063479],[6.203195,50.063271],[6.203185,50.063202],[6.203054,50.063048],[6.202757,50.062629],[6.202694,50.062568],[6.202244,50.062311],[6.202168,50.062296],[6.201685,50.062035],[6.201632,50.061995],[6.20155,50.061803],[6.201508,50.061753],[6.201335,50.061599],[6.200865,50.060997],[6.20086,50.060856],[6.200571,50.06067],[6.200255,50.060513],[6.200081,50.060424],[6.199571,50.060406],[6.199438,50.060384],[6.199272,50.060399],[6.199253,50.060404],[6.199275,50.060442],[6.199069,50.060637],[6.198991,50.060723],[6.198487,50.060982],[6.197395,50.061405],[6.196953,50.061762],[6.196179,50.062106],[6.195866,50.062124],[6.195572,50.062214],[6.195297,50.062244],[6.194867,50.062267],[6.194731,50.062262],[6.194458,50.062197],[6.194357,50.062143],[6.194076,50.061857],[6.193938,50.061601],[6.193995,50.061451],[6.194245,50.061063],[6.194337,50.060908],[6.194767,50.060577],[6.195449,50.060148],[6.196066,50.059695],[6.196294,50.059533],[6.196289,50.059461],[6.1961,50.059245],[6.195945,50.059169],[6.195796,50.059131],[6.195758,50.059157],[6.195654,50.059117],[6.195603,50.059074],[6.195523,50.058722],[6.195563,50.058585],[6.19533,50.058189],[6.195304,50.058067],[6.195514,50.057768],[6.195694,50.057729],[6.195949,50.057632],[6.196369,50.057435],[6.196593,50.057316],[6.196667,50.057333],[6.196715,50.057109],[6.196621,50.057046],[6.196138,50.056654],[6.195796,50.056505],[6.195161,50.056153],[6.195153,50.056118],[6.194723,50.055823],[6.194672,50.055852],[6.194118,50.055754],[6.194007,50.055709],[6.193865,50.055592],[6.193784,50.055452],[6.193754,50.055359],[6.193768,50.055063],[6.193755,50.054937],[6.19381,50.054724],[6.193919,50.05454],[6.194186,50.054348],[6.194439,50.054216],[6.194813,50.054074],[6.195048,50.053994],[6.195384,50.053925],[6.195529,50.053902],[6.195776,50.053881],[6.196871,50.053824],[6.197001,50.053812],[6.197077,50.053793],[6.197426,50.053774],[6.197697,50.053788],[6.197865,50.0538],[6.197928,50.053826],[6.198085,50.053863],[6.198159,50.053882],[6.198549,50.05395],[6.198648,50.05393],[6.199016,50.053796],[6.198988,50.053768],[6.19905,50.05372],[6.199143,50.053574],[6.199168,50.053434],[6.199181,50.053359],[6.19924,50.053095],[6.199226,50.053008],[6.199185,50.05289],[6.199107,50.052793],[6.198732,50.052515],[6.198555,50.052349],[6.198383,50.052235],[6.198145,50.052125],[6.198053,50.051981],[6.197887,50.051776],[6.197923,50.051766],[6.197883,50.051674],[6.197693,50.051501],[6.197622,50.051448],[6.19741,50.051352],[6.197352,50.051303],[6.196989,50.050999],[6.196837,50.05076],[6.196795,50.050606],[6.196915,50.0504],[6.197096,50.050311],[6.197364,50.050074],[6.197649,50.049812],[6.198099,50.049548],[6.198156,50.04954],[6.198206,50.0495],[6.199708,50.049005],[6.199992,50.048976],[6.200451,50.049013],[6.201747,50.049416],[6.202174,50.049555],[6.202304,50.049553],[6.20288,50.049479],[6.203004,50.049434],[6.204022,50.049254],[6.204436,50.049021],[6.204779,50.048745],[6.204986,50.048727],[6.205585,50.048662],[6.205906,50.048445],[6.206047,50.048267],[6.206362,50.047931],[6.206519,50.04778],[6.206657,50.047484],[6.206622,50.047366],[6.206463,50.047018],[6.206428,50.047021],[6.206275,50.046833],[6.206169,50.046746],[6.206041,50.046609],[6.205993,50.046542],[6.20599,50.04625],[6.206109,50.045807],[6.2061,50.045781],[6.206092,50.045756],[6.205918,50.045187],[6.205778,50.044471],[6.205685,50.044186],[6.205612,50.043962],[6.205494,50.043587],[6.205409,50.043405],[6.205348,50.043301],[6.205362,50.04309],[6.205406,50.042865],[6.205494,50.04281],[6.205942,50.042856],[6.206251,50.042976],[6.206601,50.043172],[6.20664,50.043149],[6.20671,50.042847],[6.206857,50.042431],[6.207107,50.041905],[6.207278,50.041529],[6.207259,50.041177],[6.207195,50.040781],[6.207046,50.040374],[6.207177,50.040072],[6.207277,50.039922],[6.207421,50.039606],[6.207395,50.039116],[6.20727,50.038928],[6.207117,50.038841],[6.206977,50.038836],[6.20644,50.038938],[6.206108,50.038869],[6.206065,50.038817],[6.206132,50.038668],[6.206009,50.038513],[6.20591,50.038446],[6.20543,50.038098],[6.205253,50.037898],[6.205175,50.037732],[6.205207,50.037595],[6.205252,50.037554],[6.205501,50.037489],[6.205592,50.037395],[6.205778,50.037211],[6.205906,50.037118],[6.206118,50.037077],[6.20619,50.037025],[6.206411,50.036784],[6.20645,50.036642],[6.206475,50.036439],[6.206583,50.036056],[6.206588,50.035794],[6.206555,50.035418],[6.206559,50.035358],[6.206532,50.035076],[6.20644,50.03447],[6.206344,50.034032],[6.206328,50.03371],[6.206345,50.033639],[6.206387,50.033518],[6.206423,50.033424],[6.206426,50.033234],[6.206374,50.033145],[6.206313,50.032926],[6.206306,50.032759],[6.206319,50.032256],[6.206383,50.032093],[6.206441,50.031989],[6.206437,50.031814],[6.206479,50.031658],[6.206523,50.031601],[6.206544,50.031472],[6.206578,50.031402],[6.206542,50.031346],[6.20635,50.031164],[6.206156,50.03113],[6.206114,50.031099],[6.206029,50.030972],[6.205856,50.030843],[6.205634,50.030808],[6.205387,50.030765],[6.205239,50.03067],[6.204967,50.030535],[6.204309,50.03033],[6.204076,50.030373],[6.203999,50.030407],[6.203781,50.030386],[6.203634,50.030327],[6.203349,50.030203],[6.203061,50.030129],[6.202518,50.030026],[6.202358,50.030015],[6.201783,50.02999],[6.201349,50.029998],[6.200997,50.030008],[6.200676,50.03003],[6.200573,50.030028],[6.200225,50.030009],[6.199932,50.029967],[6.199545,50.029891],[6.199114,50.029717],[6.199029,50.02968],[6.198746,50.029588],[6.198564,50.029527],[6.198518,50.029506],[6.198041,50.029276],[6.197834,50.029256],[6.196865,50.029419],[6.196573,50.029493],[6.196079,50.02969],[6.195276,50.030091],[6.195191,50.030152],[6.195008,50.030267],[6.194206,50.03069],[6.1941,50.030724],[6.193842,50.030825],[6.193684,50.030907],[6.19364,50.030948],[6.193614,50.030988],[6.193439,50.031257],[6.193392,50.031341],[6.193279,50.031513],[6.193195,50.031588],[6.192722,50.031988],[6.192616,50.032053],[6.192435,50.032126],[6.192296,50.032189],[6.192161,50.032252],[6.19209,50.0323],[6.191796,50.032426],[6.191674,50.032668],[6.191745,50.032827],[6.191951,50.033081],[6.192215,50.033297],[6.192301,50.033454],[6.192361,50.033592],[6.192423,50.033752],[6.192481,50.03386],[6.192497,50.033911],[6.192518,50.034138],[6.192415,50.034335],[6.192356,50.034369],[6.191988,50.034435],[6.191894,50.034527],[6.191882,50.034539],[6.191569,50.034768],[6.191369,50.034852],[6.191214,50.034815],[6.190975,50.034715],[6.190817,50.034643],[6.190704,50.03423],[6.190373,50.033896],[6.1898,50.033468],[6.189646,50.033229],[6.189612,50.032984],[6.189654,50.032857],[6.189644,50.032789],[6.189017,50.032059],[6.188981,50.031961],[6.188953,50.031793],[6.18881,50.031653],[6.188451,50.031282],[6.18826,50.03108],[6.187822,50.03088],[6.187495,50.030738],[6.187372,50.03071],[6.187122,50.030644],[6.186822,50.030505],[6.186724,50.03049],[6.186473,50.030487],[6.186361,50.030498],[6.1863,50.030566],[6.185735,50.030877],[6.185387,50.030898],[6.185277,50.03089],[6.185065,50.030765],[6.184727,50.030638],[6.184318,50.030537],[6.183937,50.030398],[6.183529,50.030194],[6.183391,50.030079],[6.183261,50.02999],[6.182907,50.029785],[6.182371,50.029424],[6.181931,50.029122],[6.181605,50.028917],[6.181355,50.028812],[6.181042,50.028674],[6.180478,50.028423],[6.179978,50.028145],[6.179572,50.02727],[6.179515,50.027274],[6.179496,50.027275],[6.179293,50.027385],[6.179057,50.02744],[6.178947,50.027451],[6.178847,50.027472],[6.17868,50.027479],[6.178491,50.027562],[6.178191,50.027616],[6.177511,50.027496],[6.1773,50.027473],[6.177091,50.027498],[6.176979,50.027503],[6.176368,50.027408],[6.176116,50.027404],[6.175952,50.027438],[6.175849,50.02746],[6.175834,50.02766],[6.175737,50.027718],[6.175705,50.027738],[6.175368,50.02771],[6.175191,50.027711],[6.175065,50.02781],[6.174915,50.027888],[6.174731,50.027905],[6.17469,50.028036],[6.174589,50.028132],[6.174475,50.028155],[6.174371,50.028324],[6.174147,50.028393],[6.174034,50.028509],[6.174017,50.028774],[6.173998,50.02892],[6.174028,50.02898],[6.17412,50.029036],[6.174153,50.029125],[6.174157,50.029215],[6.174259,50.029453],[6.174039,50.029622],[6.17392,50.029687],[6.173912,50.029772],[6.173868,50.029861],[6.173761,50.02999],[6.173611,50.030078],[6.1735,50.030095],[6.173273,50.03013],[6.173036,50.030107],[6.172681,50.030156],[6.172501,50.03023],[6.172294,50.030232],[6.172227,50.0304],[6.17214,50.030476],[6.172015,50.030505],[6.171922,50.030583],[6.171893,50.030723],[6.171876,50.030817],[6.171591,50.030946],[6.171593,50.031438],[6.171575,50.031491],[6.171509,50.031684],[6.171425,50.031785],[6.171255,50.031882],[6.170924,50.032047],[6.170946,50.032175],[6.170905,50.03227],[6.170824,50.032349],[6.170864,50.032516],[6.170756,50.032565],[6.170548,50.032815],[6.170463,50.032883],[6.170444,50.032887],[6.170118,50.032967],[6.170035,50.033052],[6.170116,50.0334],[6.16997,50.033526],[6.169794,50.033554],[6.169744,50.033591],[6.169543,50.033738],[6.169473,50.033904],[6.169319,50.034045],[6.169133,50.034149],[6.168839,50.034258],[6.168801,50.03429],[6.168706,50.034368],[6.168707,50.034385],[6.168719,50.034651],[6.168714,50.035007],[6.168693,50.03523],[6.168742,50.035319],[6.168909,50.035417],[6.169033,50.035528],[6.169097,50.035708],[6.169133,50.035832],[6.168833,50.035865],[6.168821,50.035982],[6.168818,50.036012],[6.168764,50.036145],[6.168728,50.036232],[6.168886,50.03632],[6.168892,50.036402],[6.168912,50.036723],[6.168709,50.036872],[6.168509,50.037037],[6.168399,50.03706],[6.168132,50.037095],[6.167817,50.037169],[6.167729,50.037222],[6.167614,50.037232],[6.167352,50.03716],[6.167164,50.037135],[6.166976,50.037139],[6.166925,50.037159],[6.166813,50.037202],[6.166567,50.037228],[6.166215,50.037266],[6.165841,50.037251],[6.165812,50.037341],[6.165836,50.03738],[6.165741,50.03767],[6.165643,50.037805],[6.165532,50.037889],[6.165449,50.037918],[6.165397,50.037935],[6.165231,50.037983],[6.165155,50.038078],[6.165145,50.038138],[6.165121,50.038273],[6.165069,50.038368],[6.165035,50.038431],[6.16498,50.038676],[6.164947,50.038821],[6.164862,50.038935],[6.164884,50.038977],[6.1649,50.039007],[6.164894,50.039191],[6.164757,50.039399],[6.164615,50.03948],[6.164494,50.03955],[6.164455,50.039594],[6.164384,50.039675],[6.164287,50.039765],[6.163706,50.040023],[6.163447,50.04007],[6.163387,50.040178],[6.163246,50.040274],[6.162971,50.04029],[6.162811,50.040324],[6.162618,50.040365],[6.162325,50.040465],[6.162009,50.040591],[6.16196,50.040644],[6.161828,50.040715],[6.161611,50.040783],[6.161399,50.040808],[6.161274,50.040823],[6.161102,50.040858],[6.160969,50.04105],[6.160886,50.041124],[6.160543,50.041427],[6.160539,50.04165],[6.160427,50.041759],[6.160063,50.042009],[6.159966,50.042075],[6.159896,50.04218],[6.159873,50.042323],[6.159786,50.042454],[6.159797,50.042614],[6.159814,50.042719],[6.159854,50.042994],[6.15982,50.04334],[6.159763,50.043386],[6.159751,50.04386],[6.159688,50.043973],[6.159637,50.044064],[6.159619,50.044182],[6.159552,50.044435],[6.159539,50.044486],[6.159426,50.044802],[6.159367,50.044906],[6.159295,50.045035],[6.159311,50.045235],[6.159253,50.045271],[6.159234,50.045392],[6.159173,50.04551],[6.159182,50.045633],[6.159055,50.04582],[6.158932,50.045944],[6.158903,50.045973],[6.15882,50.046218],[6.158756,50.046404],[6.1588,50.046492],[6.158812,50.046516],[6.158919,50.046617],[6.158891,50.046736],[6.158905,50.046757],[6.159122,50.047061],[6.15932,50.047377],[6.159499,50.047538],[6.159517,50.047727],[6.159527,50.047826],[6.159584,50.047921],[6.159792,50.048261],[6.159865,50.048356],[6.159917,50.048558],[6.160011,50.048658],[6.160304,50.048855],[6.160549,50.049086],[6.160778,50.049229],[6.16115,50.049275],[6.161326,50.049297],[6.161574,50.04941],[6.161899,50.049559],[6.162319,50.049797],[6.16242,50.049814],[6.162764,50.049897],[6.163039,50.050044],[6.163228,50.050236],[6.163243,50.05025],[6.163417,50.050345],[6.16388,50.050606],[6.164048,50.050654],[6.164349,50.050701],[6.164725,50.050839],[6.164931,50.050907],[6.165191,50.05105],[6.165304,50.051088],[6.165501,50.051124],[6.165395,50.051261],[6.165689,50.051346],[6.165711,50.051341],[6.165771,50.051327],[6.165955,50.051331],[6.166187,50.051335],[6.166361,50.051368],[6.166531,50.051432],[6.166754,50.051539],[6.167019,50.051725],[6.166969,50.051754],[6.167042,50.051834],[6.167088,50.051937],[6.16716,50.052057],[6.167218,50.052152],[6.167277,50.052179],[6.167469,50.052346],[6.167481,50.052422],[6.167504,50.052568],[6.167589,50.052691],[6.16769,50.052778],[6.167836,50.05287],[6.167975,50.052969],[6.168024,50.053111],[6.168102,50.053155],[6.168158,50.053248],[6.168136,50.053378],[6.16792,50.053431],[6.167801,50.05352],[6.167596,50.053587],[6.167565,50.053632],[6.167489,50.053741],[6.167418,50.053808],[6.167391,50.05401],[6.167333,50.05414],[6.167315,50.054152],[6.167225,50.054211],[6.166989,50.054365],[6.166755,50.054462],[6.166566,50.054491],[6.166351,50.054533],[6.165991,50.054555],[6.165727,50.054573],[6.165588,50.054589],[6.165311,50.054622],[6.165201,50.054561],[6.165011,50.054429],[6.164819,50.054425],[6.164718,50.054384],[6.164578,50.054393],[6.16423,50.05431],[6.163894,50.054292],[6.163475,50.054214],[6.163268,50.054299],[6.163016,50.054366],[6.162897,50.054365],[6.16285,50.054394],[6.162768,50.054594],[6.162731,50.05468],[6.162713,50.054724],[6.162457,50.054821],[6.162293,50.054767],[6.161684,50.054844],[6.161375,50.05477],[6.161314,50.054755],[6.160897,50.0547],[6.160611,50.054702],[6.16015,50.054726],[6.160084,50.054686],[6.159952,50.054708],[6.159797,50.054777],[6.1593,50.055027],[6.158896,50.055297],[6.158755,50.055432],[6.158565,50.055593],[6.158456,50.055712],[6.158452,50.055802],[6.158423,50.05583],[6.158293,50.055956],[6.158248,50.056236],[6.158198,50.056387],[6.158184,50.056426],[6.158145,50.056572],[6.158062,50.056705],[6.158102,50.056779],[6.158075,50.05688],[6.157999,50.05699],[6.157909,50.057116],[6.15787,50.057229],[6.157829,50.057345],[6.157681,50.05752],[6.157494,50.057654],[6.15733,50.05778],[6.157185,50.058185],[6.157202,50.058437],[6.157297,50.058545],[6.157398,50.05866],[6.157524,50.058762],[6.157548,50.05884],[6.157772,50.059062],[6.157913,50.059194],[6.158,50.059345],[6.157841,50.059518],[6.157499,50.059627],[6.15741,50.059769],[6.157164,50.05985],[6.156897,50.06003],[6.156809,50.060118],[6.156456,50.060205],[6.156229,50.060177],[6.15615,50.060224],[6.156109,50.060249],[6.155901,50.060315],[6.155715,50.06051],[6.155614,50.060617],[6.155597,50.0608],[6.155539,50.060901],[6.155428,50.061092],[6.155234,50.061367],[6.155208,50.061404],[6.155055,50.061701],[6.155017,50.061797],[6.154966,50.061927],[6.155016,50.062063],[6.154833,50.062142],[6.154969,50.062221],[6.155075,50.062284],[6.155311,50.062327],[6.155475,50.062394],[6.155457,50.062494],[6.155644,50.062673],[6.156119,50.062725],[6.156342,50.062864],[6.156598,50.063068],[6.156654,50.063123],[6.156751,50.063295],[6.156845,50.063487],[6.156673,50.063512],[6.156696,50.0641],[6.1567,50.064169],[6.156605,50.064397],[6.156594,50.064429],[6.156581,50.064468],[6.156568,50.064538],[6.156563,50.064568],[6.156623,50.064733],[6.156761,50.064872],[6.157027,50.065056],[6.157066,50.065133],[6.157185,50.065226],[6.157349,50.065356],[6.157421,50.065412],[6.157465,50.065446],[6.157471,50.065455],[6.157486,50.065472],[6.157519,50.065513]]]},"$schema":null,"$context":null},{"type":"Feature","properties":{"gml_id":"gemeinde_rlp.23","gid":23,"datum":"16.07.26","region":"Rheinland-Pfalz","gmdesch":131050,"gemeinde":"Meuspath","vgnr":13101,"vbgmde":"Adenau","vgname":"Adenau (13101)","kreissch":131,"ldkreis":"Ahrweiler","amtsgrcht":"Bad Neuenahr-Ahrweiler","finanzamt":"Bad Neuenahr-Ahrweiler","kanr":5750,"katamt":"Osteifel-Hunsr\u00fcck","katurl":"https:\/\/vermka-osteifel-hunsrueck.rlp.de","guta":720,"gutaurl":"https:\/\/gutachterausschuesse.rlp.de\/service\/gutachterausschuesse-fuer-grundstueckswerte\/","ags":713101050,"gemtyp":"Gemeinde","kreistyp":"Landkreis"},"bbox":[6.952654,50.327883,6.984434,50.352665],"geometry":{"type":"Polygon","coordinates":[[[6.980411,50.351229],[6.980837,50.351097],[6.981349,50.351039],[6.981729,50.350996],[6.982913,50.350861],[6.98297,50.350855],[6.983108,50.350852],[6.983785,50.350843],[6.984064,50.350839],[6.984063,50.350766],[6.983818,50.350679],[6.98383,50.350616],[6.983851,50.350506],[6.983977,50.349861],[6.983998,50.349747],[6.984026,50.349606],[6.984048,50.349496],[6.984084,50.349301],[6.9841,50.349217],[6.984187,50.348763],[6.984196,50.348726],[6.984201,50.3487],[6.984207,50.348664],[6.984278,50.348303],[6.9844,50.347676],[6.984425,50.347548],[6.984428,50.347529],[6.984169,50.347218],[6.984018,50.347037],[6.983954,50.346959],[6.983828,50.346809],[6.983735,50.346696],[6.98374,50.346637],[6.983772,50.346289],[6.983775,50.346277],[6.983772,50.345792],[6.983771,50.345509],[6.98377,50.345367],[6.983788,50.345166],[6.983801,50.345024],[6.983835,50.344786],[6.983856,50.344682],[6.983889,50.344512],[6.983958,50.344402],[6.984002,50.34433],[6.984026,50.343901],[6.984367,50.343492],[6.984408,50.343397],[6.984434,50.343336],[6.98437,50.343151],[6.984271,50.343022],[6.984112,50.342816],[6.984046,50.342762],[6.98392,50.342659],[6.983783,50.342547],[6.983707,50.342551],[6.983138,50.342579],[6.982599,50.342606],[6.981866,50.342642],[6.981535,50.342659],[6.98097,50.342687],[6.979645,50.342754],[6.979496,50.342761],[6.979389,50.342727],[6.979104,50.342444],[6.979068,50.342438],[6.978545,50.342271],[6.97843,50.342234],[6.97814,50.342203],[6.977494,50.342348],[6.976601,50.342464],[6.976249,50.342576],[6.975543,50.342765],[6.974911,50.342553],[6.974831,50.342524],[6.974946,50.341925],[6.974962,50.34184],[6.974978,50.341757],[6.974994,50.341675],[6.975015,50.341566],[6.975043,50.341421],[6.975099,50.341127],[6.975329,50.340885],[6.975386,50.340825],[6.9754,50.340812],[6.976201,50.340081],[6.976771,50.340156],[6.976931,50.33995],[6.976996,50.339867],[6.976792,50.339811],[6.976534,50.339741],[6.976551,50.339715],[6.977015,50.339053],[6.977036,50.339024],[6.977043,50.339014],[6.977026,50.339009],[6.977008,50.338964],[6.977022,50.338929],[6.976938,50.338926],[6.976859,50.338942],[6.976846,50.338924],[6.976897,50.338881],[6.97684,50.338843],[6.976841,50.338805],[6.976691,50.338835],[6.976691,50.33887],[6.97654,50.338849],[6.976541,50.338745],[6.9766,50.338741],[6.976554,50.338676],[6.976561,50.338666],[6.976605,50.338506],[6.976467,50.338496],[6.976451,50.338495],[6.976483,50.338435],[6.97666,50.338107],[6.976678,50.338073],[6.976079,50.337893],[6.97538,50.3377],[6.974905,50.337551],[6.974823,50.337649],[6.974109,50.337758],[6.973818,50.33775],[6.973379,50.337726],[6.972909,50.337601],[6.972485,50.33753],[6.971967,50.337491],[6.971358,50.337324],[6.970403,50.337116],[6.970178,50.337079],[6.96971,50.33701],[6.969385,50.336965],[6.969175,50.336938],[6.967502,50.336746],[6.967073,50.335542],[6.96714,50.334974],[6.967108,50.334377],[6.96693,50.333793],[6.966944,50.333343],[6.966846,50.333],[6.966747,50.332709],[6.966689,50.332501],[6.966637,50.332318],[6.966672,50.332242],[6.967272,50.331844],[6.967577,50.331443],[6.96765,50.331348],[6.967577,50.331253],[6.967455,50.331143],[6.967281,50.331079],[6.967297,50.331049],[6.967489,50.330982],[6.968021,50.330921],[6.970015,50.33089],[6.971418,50.330869],[6.97205,50.330846],[6.972104,50.330797],[6.972015,50.330758],[6.971976,50.33067],[6.971547,50.330178],[6.971524,50.330169],[6.971525,50.330118],[6.971756,50.330019],[6.972109,50.329846],[6.97243,50.329697],[6.972489,50.329612],[6.972526,50.329444],[6.972547,50.329363],[6.972539,50.329284],[6.972504,50.32922],[6.972395,50.329089],[6.97232,50.329023],[6.97223,50.32897],[6.972029,50.328893],[6.971766,50.328851],[6.97161,50.328828],[6.970775,50.328707],[6.970768,50.328706],[6.970005,50.328729],[6.969922,50.328732],[6.969419,50.328794],[6.969104,50.328769],[6.968808,50.328746],[6.968665,50.328743],[6.96851,50.32878],[6.968439,50.328746],[6.968426,50.328743],[6.968399,50.328786],[6.968287,50.328828],[6.968283,50.328835],[6.968123,50.328781],[6.968047,50.328785],[6.967973,50.328812],[6.967834,50.3289],[6.967812,50.328943],[6.967786,50.328954],[6.967745,50.329015],[6.967717,50.329046],[6.967658,50.32907],[6.967586,50.32913],[6.967569,50.329135],[6.967495,50.329145],[6.967449,50.329144],[6.967409,50.329143],[6.967289,50.329119],[6.966993,50.329131],[6.966949,50.329188],[6.966817,50.329193],[6.966761,50.329122],[6.966668,50.329095],[6.966554,50.329017],[6.966556,50.328995],[6.966629,50.328996],[6.966633,50.32897],[6.966552,50.328935],[6.966365,50.328905],[6.966243,50.328937],[6.966035,50.328904],[6.965908,50.328815],[6.965659,50.32885],[6.965635,50.328831],[6.965596,50.328733],[6.965571,50.328714],[6.965417,50.328749],[6.965347,50.328738],[6.965354,50.328672],[6.965331,50.328653],[6.965217,50.328604],[6.965186,50.32862],[6.965176,50.328664],[6.96515,50.328681],[6.964956,50.328655],[6.964923,50.328664],[6.964692,50.328825],[6.964663,50.328829],[6.964507,50.328804],[6.964398,50.328749],[6.964232,50.328712],[6.964201,50.328717],[6.964187,50.328767],[6.964161,50.328773],[6.964067,50.328766],[6.963938,50.328711],[6.963666,50.328661],[6.963426,50.328712],[6.963331,50.328732],[6.963156,50.32874],[6.963076,50.328698],[6.962898,50.328717],[6.962866,50.328709],[6.962908,50.328658],[6.962892,50.328595],[6.962861,50.32858],[6.962667,50.328599],[6.962638,50.328615],[6.962646,50.328671],[6.962625,50.328685],[6.962356,50.328719],[6.962111,50.328789],[6.961844,50.328864],[6.96172,50.328937],[6.961573,50.328943],[6.961403,50.328894],[6.961391,50.328897],[6.961179,50.328949],[6.961156,50.328928],[6.961137,50.328873],[6.961115,50.328859],[6.960868,50.328817],[6.960602,50.328814],[6.960493,50.328813],[6.960159,50.32882],[6.959542,50.328629],[6.959425,50.328448],[6.959114,50.328375],[6.958982,50.328271],[6.958928,50.32811],[6.958728,50.327999],[6.958433,50.327931],[6.95816,50.327883],[6.958116,50.327968],[6.958062,50.328034],[6.957797,50.328088],[6.957681,50.328112],[6.95758,50.328104],[6.957464,50.328129],[6.957258,50.328207],[6.957208,50.328259],[6.957159,50.328242],[6.957092,50.328242],[6.957002,50.328278],[6.956908,50.328258],[6.956874,50.328315],[6.956849,50.328324],[6.95678,50.328306],[6.956581,50.328442],[6.956479,50.328453],[6.956377,50.328432],[6.956306,50.328443],[6.956084,50.32857],[6.955907,50.328602],[6.955783,50.328551],[6.955524,50.328644],[6.955529,50.328732],[6.955434,50.328848],[6.955248,50.328866],[6.955017,50.328942],[6.954815,50.329068],[6.954658,50.329103],[6.954603,50.329084],[6.954491,50.329123],[6.954357,50.329116],[6.9543,50.329083],[6.954047,50.329104],[6.953864,50.329117],[6.953494,50.329214],[6.95319,50.329248],[6.953187,50.329253],[6.953148,50.329322],[6.953027,50.329457],[6.952919,50.329535],[6.952746,50.329834],[6.95267,50.329998],[6.952888,50.330404],[6.952952,50.330524],[6.953311,50.331192],[6.953371,50.331321],[6.953455,50.331504],[6.953509,50.331621],[6.953515,50.331663],[6.95353,50.331764],[6.953546,50.331879],[6.953593,50.332196],[6.953597,50.332225],[6.953566,50.332356],[6.953517,50.332563],[6.953461,50.332799],[6.953438,50.332896],[6.953425,50.332947],[6.953419,50.332973],[6.953394,50.333068],[6.953341,50.333272],[6.953293,50.333456],[6.953268,50.333551],[6.953226,50.33371],[6.953194,50.333834],[6.953174,50.333886],[6.95314,50.333973],[6.953108,50.334054],[6.953104,50.334063],[6.953031,50.33425],[6.952984,50.334371],[6.952949,50.334444],[6.952716,50.334936],[6.952654,50.335067],[6.952742,50.335037],[6.953225,50.335134],[6.953871,50.335265],[6.954207,50.335332],[6.954629,50.335418],[6.954415,50.335875],[6.954163,50.33641],[6.954696,50.336632],[6.955316,50.336889],[6.955961,50.337157],[6.956063,50.337167],[6.956238,50.337129],[6.956604,50.337052],[6.956827,50.337002],[6.956871,50.336992],[6.957142,50.336931],[6.957591,50.336831],[6.957854,50.336773],[6.957885,50.336766],[6.95808,50.336723],[6.958184,50.3367],[6.958639,50.3366],[6.95887,50.336549],[6.95903,50.336513],[6.959124,50.336492],[6.959381,50.336435],[6.959651,50.336376],[6.959961,50.336307],[6.960001,50.336298],[6.960007,50.336345],[6.960029,50.336364],[6.959631,50.33668],[6.959593,50.336696],[6.959672,50.336699],[6.960136,50.336718],[6.960199,50.336725],[6.960408,50.336747],[6.960526,50.336759],[6.960594,50.336779],[6.96081,50.336844],[6.960897,50.33687],[6.960943,50.336883],[6.96108,50.336955],[6.961121,50.337028],[6.961128,50.337064],[6.961094,50.337093],[6.961016,50.337135],[6.96093,50.337172],[6.961084,50.337445],[6.961097,50.337469],[6.961104,50.337482],[6.961048,50.337491],[6.960373,50.337617],[6.960235,50.337747],[6.960106,50.337867],[6.959956,50.338002],[6.959438,50.338477],[6.959412,50.338925],[6.959405,50.33904],[6.959469,50.339417],[6.959742,50.33968],[6.960171,50.340142],[6.960385,50.340381],[6.960393,50.340599],[6.960386,50.340848],[6.960384,50.340935],[6.960343,50.341172],[6.960313,50.34133],[6.960303,50.341382],[6.960431,50.341507],[6.960827,50.342251],[6.960937,50.342292],[6.960929,50.34234],[6.961137,50.342326],[6.961853,50.342275],[6.961957,50.342267],[6.962035,50.342265],[6.962278,50.34225],[6.962447,50.342235],[6.962808,50.342218],[6.963242,50.342172],[6.963313,50.342213],[6.963328,50.342556],[6.963337,50.34277],[6.963342,50.342899],[6.963346,50.342972],[6.962143,50.343079],[6.962236,50.343363],[6.961759,50.343727],[6.961729,50.343768],[6.961493,50.343905],[6.961421,50.343946],[6.961233,50.344056],[6.961053,50.34418],[6.960865,50.344313],[6.960413,50.344556],[6.960441,50.344662],[6.960505,50.344793],[6.960474,50.344844],[6.960484,50.34494],[6.960323,50.345075],[6.960091,50.345229],[6.959937,50.345609],[6.959978,50.345681],[6.960269,50.34592],[6.960569,50.34617],[6.960854,50.346334],[6.961057,50.346279],[6.961061,50.346284],[6.961012,50.346382],[6.961377,50.346475],[6.961968,50.346627],[6.962149,50.346878],[6.962196,50.346943],[6.96235,50.347219],[6.962458,50.347412],[6.962327,50.347447],[6.962074,50.347476],[6.962347,50.348724],[6.96236,50.348752],[6.962401,50.348793],[6.962433,50.348812],[6.962474,50.348821],[6.962553,50.348827],[6.963872,50.348403],[6.964704,50.348048],[6.964822,50.347997],[6.96488,50.347973],[6.966049,50.347472],[6.966225,50.347397],[6.9663,50.347423],[6.9663,50.347472],[6.966784,50.347653],[6.967268,50.347834],[6.9679,50.34807],[6.968192,50.34818],[6.968484,50.348289],[6.96861,50.348292],[6.9687,50.348316],[6.968582,50.348363],[6.968591,50.34844],[6.968641,50.34887],[6.968683,50.349232],[6.968692,50.349311],[6.968863,50.349472],[6.969936,50.350481],[6.969968,50.350511],[6.970684,50.350831],[6.970749,50.350804],[6.970777,50.350853],[6.970896,50.350992],[6.970984,50.351164],[6.971117,50.351379],[6.971135,50.351412],[6.971185,50.351508],[6.971211,50.351588],[6.971244,50.351692],[6.971257,50.35173],[6.971243,50.351873],[6.971223,50.351986],[6.971253,50.352102],[6.971273,50.352178],[6.971329,50.352238],[6.971367,50.352278],[6.971536,50.35221],[6.971548,50.352205],[6.971797,50.352458],[6.971857,50.352514],[6.971874,50.352499],[6.972089,50.35231],[6.972115,50.352331],[6.972233,50.352452],[6.972461,50.352605],[6.972705,50.352665],[6.9729,50.352658],[6.973205,50.352615],[6.973649,50.352576],[6.974272,50.352537],[6.975118,50.352456],[6.975616,50.352414],[6.975974,50.352385],[6.976069,50.352378],[6.97633,50.352181],[6.976601,50.352074],[6.976737,50.352057],[6.976928,50.352034],[6.977313,50.352087],[6.977355,50.352038],[6.977333,50.351858],[6.977609,50.351859],[6.978035,50.351882],[6.978601,50.351984],[6.978986,50.351965],[6.979093,50.352042],[6.979208,50.352125],[6.979412,50.352272],[6.979425,50.352279],[6.979586,50.352369],[6.979871,50.352448],[6.98016,50.352463],[6.980552,50.352427],[6.980786,50.35239],[6.980901,50.352359],[6.981494,50.352311],[6.981156,50.352069],[6.981003,50.35199],[6.979813,50.351608],[6.979498,50.351485],[6.979517,50.351428],[6.979674,50.351368],[6.979866,50.351246],[6.979907,50.351219],[6.979914,50.351214],[6.980051,50.351261],[6.98018,50.351221],[6.980315,50.351259],[6.980411,50.351229]]]},"$schema":null,"$context":null},{"type":"Feature","properties":{"gml_id":"gemeinde_rlp.24","gid":24,"datum":"16.07.26","region":"Rheinland-Pfalz","gmdesch":135039,"gemeinde":"Haserich","vgnr":13505,"vbgmde":"Zell (Mosel)","vgname":"Zell (Mosel) (13505)","kreissch":135,"ldkreis":"Cochem-Zell","amtsgrcht":"Cochem","finanzamt":"Simmern-Zell","kanr":5750,"katamt":"Osteifel-Hunsr\u00fcck","katurl":"https:\/\/vermka-osteifel-hunsrueck.rlp.de","guta":720,"gutaurl":"https:\/\/gutachterausschuesse.rlp.de\/service\/gutachterausschuesse-fuer-grundstueckswerte\/","ags":713505039,"gemtyp":"Gemeinde","kreistyp":"Landkreis"},"bbox":[7.310079,50.025305,7.34705,50.050399],"geometry":{"type":"Polygon","coordinates":[[[7.333109,50.048428],[7.333643,50.047427],[7.33373,50.047269],[7.333767,50.047198],[7.334801,50.046245],[7.336242,50.044912],[7.336277,50.044854],[7.336347,50.044736],[7.336364,50.044708],[7.336928,50.043764],[7.337142,50.0434],[7.337282,50.043164],[7.33767,50.042507],[7.337927,50.042078],[7.338906,50.040201],[7.338968,50.040122],[7.339329,50.039658],[7.339341,50.039644],[7.33936,50.039619],[7.339956,50.038854],[7.339977,50.038811],[7.34018,50.038392],[7.340351,50.038043],[7.340619,50.037491],[7.340629,50.037462],[7.341054,50.036314],[7.341358,50.03549],[7.341387,50.035412],[7.34146,50.035216],[7.341747,50.034436],[7.341818,50.034208],[7.342021,50.033556],[7.342159,50.033129],[7.342301,50.032678],[7.342534,50.031941],[7.34258,50.031795],[7.342762,50.031219],[7.342793,50.031118],[7.342976,50.030881],[7.343703,50.029936],[7.343705,50.029932],[7.344656,50.028721],[7.344961,50.028332],[7.346121,50.027084],[7.34705,50.026085],[7.345337,50.02576],[7.34414,50.025532],[7.342945,50.025305],[7.341139,50.025938],[7.340526,50.025895],[7.3389,50.02578],[7.338684,50.027299],[7.33701,50.027223],[7.335318,50.027147],[7.33508,50.027015],[7.334874,50.02688],[7.334533,50.027114],[7.33402,50.027061],[7.334002,50.026898],[7.333963,50.026527],[7.333944,50.026351],[7.333858,50.025541],[7.332524,50.025622],[7.330869,50.025722],[7.327849,50.025905],[7.325723,50.026039],[7.325639,50.026044],[7.323911,50.025947],[7.321909,50.025837],[7.321654,50.025793],[7.321664,50.02572],[7.321692,50.025523],[7.321573,50.025538],[7.321529,50.025543],[7.321484,50.025549],[7.320462,50.025672],[7.320074,50.025719],[7.319299,50.025813],[7.317305,50.026054],[7.317224,50.026103],[7.31552,50.027141],[7.315382,50.027227],[7.313525,50.029765],[7.313491,50.029812],[7.313318,50.030047],[7.313238,50.030081],[7.313338,50.030125],[7.313393,50.030133],[7.313435,50.030143],[7.313362,50.030167],[7.313104,50.030616],[7.313023,50.030781],[7.312975,50.030881],[7.312856,50.031126],[7.312749,50.031346],[7.312694,50.031468],[7.312616,50.031635],[7.312319,50.032272],[7.312221,50.032482],[7.311907,50.033154],[7.311818,50.033344],[7.31179,50.033403],[7.311364,50.034322],[7.311403,50.034359],[7.311397,50.034402],[7.311978,50.034426],[7.31202,50.034464],[7.310983,50.037123],[7.310913,50.03716],[7.311079,50.037155],[7.311539,50.037138],[7.311575,50.037137],[7.311585,50.037144],[7.311512,50.037188],[7.311214,50.037363],[7.31103,50.037491],[7.310861,50.037632],[7.310335,50.038158],[7.310287,50.038254],[7.310262,50.038289],[7.310239,50.038337],[7.310079,50.038609],[7.310079,50.038619],[7.310343,50.038611],[7.311346,50.038584],[7.311634,50.038588],[7.311758,50.038605],[7.311813,50.038613],[7.311824,50.038615],[7.311899,50.038625],[7.312154,50.038693],[7.312485,50.038807],[7.312741,50.038869],[7.313004,50.038906],[7.313664,50.038937],[7.313929,50.03898],[7.314178,50.039054],[7.314467,50.039182],[7.314708,50.039271],[7.314954,50.039346],[7.31543,50.03946],[7.315694,50.039495],[7.315964,50.039504],[7.316308,50.03948],[7.316316,50.039489],[7.316851,50.040374],[7.316895,50.040543],[7.3169,50.040667],[7.316912,50.040669],[7.316939,50.040677],[7.317061,50.040711],[7.319185,50.041156],[7.319501,50.04121],[7.319559,50.041234],[7.319539,50.04125],[7.319429,50.041337],[7.318859,50.041761],[7.318648,50.041918],[7.318575,50.041972],[7.316172,50.043758],[7.31618,50.043806],[7.317548,50.044461],[7.31827,50.044806],[7.318376,50.044856],[7.319006,50.04516],[7.319152,50.04523],[7.320286,50.045772],[7.320435,50.045823],[7.322029,50.04627],[7.322293,50.046343],[7.322509,50.046398],[7.323177,50.046586],[7.323242,50.046604],[7.323553,50.046692],[7.324574,50.047194],[7.325472,50.047634],[7.326538,50.048134],[7.327382,50.048449],[7.328428,50.048917],[7.329934,50.049608],[7.331049,50.050087],[7.331793,50.050323],[7.332055,50.050399],[7.33304,50.048558],[7.333048,50.048545],[7.333063,50.048514],[7.333109,50.048428]]]},"$schema":null,"$context":null},{"type":"Feature","properties":{"gml_id":"gemeinde_rlp.25","gid":25,"datum":"16.07.26","region":"Rheinland-Pfalz","gmdesch":140070,"gemeinde":"Klosterkumbd","vgnr":14008,"vbgmde":"Simmern-Rheinb\u00f6llen","vgname":"Simmern-Rheinb\u00f6llen (14008)","kreissch":140,"ldkreis":"Rhein-Hunsr\u00fcck-Kreis","amtsgrcht":"Simmern\/Hunsr\u00fcck","finanzamt":"Simmern-Zell","kanr":5750,"katamt":"Osteifel-Hunsr\u00fcck","katurl":"https:\/\/vermka-osteifel-hunsrueck.rlp.de","guta":720,"gutaurl":"https:\/\/gutachterausschuesse.rlp.de\/service\/gutachterausschuesse-fuer-grundstueckswerte\/","ags":714008070,"gemtyp":"Gemeinde","kreistyp":"Landkreis"},"bbox":[7.489089,50.018504,7.54967,50.049093],"geometry":{"type":"Polygon","coordinates":[[[7.527387,50.042655],[7.52788,50.042265],[7.528143,50.041988],[7.528293,50.041831],[7.528483,50.041696],[7.528751,50.041552],[7.529685,50.041123],[7.530296,50.040842],[7.530658,50.04066],[7.530973,50.040422],[7.53102,50.040387],[7.531687,50.039885],[7.532971,50.038918],[7.533027,50.038877],[7.533055,50.038857],[7.534279,50.037964],[7.535026,50.037485],[7.535141,50.037431],[7.535271,50.037375],[7.53591,50.037236],[7.536004,50.037212],[7.536144,50.037177],[7.536904,50.036983],[7.537885,50.036468],[7.539059,50.036324],[7.539289,50.036302],[7.539455,50.036286],[7.53999,50.036233],[7.540472,50.036204],[7.541101,50.035371],[7.542368,50.033705],[7.54404,50.031893],[7.544969,50.03105],[7.545715,50.030378],[7.545781,50.030317],[7.546378,50.029784],[7.547409,50.027807],[7.547447,50.027734],[7.547566,50.027728],[7.54967,50.02763],[7.549585,50.026681],[7.54958,50.026627],[7.549577,50.026589],[7.549564,50.026448],[7.549371,50.025032],[7.548745,50.024339],[7.548067,50.023499],[7.54791,50.02329],[7.547891,50.023257],[7.547304,50.022359],[7.545488,50.02129],[7.543953,50.021394],[7.541422,50.019955],[7.541411,50.01995],[7.54128,50.019896],[7.541232,50.019877],[7.540166,50.01943],[7.539937,50.019334],[7.539586,50.019188],[7.539118,50.018902],[7.539049,50.018882],[7.538982,50.018863],[7.537999,50.018588],[7.53793,50.018569],[7.537897,50.018559],[7.537701,50.018504],[7.537752,50.018861],[7.537737,50.018967],[7.53691,50.019003],[7.536841,50.019006],[7.535228,50.019063],[7.535135,50.019086],[7.535035,50.01912],[7.533892,50.019013],[7.533839,50.019008],[7.533716,50.018997],[7.532696,50.018902],[7.531949,50.018832],[7.531219,50.018764],[7.531164,50.018759],[7.531047,50.018748],[7.530379,50.018685],[7.52967,50.018619],[7.528658,50.018524],[7.528527,50.018553],[7.528386,50.018629],[7.52832,50.018629],[7.528175,50.018555],[7.528168,50.018517],[7.528068,50.018572],[7.527561,50.018654],[7.526721,50.018791],[7.525594,50.018974],[7.525428,50.018981],[7.525485,50.019018],[7.525525,50.01984],[7.525472,50.019876],[7.522401,50.019856],[7.522331,50.019854],[7.522197,50.019854],[7.522145,50.019888],[7.520359,50.021003],[7.519396,50.021601],[7.518597,50.022816],[7.518246,50.023352],[7.517099,50.025102],[7.517065,50.025155],[7.513559,50.024868],[7.512043,50.025852],[7.511181,50.026411],[7.508904,50.027569],[7.506989,50.028748],[7.506512,50.028933],[7.506468,50.028949],[7.506353,50.028994],[7.50632,50.029007],[7.505829,50.029197],[7.503965,50.029691],[7.501893,50.030639],[7.501064,50.03064],[7.499845,50.031235],[7.498561,50.031746],[7.496431,50.03213],[7.495273,50.032287],[7.493346,50.032269],[7.493166,50.032325],[7.492466,50.032322],[7.492232,50.032335],[7.492182,50.032316],[7.492097,50.032259],[7.491849,50.032258],[7.491685,50.032229],[7.491633,50.032182],[7.491487,50.032118],[7.491041,50.032089],[7.490921,50.032096],[7.490756,50.032075],[7.490423,50.032093],[7.490312,50.032074],[7.490244,50.032037],[7.490068,50.032022],[7.489787,50.03194],[7.489726,50.031949],[7.489422,50.031993],[7.48935,50.032014],[7.489154,50.032089],[7.489109,50.032104],[7.489089,50.032111],[7.489338,50.032273],[7.489375,50.03247],[7.489386,50.032655],[7.489572,50.032713],[7.489671,50.032878],[7.489622,50.032911],[7.489711,50.032967],[7.489635,50.033206],[7.489589,50.033324],[7.489515,50.03379],[7.489474,50.033874],[7.489516,50.033921],[7.489528,50.033936],[7.4896,50.033962],[7.489603,50.033973],[7.489603,50.034019],[7.489634,50.034046],[7.489764,50.034071],[7.489787,50.034086],[7.489811,50.034138],[7.489843,50.034262],[7.489883,50.034369],[7.490034,50.034603],[7.490096,50.034777],[7.490181,50.034938],[7.490213,50.03502],[7.490182,50.035123],[7.489988,50.035291],[7.489953,50.035329],[7.489869,50.035437],[7.489868,50.035594],[7.489858,50.035727],[7.489883,50.035856],[7.489908,50.035942],[7.489952,50.03602],[7.490032,50.036094],[7.490127,50.036153],[7.490252,50.036202],[7.490379,50.036239],[7.490517,50.03627],[7.490946,50.03635],[7.491085,50.036386],[7.491217,50.03643],[7.491339,50.036476],[7.492857,50.037104],[7.492972,50.037157],[7.49308,50.037212],[7.493173,50.037271],[7.49386,50.037728],[7.493961,50.037788],[7.494069,50.037844],[7.494179,50.037896],[7.494284,50.037943],[7.494798,50.03815],[7.495118,50.038282],[7.495318,50.038333],[7.495628,50.03845],[7.495695,50.038477],[7.495904,50.038379],[7.496114,50.0384],[7.49617,50.03838],[7.496258,50.038382],[7.496304,50.038453],[7.496297,50.03852],[7.496317,50.038581],[7.496304,50.038664],[7.496324,50.038748],[7.496374,50.038874],[7.496425,50.038888],[7.496523,50.038943],[7.496546,50.038997],[7.496429,50.039082],[7.496429,50.039128],[7.496491,50.039201],[7.496656,50.039246],[7.496845,50.039222],[7.496896,50.039222],[7.496986,50.039287],[7.49699,50.039452],[7.496967,50.039505],[7.497079,50.039699],[7.497111,50.039697],[7.497136,50.039696],[7.497429,50.039685],[7.497515,50.03966],[7.497606,50.039635],[7.497741,50.039691],[7.497809,50.03968],[7.49784,50.039649],[7.498093,50.039556],[7.498324,50.039521],[7.498393,50.039552],[7.498442,50.039529],[7.498551,50.039554],[7.498692,50.039546],[7.498774,50.039534],[7.498813,50.039483],[7.498896,50.039458],[7.49913,50.039482],[7.499213,50.039477],[7.500239,50.03941],[7.501621,50.039527],[7.502397,50.040182],[7.503157,50.040817],[7.503682,50.041254],[7.505696,50.040956],[7.507609,50.040666],[7.507665,50.040657],[7.509166,50.040493],[7.51079,50.04028],[7.512243,50.04011],[7.512842,50.041733],[7.512878,50.041998],[7.51298,50.042748],[7.512993,50.042843],[7.512834,50.044503],[7.516405,50.044924],[7.518939,50.046455],[7.520171,50.047097],[7.520185,50.047233],[7.52027,50.048059],[7.521239,50.048342],[7.521425,50.048395],[7.521463,50.048406],[7.522919,50.048821],[7.523195,50.048882],[7.523108,50.048976],[7.522998,50.049093],[7.526322,50.048821],[7.526339,50.04871],[7.526379,50.048438],[7.526719,50.047562],[7.52689,50.047111],[7.526898,50.046561],[7.527023,50.04541],[7.527026,50.045359],[7.527168,50.04466],[7.527234,50.043992],[7.527387,50.042655]]]},"$schema":null,"$context":null},{"type":"Feature","properties":{"gml_id":"gemeinde_rlp.26","gid":26,"datum":"16.07.26","region":"Rheinland-Pfalz","gmdesch":232221,"gemeinde":"Euscheid","vgnr":23201,"vbgmde":"Arzfeld","vgname":"Arzfeld (23201)","kreissch":232,"ldkreis":"Eifelkreis Bitburg-Pr\u00fcm","amtsgrcht":"Pr\u00fcm","finanzamt":"Bitburg-Pr\u00fcm","kanr":8750,"katamt":"Westeifel-Mosel","katurl":"https:\/\/vermka-westeifel-mosel.rlp.de","guta":780,"gutaurl":"https:\/\/gutachterausschuesse.rlp.de\/service\/gutachterausschuesse-fuer-grundstueckswerte\/","ags":723201221,"gemtyp":"Gemeinde","kreistyp":"Landkreis"},"bbox":[6.286,50.124274,6.317087,50.149957],"geometry":{"type":"Polygon","coordinates":[[[6.31239,50.149851],[6.312881,50.149957],[6.31301,50.149923],[6.312882,50.149773],[6.312779,50.149715],[6.312985,50.149652],[6.313222,50.149598],[6.313389,50.14883],[6.313383,50.148727],[6.313374,50.14857],[6.313148,50.148096],[6.313122,50.148041],[6.312983,50.147994],[6.312779,50.1478],[6.31269,50.147627],[6.312622,50.147598],[6.312604,50.147446],[6.312553,50.147336],[6.312596,50.147155],[6.312543,50.147083],[6.312444,50.146571],[6.312389,50.146541],[6.31222,50.146328],[6.313021,50.146102],[6.313115,50.146053],[6.312993,50.145944],[6.313773,50.145318],[6.313665,50.145254],[6.313307,50.145044],[6.313028,50.144874],[6.313216,50.144877],[6.313263,50.144832],[6.313782,50.14471],[6.314141,50.144577],[6.314431,50.144458],[6.314673,50.144322],[6.314906,50.14417],[6.315046,50.144154],[6.314825,50.144069],[6.314273,50.143848],[6.313323,50.143454],[6.312104,50.142977],[6.311214,50.142613],[6.310994,50.142523],[6.310803,50.142444],[6.310702,50.142397],[6.31002,50.142403],[6.308748,50.142415],[6.30879,50.142058],[6.308812,50.141872],[6.308374,50.141824],[6.30716,50.141714],[6.306984,50.141698],[6.306584,50.141662],[6.306174,50.141617],[6.305979,50.141588],[6.305985,50.141572],[6.305996,50.141546],[6.306001,50.141532],[6.30603,50.139678],[6.30667,50.139689],[6.306957,50.139729],[6.306972,50.139654],[6.306264,50.139354],[6.305807,50.139222],[6.305572,50.139165],[6.305435,50.139139],[6.305368,50.139129],[6.304981,50.139075],[6.304883,50.139055],[6.304656,50.138999],[6.305488,50.138786],[6.305645,50.138732],[6.306095,50.138545],[6.306368,50.138447],[6.306637,50.138373],[6.307071,50.138271],[6.306753,50.137769],[6.306737,50.137744],[6.306824,50.137711],[6.306884,50.1377],[6.307094,50.137713],[6.307353,50.137729],[6.307076,50.136915],[6.306979,50.13663],[6.307081,50.13655],[6.306954,50.136545],[6.306441,50.136377],[6.305987,50.136231],[6.306025,50.136191],[6.306499,50.135687],[6.306669,50.13531],[6.306818,50.134981],[6.306868,50.134871],[6.306913,50.134771],[6.307031,50.13442],[6.307098,50.134432],[6.307133,50.13437],[6.3072,50.134376],[6.307289,50.134439],[6.307346,50.134412],[6.307591,50.134321],[6.307899,50.134207],[6.309417,50.133778],[6.309465,50.133696],[6.309656,50.133369],[6.30989,50.132968],[6.310093,50.132949],[6.310488,50.132931],[6.311723,50.132918],[6.311724,50.132902],[6.311727,50.132858],[6.31173,50.13281],[6.31159,50.132543],[6.311449,50.132271],[6.31189,50.132038],[6.311724,50.13151],[6.311839,50.131525],[6.311966,50.131561],[6.312251,50.131656],[6.312433,50.131706],[6.313322,50.131849],[6.314008,50.131936],[6.315571,50.132116],[6.315798,50.132149],[6.31596,50.132193],[6.316194,50.132299],[6.316344,50.132353],[6.316547,50.132407],[6.316577,50.13236],[6.316693,50.131863],[6.316755,50.131594],[6.31678,50.131487],[6.316679,50.13123],[6.31669,50.131075],[6.316791,50.130932],[6.317087,50.130776],[6.317043,50.130682],[6.316741,50.130712],[6.316534,50.130742],[6.316302,50.130795],[6.315952,50.130891],[6.315707,50.130887],[6.315429,50.130817],[6.315149,50.130724],[6.314975,50.130679],[6.314912,50.13064],[6.314854,50.130605],[6.314823,50.130585],[6.315911,50.130284],[6.315996,50.130202],[6.316197,50.130218],[6.316332,50.130165],[6.316452,50.129812],[6.316458,50.129795],[6.31646,50.129768],[6.316073,50.129778],[6.315849,50.129748],[6.315758,50.129672],[6.315577,50.129605],[6.315078,50.129545],[6.314968,50.129445],[6.314458,50.129332],[6.313534,50.128382],[6.313472,50.128403],[6.313362,50.128271],[6.313456,50.128201],[6.313722,50.128057],[6.313899,50.1279],[6.314091,50.127608],[6.314148,50.127447],[6.314143,50.12732],[6.314211,50.127109],[6.314349,50.127079],[6.314386,50.126172],[6.314452,50.126117],[6.31354,50.126052],[6.313056,50.126066],[6.312857,50.126093],[6.31274,50.126109],[6.312614,50.126126],[6.312383,50.126154],[6.312005,50.126212],[6.311796,50.126168],[6.308197,50.126195],[6.307346,50.126002],[6.306843,50.125887],[6.306354,50.125892],[6.305535,50.126194],[6.304912,50.126252],[6.303748,50.126175],[6.303683,50.126169],[6.303603,50.126151],[6.303447,50.126103],[6.303319,50.126055],[6.30325,50.126018],[6.303194,50.125973],[6.30301,50.125713],[6.302741,50.125382],[6.302568,50.125201],[6.302032,50.12475],[6.3019,50.124634],[6.301681,50.124467],[6.301479,50.124353],[6.30122,50.124405],[6.301143,50.124351],[6.300949,50.124319],[6.300864,50.124305],[6.300842,50.124302],[6.300713,50.124281],[6.300445,50.124274],[6.300205,50.124285],[6.299963,50.124305],[6.299753,50.124332],[6.299341,50.12441],[6.29921,50.124448],[6.299095,50.124505],[6.298911,50.124619],[6.298854,50.124649],[6.298989,50.124651],[6.299374,50.124736],[6.299561,50.125011],[6.299452,50.125085],[6.298949,50.125109],[6.298585,50.12508],[6.298446,50.125075],[6.298364,50.125102],[6.298143,50.125174],[6.297773,50.125295],[6.296458,50.125758],[6.29652,50.125824],[6.297095,50.126433],[6.296413,50.126674],[6.295917,50.126854],[6.295345,50.127131],[6.295058,50.127487],[6.294982,50.127565],[6.294909,50.127628],[6.293527,50.12839],[6.293261,50.12854],[6.293188,50.128611],[6.293144,50.128683],[6.29313,50.128758],[6.293138,50.128936],[6.293098,50.129014],[6.292958,50.129141],[6.292862,50.129209],[6.292745,50.12926],[6.29264,50.129267],[6.292519,50.12926],[6.292092,50.129195],[6.291753,50.129157],[6.291551,50.129147],[6.291432,50.129183],[6.291351,50.129252],[6.291326,50.129336],[6.29135,50.129431],[6.291395,50.129511],[6.291468,50.129613],[6.29173,50.129918],[6.291784,50.129998],[6.292158,50.131052],[6.292149,50.131078],[6.291878,50.130993],[6.291685,50.130932],[6.291676,50.131009],[6.291645,50.131213],[6.291613,50.131262],[6.291549,50.131313],[6.29133,50.13145],[6.291075,50.13161],[6.290795,50.131785],[6.290789,50.131789],[6.290101,50.132216],[6.289995,50.132115],[6.289848,50.132182],[6.289745,50.132234],[6.289606,50.132512],[6.289732,50.132554],[6.289354,50.132878],[6.289296,50.132928],[6.288904,50.133194],[6.288877,50.133212],[6.288873,50.133215],[6.288342,50.13333],[6.288145,50.133571],[6.28813,50.133589],[6.288086,50.133643],[6.288079,50.133652],[6.288021,50.133723],[6.287771,50.134003],[6.287477,50.134292],[6.287365,50.134551],[6.287269,50.134926],[6.287263,50.13495],[6.287116,50.135472],[6.28713,50.135664],[6.286959,50.135766],[6.286858,50.13585],[6.286673,50.136004],[6.28632,50.136318],[6.286271,50.136362],[6.286177,50.136397],[6.28615,50.136417],[6.286134,50.136429],[6.286057,50.136486],[6.286,50.136529],[6.286062,50.13657],[6.286072,50.136576],[6.286151,50.136629],[6.286231,50.136683],[6.286389,50.136788],[6.286836,50.137082],[6.287025,50.137207],[6.287534,50.137565],[6.288005,50.137895],[6.288253,50.138105],[6.288472,50.138385],[6.288574,50.138576],[6.288586,50.138676],[6.288714,50.138957],[6.288826,50.139238],[6.288852,50.139291],[6.288859,50.139388],[6.288864,50.139454],[6.288866,50.139488],[6.288927,50.140304],[6.288935,50.140372],[6.288977,50.14072],[6.288951,50.14087],[6.28894,50.141149],[6.288886,50.141678],[6.288881,50.141723],[6.288868,50.141849],[6.288866,50.141868],[6.288856,50.141953],[6.288849,50.142012],[6.288843,50.142058],[6.288835,50.142128],[6.288819,50.14226],[6.288776,50.142616],[6.288742,50.142893],[6.288736,50.14295],[6.28871,50.143182],[6.288689,50.143372],[6.288179,50.143179],[6.287847,50.143051],[6.287546,50.142934],[6.287034,50.142783],[6.286822,50.142599],[6.28618,50.142586],[6.286309,50.142736],[6.286654,50.142939],[6.28714,50.1431],[6.288039,50.143431],[6.288561,50.143632],[6.289085,50.143947],[6.289457,50.144122],[6.289512,50.14414],[6.289542,50.14415],[6.289615,50.144181],[6.289931,50.144316],[6.290064,50.144424],[6.290312,50.144513],[6.29059,50.144593],[6.290691,50.144659],[6.291032,50.144883],[6.291257,50.145008],[6.29163,50.145133],[6.291777,50.145192],[6.292117,50.145394],[6.29217,50.145434],[6.292546,50.14572],[6.292704,50.14599],[6.292808,50.146118],[6.292853,50.146173],[6.292873,50.146197],[6.292919,50.146255],[6.293549,50.146271],[6.293851,50.146396],[6.2937,50.146532],[6.293511,50.146702],[6.294031,50.146847],[6.294369,50.146958],[6.29458,50.146945],[6.294757,50.146983],[6.294801,50.146993],[6.29504,50.147132],[6.295151,50.147123],[6.295847,50.147427],[6.296012,50.147454],[6.296036,50.147458],[6.296613,50.147552],[6.297421,50.147685],[6.297424,50.147684],[6.297437,50.147679],[6.297547,50.147625],[6.297613,50.147592],[6.297731,50.147534],[6.29796,50.1476],[6.298123,50.147646],[6.298439,50.147761],[6.298618,50.147633],[6.298749,50.14762],[6.299107,50.147644],[6.299138,50.147581],[6.299105,50.147522],[6.299193,50.147443],[6.299232,50.147439],[6.299277,50.147435],[6.299351,50.147437],[6.299498,50.147493],[6.299603,50.147503],[6.29969,50.147488],[6.299857,50.147499],[6.300184,50.147569],[6.300252,50.147565],[6.300317,50.147519],[6.300451,50.147522],[6.30048,50.147543],[6.300585,50.147524],[6.301,50.147533],[6.301123,50.14758],[6.301114,50.147554],[6.301419,50.147593],[6.301861,50.147664],[6.302472,50.147811],[6.302916,50.147856],[6.303574,50.148006],[6.304587,50.148255],[6.30473,50.148222],[6.305043,50.148288],[6.30573,50.148433],[6.30587,50.148443],[6.306005,50.148452],[6.306391,50.148669],[6.307354,50.148869],[6.307749,50.148945],[6.308062,50.148996],[6.309143,50.149239],[6.309788,50.149385],[6.310422,50.149521],[6.310702,50.149581],[6.310846,50.149611],[6.311253,50.14962],[6.31239,50.149851]]]},"$schema":null,"$context":null},{"type":"Feature","properties":{"gml_id":"gemeinde_rlp.27","gid":27,"datum":"16.07.26","region":"Rheinland-Pfalz","gmdesch":331001,"gemeinde":"Albig","vgnr":33101,"vbgmde":"Alzey-Land","vgname":"Alzey-Land (33101)","kreissch":331,"ldkreis":"Alzey-Worms","amtsgrcht":"Alzey","finanzamt":"Bingen-Alzey","kanr":6600,"katamt":"Rheinhessen-Nahe","katurl":"https:\/\/vermka-rheinhessen-nahe.rlp.de","guta":740,"gutaurl":"https:\/\/gutachterausschuesse.rlp.de\/service\/gutachterausschuesse-fuer-grundstueckswerte\/","ags":733101001,"gemtyp":"Gemeinde","kreistyp":"Landkreis"},"bbox":[8.100573,49.761899,8.159179,49.793375],"geometry":{"type":"Polygon","coordinates":[[[8.116302,49.763598],[8.114957,49.76359],[8.114939,49.76359],[8.11489,49.76359],[8.114495,49.763588],[8.114276,49.763587],[8.114238,49.763536],[8.114027,49.763477],[8.11384,49.763266],[8.113219,49.762646],[8.113074,49.762502],[8.112843,49.76226],[8.112766,49.762146],[8.112673,49.761933],[8.112582,49.761899],[8.112494,49.76191],[8.112417,49.761968],[8.112408,49.762045],[8.112394,49.762193],[8.112405,49.762511],[8.112385,49.762562],[8.112384,49.762599],[8.111767,49.762539],[8.111326,49.762497],[8.111189,49.762484],[8.110987,49.762465],[8.109272,49.762287],[8.109238,49.762284],[8.108203,49.762163],[8.10791,49.763012],[8.107815,49.76319],[8.107791,49.763233],[8.107518,49.763744],[8.107503,49.76377],[8.107438,49.763904],[8.107063,49.76448],[8.107023,49.764566],[8.106654,49.765106],[8.106571,49.765231],[8.105855,49.766322],[8.105893,49.766379],[8.105763,49.766348],[8.105698,49.766332],[8.105427,49.766264],[8.10539,49.766207],[8.105362,49.766248],[8.105397,49.766353],[8.103297,49.769128],[8.103294,49.769213],[8.103121,49.769264],[8.103092,49.769319],[8.103003,49.769405],[8.102915,49.769419],[8.102501,49.769455],[8.102316,49.769479],[8.102137,49.769516],[8.101695,49.76965],[8.101586,49.769691],[8.101489,49.769748],[8.10147,49.76977],[8.101402,49.769847],[8.101363,49.769913],[8.101329,49.769971],[8.101529,49.770064],[8.101627,49.770091],[8.101437,49.770265],[8.101856,49.770502],[8.10247,49.770809],[8.102512,49.770832],[8.102506,49.770842],[8.102408,49.770999],[8.1019,49.770851],[8.101605,49.771197],[8.101536,49.771277],[8.101618,49.77127],[8.10171,49.771331],[8.102035,49.771513],[8.101171,49.77251],[8.10067,49.772372],[8.10064,49.772315],[8.100573,49.772394],[8.101878,49.772755],[8.101943,49.772772],[8.102072,49.772807],[8.102801,49.773004],[8.102837,49.773012],[8.103683,49.773196],[8.10387,49.773238],[8.104774,49.773441],[8.104839,49.773456],[8.104958,49.773483],[8.105126,49.77352],[8.105831,49.77367],[8.105945,49.773694],[8.106135,49.773735],[8.107564,49.774092],[8.110219,49.774757],[8.112103,49.775664],[8.111744,49.77599],[8.111928,49.776123],[8.112043,49.776283],[8.112073,49.77646],[8.111988,49.77663],[8.111807,49.776767],[8.111646,49.777258],[8.111698,49.77739],[8.111696,49.777534],[8.111394,49.778309],[8.111318,49.778616],[8.111186,49.77881],[8.110904,49.779031],[8.110698,49.779151],[8.110594,49.779206],[8.110521,49.779281],[8.110461,49.779357],[8.11045,49.779445],[8.110476,49.779553],[8.110555,49.779636],[8.110796,49.779787],[8.109979,49.780332],[8.109418,49.780701],[8.10903,49.780976],[8.108154,49.781679],[8.10792,49.781842],[8.107675,49.782002],[8.107632,49.782041],[8.107424,49.782229],[8.107803,49.782367],[8.108198,49.782463],[8.108323,49.782493],[8.109214,49.782612],[8.109297,49.782608],[8.109394,49.782605],[8.109546,49.782537],[8.109359,49.783061],[8.109028,49.783995],[8.108917,49.784263],[8.108879,49.784442],[8.108876,49.78449],[8.109134,49.78472],[8.10918,49.78476],[8.109864,49.785372],[8.110284,49.785633],[8.110832,49.785998],[8.11089,49.786036],[8.110994,49.786106],[8.111087,49.786168],[8.111634,49.786632],[8.112164,49.787124],[8.113073,49.787718],[8.113152,49.787769],[8.113419,49.78817],[8.113514,49.788314],[8.11356,49.788349],[8.11365,49.788418],[8.113849,49.788572],[8.114222,49.788859],[8.115354,49.789734],[8.115474,49.789826],[8.116177,49.790346],[8.116266,49.790437],[8.116389,49.790557],[8.116433,49.790517],[8.116734,49.790563],[8.116857,49.790581],[8.117587,49.79069],[8.118099,49.790767],[8.1187,49.790857],[8.119887,49.791035],[8.120055,49.791061],[8.120339,49.791103],[8.120436,49.791072],[8.120377,49.791155],[8.1204,49.791199],[8.120939,49.792276],[8.120891,49.792313],[8.120984,49.792366],[8.122341,49.792441],[8.123425,49.792496],[8.124937,49.792629],[8.124913,49.792783],[8.126208,49.792888],[8.126984,49.792931],[8.127808,49.793011],[8.1284,49.793032],[8.129099,49.793065],[8.131382,49.793216],[8.131897,49.793238],[8.132541,49.793252],[8.135246,49.793299],[8.135623,49.793308],[8.136985,49.793339],[8.137988,49.793343],[8.138151,49.793375],[8.140585,49.793318],[8.141408,49.793322],[8.142201,49.7933],[8.142333,49.793297],[8.142679,49.793287],[8.143659,49.793288],[8.14447,49.793271],[8.144473,49.793168],[8.143752,49.793165],[8.143748,49.793148],[8.143734,49.793066],[8.143677,49.792736],[8.143635,49.792496],[8.14361,49.792352],[8.143516,49.791813],[8.143498,49.791712],[8.143475,49.791579],[8.143402,49.791164],[8.143298,49.790562],[8.143255,49.790313],[8.143314,49.790259],[8.143367,49.790252],[8.144092,49.790147],[8.144374,49.790107],[8.144497,49.790046],[8.144756,49.789918],[8.144878,49.789857],[8.147456,49.790816],[8.147523,49.790683],[8.147532,49.790664],[8.147493,49.790599],[8.147571,49.790586],[8.147601,49.790546],[8.147747,49.790334],[8.1478,49.790258],[8.147873,49.790154],[8.147912,49.790098],[8.147948,49.790041],[8.148005,49.789953],[8.148141,49.78974],[8.148167,49.7897],[8.148205,49.78964],[8.14832,49.789461],[8.148371,49.789381],[8.148573,49.789099],[8.148631,49.789018],[8.148647,49.788995],[8.148713,49.788904],[8.148779,49.788812],[8.148956,49.788568],[8.149021,49.7885],[8.149058,49.788462],[8.14914,49.788376],[8.149321,49.788187],[8.14936,49.788147],[8.149601,49.787898],[8.149683,49.787814],[8.149891,49.787599],[8.150011,49.787475],[8.150343,49.787134],[8.150389,49.787153],[8.150762,49.78677],[8.15077,49.786762],[8.150946,49.786599],[8.151058,49.786496],[8.151702,49.785898],[8.15243,49.785075],[8.152528,49.785054],[8.15244,49.784991],[8.152704,49.785063],[8.154914,49.785673],[8.154952,49.785615],[8.156032,49.785913],[8.157425,49.786298],[8.157485,49.786218],[8.157557,49.786122],[8.157584,49.786093],[8.157616,49.786053],[8.157824,49.785761],[8.157973,49.785559],[8.158106,49.785378],[8.158125,49.785355],[8.158174,49.785288],[8.158204,49.785246],[8.158264,49.785165],[8.158524,49.784813],[8.15862,49.784681],[8.158649,49.78464],[8.158709,49.784559],[8.158861,49.784349],[8.158968,49.784205],[8.159118,49.784002],[8.159179,49.78392],[8.158884,49.783764],[8.158073,49.783328],[8.156699,49.782588],[8.156657,49.782565],[8.156696,49.782527],[8.157319,49.781936],[8.157358,49.781899],[8.157307,49.781869],[8.156744,49.781531],[8.156042,49.781111],[8.155991,49.78108],[8.156103,49.780999],[8.156544,49.78068],[8.157101,49.780277],[8.157231,49.780183],[8.157342,49.780102],[8.157973,49.779646],[8.158388,49.779331],[8.158433,49.779296],[8.158477,49.779263],[8.158446,49.779243],[8.15816,49.77906],[8.157965,49.778936],[8.157885,49.778885],[8.157844,49.778859],[8.157699,49.778766],[8.15759,49.778698],[8.157423,49.778594],[8.157303,49.778519],[8.156975,49.778314],[8.156931,49.778287],[8.156574,49.778058],[8.156246,49.777849],[8.156244,49.777848],[8.156116,49.777762],[8.156094,49.777701],[8.156313,49.777232],[8.156679,49.776446],[8.157225,49.775241],[8.157163,49.775217],[8.157133,49.775163],[8.157006,49.775109],[8.156974,49.7751],[8.156583,49.774991],[8.156208,49.774886],[8.15604,49.774839],[8.155659,49.774733],[8.155484,49.774684],[8.155356,49.774648],[8.155368,49.774612],[8.155379,49.774578],[8.155386,49.774558],[8.155557,49.774248],[8.155645,49.77409],[8.155661,49.774059],[8.155981,49.773598],[8.15606,49.773484],[8.156088,49.773443],[8.156024,49.773425],[8.155964,49.773409],[8.155609,49.773314],[8.155325,49.773238],[8.155105,49.773179],[8.155041,49.773162],[8.155113,49.773041],[8.156448,49.771843],[8.156436,49.771792],[8.155454,49.771325],[8.155377,49.771333],[8.155409,49.771304],[8.155465,49.771242],[8.15542,49.77122],[8.155347,49.771229],[8.155011,49.771069],[8.154717,49.770929],[8.154423,49.770789],[8.154188,49.770677],[8.15407,49.77062],[8.154016,49.770595],[8.15394,49.770559],[8.153814,49.770499],[8.153795,49.770483],[8.153391,49.770158],[8.15337,49.770142],[8.153329,49.770108],[8.153235,49.770033],[8.153207,49.77001],[8.153042,49.76987],[8.15295,49.769793],[8.152844,49.769703],[8.152692,49.769589],[8.152627,49.769541],[8.1521,49.769148],[8.151989,49.769065],[8.151932,49.769023],[8.151204,49.76848],[8.151043,49.768307],[8.150774,49.768113],[8.150538,49.767943],[8.150432,49.767866],[8.149858,49.767452],[8.149335,49.767074],[8.149141,49.766934],[8.148982,49.76679],[8.14902,49.766745],[8.148878,49.766643],[8.148714,49.76652],[8.148558,49.766402],[8.148153,49.766097],[8.147939,49.765935],[8.147749,49.765791],[8.14758,49.765699],[8.147249,49.765518],[8.146984,49.765373],[8.146239,49.764965],[8.145353,49.764475],[8.144697,49.764108],[8.144102,49.763784],[8.143352,49.763373],[8.143013,49.763058],[8.142869,49.762923],[8.142825,49.762882],[8.142804,49.762862],[8.14279,49.76285],[8.142435,49.762895],[8.14157,49.763004],[8.141187,49.763069],[8.140586,49.76317],[8.139475,49.763307],[8.13923,49.763337],[8.138885,49.763385],[8.138512,49.763436],[8.138368,49.763456],[8.1383,49.763465],[8.138062,49.763498],[8.136919,49.76359],[8.135697,49.763683],[8.135652,49.763687],[8.135625,49.763696],[8.134465,49.764099],[8.132728,49.763751],[8.13267,49.763834],[8.132416,49.764197],[8.132241,49.764205],[8.1302,49.764305],[8.130062,49.764312],[8.130044,49.764313],[8.129979,49.764317],[8.129913,49.764263],[8.12982,49.76424],[8.128792,49.764305],[8.128723,49.764309],[8.128567,49.764319],[8.128563,49.764304],[8.128423,49.76404],[8.128331,49.764002],[8.128079,49.764016],[8.128001,49.763878],[8.127707,49.763355],[8.127665,49.763359],[8.126887,49.763441],[8.126867,49.763443],[8.126793,49.76345],[8.126724,49.763455],[8.125524,49.763539],[8.124804,49.763587],[8.124737,49.763591],[8.124625,49.763599],[8.123084,49.763714],[8.123029,49.763718],[8.122974,49.763722],[8.122904,49.763721],[8.122354,49.763717],[8.122356,49.763762],[8.122285,49.763762],[8.122282,49.763762],[8.122074,49.763759],[8.122142,49.763805],[8.122137,49.76399],[8.116788,49.763888],[8.116706,49.763604],[8.116608,49.763601],[8.116358,49.763592],[8.116309,49.763598],[8.116302,49.763598]]]},"$schema":null,"$context":null},{"type":"Feature","properties":{"gml_id":"gemeinde_rlp.28","gid":28,"datum":"16.07.26","region":"Rheinland-Pfalz","gmdesch":232029,"gemeinde":"Echtershausen","vgnr":23208,"vbgmde":"Bitburger Land","vgname":"Bitburger Land (23208)","kreissch":232,"ldkreis":"Eifelkreis Bitburg-Pr\u00fcm","amtsgrcht":"Bitburg","finanzamt":"Bitburg-Pr\u00fcm","kanr":8750,"katamt":"Westeifel-Mosel","katurl":"https:\/\/vermka-westeifel-mosel.rlp.de","guta":780,"gutaurl":"https:\/\/gutachterausschuesse.rlp.de\/service\/gutachterausschuesse-fuer-grundstueckswerte\/","ags":723208029,"gemtyp":"Gemeinde","kreistyp":"Landkreis"},"bbox":[6.392154,50.017981,6.42675,50.034645],"geometry":{"type":"Polygon","coordinates":[[[6.413811,50.029844],[6.414062,50.029805],[6.414173,50.029773],[6.414564,50.029744],[6.414795,50.029694],[6.415157,50.029627],[6.415453,50.029561],[6.415678,50.029519],[6.415812,50.029462],[6.415909,50.029453],[6.416325,50.029365],[6.416468,50.029331],[6.416643,50.029305],[6.416806,50.029268],[6.417175,50.029249],[6.417225,50.029236],[6.417564,50.029222],[6.417844,50.029185],[6.418063,50.029166],[6.418605,50.029125],[6.418735,50.029105],[6.418958,50.029044],[6.419502,50.028799],[6.419608,50.028734],[6.419748,50.028636],[6.419882,50.028505],[6.419986,50.028268],[6.42015,50.028024],[6.420231,50.027915],[6.420412,50.027606],[6.420436,50.027542],[6.420446,50.027502],[6.420421,50.027456],[6.420407,50.027307],[6.42037,50.027274],[6.420265,50.027118],[6.420278,50.027091],[6.420155,50.026817],[6.420271,50.026797],[6.420334,50.026786],[6.420504,50.026757],[6.420701,50.026726],[6.421092,50.027401],[6.421162,50.027407],[6.421223,50.027279],[6.421282,50.027156],[6.421256,50.027084],[6.421453,50.027046],[6.421703,50.027488],[6.42187,50.027673],[6.422043,50.02781],[6.422128,50.027773],[6.422212,50.027739],[6.422556,50.027786],[6.422732,50.027708],[6.422147,50.027272],[6.422262,50.027306],[6.422401,50.02733],[6.422543,50.027318],[6.422641,50.027285],[6.422911,50.027085],[6.422936,50.026975],[6.422963,50.02686],[6.42309,50.026644],[6.42322,50.026427],[6.423203,50.026665],[6.423542,50.026419],[6.423797,50.02659],[6.424198,50.026577],[6.425111,50.026425],[6.425787,50.026395],[6.426186,50.026398],[6.42675,50.026342],[6.42568,50.025769],[6.425376,50.025704],[6.424798,50.025521],[6.424704,50.025471],[6.424613,50.025368],[6.424747,50.025083],[6.424555,50.024706],[6.424561,50.024519],[6.424658,50.024399],[6.424811,50.024326],[6.424989,50.024172],[6.425036,50.024132],[6.425044,50.024047],[6.425033,50.023963],[6.424871,50.023801],[6.424551,50.023487],[6.4247,50.022748],[6.424767,50.022632],[6.425397,50.022529],[6.425979,50.022665],[6.425916,50.022625],[6.425754,50.022522],[6.425742,50.022514],[6.425582,50.022324],[6.425236,50.022196],[6.424765,50.021993],[6.424273,50.021913],[6.423951,50.021799],[6.423571,50.021566],[6.423442,50.021423],[6.42337,50.021381],[6.423587,50.021228],[6.42386,50.020909],[6.424117,50.020697],[6.424184,50.020335],[6.424202,50.019999],[6.424037,50.019718],[6.423651,50.01942],[6.422653,50.018848],[6.422132,50.018473],[6.421768,50.018178],[6.421723,50.017997],[6.421719,50.017981],[6.421642,50.018005],[6.421442,50.01807],[6.421308,50.018136],[6.42111,50.018376],[6.421039,50.018462],[6.421024,50.01848],[6.420883,50.018651],[6.420809,50.01874],[6.420509,50.018921],[6.420257,50.019161],[6.420194,50.019314],[6.419684,50.019139],[6.419666,50.019133],[6.419597,50.019109],[6.419532,50.019119],[6.419397,50.019124],[6.419398,50.019141],[6.419406,50.019223],[6.419417,50.019342],[6.419386,50.019502],[6.419302,50.019566],[6.419158,50.019614],[6.418959,50.019755],[6.418857,50.019795],[6.418799,50.019841],[6.418698,50.019894],[6.418545,50.01998],[6.418423,50.020006],[6.418344,50.020004],[6.418066,50.019987],[6.418006,50.019971],[6.417696,50.01994],[6.41744,50.019918],[6.417318,50.019891],[6.417142,50.019821],[6.41696,50.019725],[6.416735,50.019571],[6.416542,50.019362],[6.416292,50.01907],[6.41611,50.018828],[6.416048,50.018666],[6.415912,50.018685],[6.41536,50.018661],[6.41472,50.018662],[6.414587,50.018649],[6.41459,50.018658],[6.414303,50.018631],[6.414202,50.018688],[6.41401,50.018717],[6.413761,50.018685],[6.413579,50.018709],[6.413344,50.018619],[6.412973,50.018476],[6.412815,50.018497],[6.41244,50.018368],[6.412241,50.018369],[6.411849,50.018292],[6.411566,50.018155],[6.411062,50.018085],[6.410569,50.018033],[6.410118,50.017991],[6.4091,50.018023],[6.408378,50.018094],[6.40826,50.018178],[6.408097,50.018213],[6.407617,50.018237],[6.406812,50.018402],[6.406683,50.01846],[6.406327,50.018626],[6.405818,50.018965],[6.405212,50.019408],[6.405147,50.019528],[6.404955,50.019687],[6.404878,50.019785],[6.40479,50.019958],[6.404832,50.020123],[6.404945,50.02023],[6.405077,50.020298],[6.405083,50.020376],[6.405225,50.020437],[6.405428,50.020612],[6.405515,50.02078],[6.405747,50.020872],[6.405879,50.020996],[6.406032,50.021045],[6.40607,50.021135],[6.40619,50.021166],[6.406656,50.021487],[6.406739,50.021577],[6.406545,50.021753],[6.406464,50.021892],[6.406456,50.021951],[6.406354,50.02205],[6.406146,50.022117],[6.406051,50.0222],[6.405658,50.022294],[6.405037,50.022278],[6.404967,50.022307],[6.40463,50.022494],[6.404451,50.022512],[6.404366,50.022571],[6.404191,50.022608],[6.404154,50.022655],[6.403862,50.022765],[6.403631,50.022761],[6.403549,50.0228],[6.403083,50.022837],[6.402567,50.022981],[6.402411,50.023071],[6.40197,50.023227],[6.40112,50.023833],[6.400623,50.024212],[6.400637,50.024236],[6.400482,50.024481],[6.400305,50.024709],[6.400003,50.02482],[6.399613,50.025033],[6.399376,50.025095],[6.399072,50.025081],[6.398847,50.025133],[6.398673,50.025308],[6.398481,50.025385],[6.398207,50.025456],[6.397764,50.025595],[6.397534,50.025701],[6.39724,50.02588],[6.396832,50.026261],[6.39673,50.02649],[6.396615,50.026629],[6.396294,50.026753],[6.395793,50.026836],[6.395179,50.026982],[6.395036,50.027027],[6.394788,50.027126],[6.394329,50.027282],[6.394056,50.027429],[6.393816,50.027593],[6.39366,50.027857],[6.393638,50.028079],[6.393693,50.028249],[6.393738,50.028458],[6.393682,50.028664],[6.393481,50.02898],[6.393164,50.029179],[6.392759,50.029446],[6.392698,50.029539],[6.392465,50.02968],[6.392166,50.029844],[6.392154,50.029838],[6.392155,50.030028],[6.392155,50.030119],[6.392431,50.030774],[6.393053,50.03139],[6.393316,50.031542],[6.393537,50.031823],[6.39353,50.03184],[6.393386,50.0322],[6.392291,50.033388],[6.392422,50.033467],[6.393366,50.034311],[6.396251,50.034203],[6.396146,50.034336],[6.395924,50.034574],[6.396025,50.034569],[6.396138,50.034563],[6.39648,50.034544],[6.39746,50.034645],[6.397484,50.034498],[6.397491,50.034453],[6.397578,50.033914],[6.397603,50.033757],[6.397293,50.033773],[6.396189,50.033581],[6.396317,50.033405],[6.39695,50.032952],[6.397135,50.032806],[6.397188,50.032764],[6.397266,50.032757],[6.397553,50.032694],[6.398004,50.032551],[6.398178,50.032534],[6.398262,50.032464],[6.398543,50.032304],[6.398696,50.032251],[6.398934,50.03215],[6.399542,50.031896],[6.400302,50.031752],[6.400767,50.031795],[6.401035,50.031837],[6.401469,50.031967],[6.401762,50.032084],[6.402153,50.032305],[6.402317,50.032401],[6.402676,50.032566],[6.403257,50.032754],[6.403464,50.032858],[6.403986,50.033064],[6.404311,50.033116],[6.404331,50.033119],[6.405007,50.033341],[6.405392,50.033395],[6.405566,50.033398],[6.405851,50.033263],[6.406175,50.033051],[6.406275,50.033014],[6.406478,50.032894],[6.406933,50.032513],[6.407121,50.032439],[6.407514,50.03232],[6.40778,50.032153],[6.408235,50.031961],[6.408668,50.031905],[6.409245,50.031812],[6.409918,50.031764],[6.410191,50.0317],[6.410504,50.031626],[6.410912,50.0314],[6.411039,50.03133],[6.41119,50.031322],[6.411186,50.031288],[6.411188,50.031272],[6.411211,50.031188],[6.41132,50.031108],[6.411524,50.031019],[6.411593,50.030997],[6.411768,50.030879],[6.412009,50.030697],[6.412344,50.030493],[6.412705,50.030328],[6.413087,50.030074],[6.413239,50.029986],[6.413596,50.029877],[6.413811,50.029844]]]},"$schema":null,"$context":null},{"type":"Feature","properties":{"gml_id":"gemeinde_rlp.29","gid":29,"datum":"16.07.26","region":"Rheinland-Pfalz","gmdesch":141045,"gemeinde":"Geilnau","vgnr":14103,"vbgmde":"Diez","vgname":"Diez (14103)","kreissch":141,"ldkreis":"Rhein-Lahn-Kreis","amtsgrcht":"Diez","finanzamt":"Montabaur-Diez","kanr":9100,"katamt":"Westerwald-Taunus","katurl":"https:\/\/vermka-westerwald-taunus.rlp.de","guta":800,"gutaurl":"https:\/\/gutachterausschuesse.rlp.de\/service\/gutachterausschuesse-fuer-grundstueckswerte\/","ags":714103045,"gemtyp":"Gemeinde","kreistyp":"Landkreis"},"bbox":[7.903588,50.344975,7.939647,50.365537],"geometry":{"type":"Polygon","coordinates":[[[7.910228,50.347704],[7.909826,50.347917],[7.909554,50.347977],[7.909088,50.348044],[7.908883,50.348025],[7.908807,50.348046],[7.908742,50.348062],[7.908591,50.348099],[7.908462,50.34813],[7.908329,50.348163],[7.908172,50.348201],[7.907725,50.34831],[7.907551,50.348352],[7.907402,50.348388],[7.907348,50.348401],[7.907229,50.34843],[7.90715,50.34845],[7.907006,50.348485],[7.906893,50.348512],[7.906776,50.348541],[7.906658,50.34857],[7.906551,50.348596],[7.906419,50.348626],[7.906,50.348728],[7.905396,50.348875],[7.905288,50.348901],[7.904821,50.349015],[7.903708,50.349286],[7.903588,50.349316],[7.903605,50.349341],[7.904128,50.350107],[7.904327,50.350128],[7.904511,50.350147],[7.904673,50.350164],[7.904839,50.350181],[7.905007,50.350198],[7.905204,50.350218],[7.905438,50.350243],[7.905538,50.350253],[7.905699,50.35027],[7.905785,50.350278],[7.90586,50.350286],[7.906018,50.350302],[7.906109,50.350312],[7.906094,50.350369],[7.908019,50.350575],[7.908504,50.350607],[7.908648,50.350615],[7.908733,50.350622],[7.908695,50.350661],[7.909358,50.351322],[7.90942,50.351384],[7.909785,50.351875],[7.910134,50.352126],[7.910199,50.352173],[7.910698,50.352502],[7.910768,50.352548],[7.911147,50.352796],[7.911201,50.352832],[7.911578,50.352828],[7.911723,50.352826],[7.911885,50.352825],[7.912138,50.352822],[7.912402,50.352819],[7.912635,50.352816],[7.912842,50.352813],[7.913018,50.35281],[7.91304,50.35281],[7.913163,50.352778],[7.913322,50.352737],[7.913344,50.352818],[7.913406,50.353064],[7.913388,50.353307],[7.913268,50.353463],[7.913084,50.353666],[7.912743,50.353967],[7.912417,50.354237],[7.911765,50.354778],[7.9118,50.354799],[7.912175,50.355016],[7.912698,50.355317],[7.913185,50.355388],[7.913485,50.355432],[7.913512,50.355436],[7.91358,50.355446],[7.913438,50.355819],[7.91369,50.355859],[7.913792,50.355875],[7.913839,50.355924],[7.914277,50.35596],[7.914251,50.356042],[7.914165,50.356332],[7.913809,50.356368],[7.91369,50.35638],[7.913475,50.356401],[7.913446,50.356404],[7.912989,50.35645],[7.912047,50.356059],[7.910929,50.356138],[7.909595,50.356337],[7.909139,50.356884],[7.909105,50.356925],[7.909942,50.358244],[7.909888,50.359014],[7.909463,50.359073],[7.908817,50.360139],[7.907471,50.359678],[7.906234,50.359234],[7.905708,50.359971],[7.905366,50.360512],[7.904767,50.361526],[7.904796,50.362212],[7.904806,50.362496],[7.905285,50.363107],[7.905391,50.363239],[7.905571,50.363539],[7.905598,50.363817],[7.905558,50.363902],[7.905362,50.364381],[7.905193,50.365162],[7.905316,50.365412],[7.905378,50.365537],[7.905421,50.365483],[7.905427,50.365475],[7.905495,50.365393],[7.905747,50.365086],[7.906168,50.365022],[7.906216,50.365016],[7.90636,50.364825],[7.906868,50.36461],[7.907072,50.364516],[7.907313,50.364227],[7.907366,50.363754],[7.908493,50.362969],[7.909094,50.362456],[7.909949,50.361841],[7.910001,50.361753],[7.910542,50.360835],[7.910926,50.360622],[7.911841,50.360948],[7.912472,50.361173],[7.912944,50.360934],[7.913581,50.36062],[7.913951,50.360438],[7.914742,50.360048],[7.914822,50.359988],[7.915207,50.359697],[7.915717,50.359449],[7.916923,50.359035],[7.917913,50.358696],[7.917935,50.358688],[7.918371,50.358599],[7.919572,50.358506],[7.921479,50.357612],[7.922868,50.35649],[7.923061,50.356388],[7.923254,50.356285],[7.923746,50.356025],[7.924471,50.355648],[7.924926,50.355392],[7.925479,50.355079],[7.925759,50.355013],[7.926261,50.354936],[7.926363,50.35492],[7.926634,50.354931],[7.926984,50.354962],[7.928678,50.355488],[7.929627,50.355731],[7.930095,50.355827],[7.930752,50.355993],[7.931777,50.356274],[7.932594,50.356511],[7.932617,50.356518],[7.932703,50.356543],[7.932718,50.356547],[7.932826,50.356578],[7.932995,50.356638],[7.933512,50.356755],[7.934076,50.356915],[7.934335,50.356996],[7.934599,50.357084],[7.934839,50.356912],[7.935031,50.356875],[7.935243,50.356735],[7.935859,50.356692],[7.936227,50.356423],[7.936602,50.356092],[7.937396,50.356092],[7.93788,50.355945],[7.938209,50.355941],[7.938468,50.355682],[7.938665,50.355485],[7.938955,50.355111],[7.939365,50.354937],[7.939432,50.354786],[7.939411,50.354643],[7.939339,50.354473],[7.939269,50.354308],[7.939217,50.354137],[7.939189,50.354047],[7.939165,50.35385],[7.939155,50.353769],[7.93915,50.353734],[7.939273,50.353738],[7.939647,50.353701],[7.939628,50.353626],[7.939526,50.353254],[7.939523,50.353241],[7.939498,50.35315],[7.939477,50.353075],[7.93942,50.352918],[7.939209,50.352904],[7.938781,50.352878],[7.938181,50.352945],[7.937689,50.352981],[7.936389,50.353261],[7.935583,50.353536],[7.934798,50.353686],[7.934503,50.353716],[7.934279,50.353706],[7.933305,50.353536],[7.932362,50.353101],[7.931721,50.352614],[7.929625,50.350482],[7.929406,50.350305],[7.929314,50.350267],[7.928766,50.349647],[7.928461,50.34909],[7.928453,50.348665],[7.92845,50.348529],[7.928401,50.348274],[7.928092,50.347588],[7.927283,50.346988],[7.926766,50.346635],[7.925746,50.34619],[7.924609,50.345758],[7.923829,50.345492],[7.923118,50.345449],[7.922427,50.345456],[7.922021,50.34547],[7.921462,50.345424],[7.920816,50.345317],[7.920534,50.345225],[7.92008,50.344975],[7.919866,50.345061],[7.919804,50.345085],[7.919754,50.345105],[7.919723,50.345087],[7.91939,50.345248],[7.919072,50.345376],[7.918905,50.345365],[7.918572,50.345289],[7.918559,50.345329],[7.918353,50.345334],[7.917654,50.345445],[7.917195,50.345571],[7.916962,50.345774],[7.916126,50.34601],[7.915666,50.346199],[7.914501,50.346112],[7.914153,50.346353],[7.913502,50.346659],[7.913601,50.346786],[7.912918,50.347125],[7.91225,50.347271],[7.911338,50.347228],[7.910612,50.347686],[7.910228,50.347704]]]},"$schema":null,"$context":null},{"type":"Feature","properties":{"gml_id":"gemeinde_rlp.30","gid":30,"datum":"16.07.26","region":"Rheinland-Pfalz","gmdesch":132013,"gemeinde":"Breitscheidt","vgnr":13206,"vbgmde":"Hamm (Sieg)","vgname":"Hamm (Sieg) (13206)","kreissch":132,"ldkreis":"Altenkirchen (Ww)","amtsgrcht":"Altenkirchen (Westerwald)","finanzamt":"Altenkirchen-Hachenburg","kanr":9100,"katamt":"Westerwald-Taunus","katurl":"https:\/\/vermka-westerwald-taunus.rlp.de","guta":800,"gutaurl":"https:\/\/gutachterausschuesse.rlp.de\/service\/gutachterausschuesse-fuer-grundstueckswerte\/","ags":713206013,"gemtyp":"Gemeinde","kreistyp":"Landkreis"},"bbox":[7.639761,50.739992,7.673929,50.76138],"geometry":{"type":"Polygon","coordinates":[[[7.655176,50.758971],[7.65522,50.759023],[7.655343,50.75917],[7.655508,50.759275],[7.655719,50.759408],[7.655781,50.759392],[7.655809,50.759385],[7.655896,50.759362],[7.655952,50.759348],[7.656018,50.759347],[7.656017,50.759367],[7.656123,50.759374],[7.656264,50.759442],[7.656313,50.759508],[7.656375,50.759591],[7.656527,50.759683],[7.656566,50.759706],[7.656594,50.759745],[7.656696,50.759888],[7.656702,50.759965],[7.656708,50.760043],[7.656713,50.760106],[7.656734,50.760193],[7.656762,50.760309],[7.656785,50.760384],[7.656769,50.760446],[7.656915,50.760549],[7.657063,50.760685],[7.657073,50.76069],[7.657313,50.760802],[7.657416,50.760818],[7.658273,50.761053],[7.658315,50.761072],[7.658386,50.761104],[7.658446,50.761166],[7.658482,50.761202],[7.658521,50.761247],[7.658545,50.761275],[7.658598,50.761337],[7.658636,50.76138],[7.658794,50.761351],[7.658809,50.761295],[7.658812,50.761289],[7.658819,50.761278],[7.658829,50.76126],[7.658863,50.7612],[7.65888,50.761171],[7.658892,50.761152],[7.658925,50.761094],[7.658938,50.76109],[7.659468,50.761028],[7.659511,50.761023],[7.659682,50.760599],[7.659734,50.760372],[7.659928,50.760061],[7.660142,50.75995],[7.660381,50.759843],[7.66042,50.759829],[7.660546,50.759829],[7.660591,50.759824],[7.660648,50.759821],[7.660752,50.759791],[7.660816,50.75977],[7.661383,50.759569],[7.661618,50.759455],[7.661742,50.759419],[7.661843,50.759392],[7.66193,50.759364],[7.661952,50.759357],[7.662155,50.759284],[7.662188,50.759268],[7.662414,50.759157],[7.662441,50.759141],[7.662627,50.759054],[7.662839,50.759029],[7.662871,50.759027],[7.662916,50.759029],[7.662977,50.759054],[7.663012,50.75907],[7.663064,50.7591],[7.663087,50.759112],[7.663125,50.759121],[7.663142,50.759136],[7.663177,50.75914],[7.663209,50.759137],[7.663288,50.759137],[7.663346,50.759137],[7.663889,50.759104],[7.663916,50.75912],[7.664084,50.759208],[7.664223,50.759281],[7.664304,50.759295],[7.664582,50.759345],[7.664796,50.759339],[7.665072,50.759216],[7.665126,50.759181],[7.665464,50.75914],[7.665528,50.759052],[7.665622,50.758991],[7.665653,50.75897],[7.665857,50.758934],[7.665918,50.758948],[7.666022,50.758974],[7.666274,50.758925],[7.666617,50.758873],[7.666851,50.758844],[7.666986,50.758772],[7.667006,50.758778],[7.667104,50.758804],[7.667205,50.758818],[7.667207,50.758819],[7.667245,50.758803],[7.667339,50.758747],[7.66751,50.758684],[7.667517,50.758671],[7.667491,50.758647],[7.6674,50.758639],[7.667358,50.758571],[7.667368,50.758472],[7.66737,50.758454],[7.667377,50.758396],[7.667452,50.758384],[7.667762,50.758266],[7.667775,50.758256],[7.667796,50.758242],[7.667828,50.758246],[7.667907,50.758278],[7.668045,50.758333],[7.668268,50.758277],[7.668318,50.758246],[7.668354,50.758195],[7.668354,50.758195],[7.668471,50.758143],[7.668721,50.758131],[7.668773,50.758146],[7.668889,50.758108],[7.66892,50.758099],[7.668954,50.758109],[7.669126,50.758164],[7.669128,50.758215],[7.669186,50.758245],[7.669324,50.758316],[7.669442,50.758318],[7.669443,50.758318],[7.669473,50.758326],[7.669619,50.758367],[7.669792,50.758309],[7.66989,50.758277],[7.669928,50.758284],[7.669986,50.758294],[7.669986,50.758294],[7.670228,50.758262],[7.670236,50.758227],[7.670266,50.758213],[7.670561,50.75808],[7.670551,50.758058],[7.670512,50.757977],[7.670238,50.757922],[7.670196,50.757845],[7.670301,50.757727],[7.670481,50.75765],[7.670646,50.757607],[7.670994,50.757574],[7.671053,50.757579],[7.671323,50.757747],[7.6713,50.757814],[7.671581,50.757859],[7.671668,50.757873],[7.671805,50.757871],[7.671945,50.757827],[7.672318,50.757801],[7.672523,50.757842],[7.672509,50.757817],[7.672371,50.757573],[7.6725,50.757541],[7.672559,50.757511],[7.672633,50.757478],[7.672822,50.75741],[7.672852,50.757402],[7.672909,50.757424],[7.672871,50.757366],[7.672853,50.757339],[7.672819,50.757297],[7.672812,50.757288],[7.67277,50.757237],[7.672678,50.757122],[7.672724,50.757118],[7.672805,50.75706],[7.672852,50.756953],[7.672847,50.756836],[7.672845,50.756809],[7.672839,50.75667],[7.672716,50.75665],[7.672699,50.756648],[7.672572,50.756425],[7.672538,50.755998],[7.672618,50.755704],[7.672706,50.755465],[7.672809,50.755088],[7.672845,50.755018],[7.67286,50.755018],[7.672942,50.755022],[7.673037,50.755026],[7.673388,50.755041],[7.673402,50.755041],[7.673463,50.755043],[7.673623,50.754709],[7.673687,50.754514],[7.673711,50.75444],[7.673753,50.754325],[7.673825,50.754128],[7.673833,50.754013],[7.673844,50.753854],[7.673828,50.753788],[7.6738,50.753789],[7.67377,50.753743],[7.673756,50.75372],[7.673703,50.753638],[7.673688,50.753599],[7.673595,50.753349],[7.673592,50.753342],[7.673585,50.753322],[7.673532,50.753147],[7.67353,50.753141],[7.673476,50.752967],[7.673474,50.752958],[7.673457,50.752902],[7.673201,50.752618],[7.673048,50.752134],[7.672965,50.751999],[7.672961,50.751993],[7.672958,50.751989],[7.672815,50.751732],[7.672816,50.751702],[7.672758,50.751726],[7.672785,50.751653],[7.672743,50.751534],[7.672729,50.751493],[7.672693,50.751453],[7.672639,50.751406],[7.672623,50.751404],[7.672557,50.751396],[7.672425,50.751289],[7.672209,50.751195],[7.672197,50.751153],[7.672191,50.751129],[7.672209,50.751097],[7.672233,50.75105],[7.672255,50.751024],[7.67226,50.750942],[7.672301,50.750769],[7.672297,50.75074],[7.672296,50.750734],[7.67233,50.750676],[7.672368,50.7505],[7.672385,50.750423],[7.672368,50.750376],[7.672364,50.750364],[7.672277,50.750258],[7.672235,50.750208],[7.672189,50.750151],[7.67193,50.749829],[7.671866,50.749769],[7.671891,50.749754],[7.671885,50.749628],[7.671894,50.749522],[7.671917,50.749482],[7.671941,50.749402],[7.671976,50.749281],[7.67196,50.749173],[7.67193,50.749129],[7.671909,50.749099],[7.671868,50.749057],[7.671843,50.748988],[7.671788,50.748893],[7.671738,50.748828],[7.671677,50.748812],[7.67167,50.74881],[7.671642,50.748698],[7.671639,50.748688],[7.671701,50.748572],[7.6718,50.748427],[7.671823,50.748394],[7.67188,50.748293],[7.671939,50.748275],[7.672059,50.748237],[7.672082,50.748221],[7.672117,50.748226],[7.672791,50.748083],[7.672828,50.748089],[7.672847,50.748057],[7.672883,50.748043],[7.672901,50.748029],[7.672968,50.747968],[7.673005,50.747922],[7.673095,50.74784],[7.673167,50.747746],[7.673312,50.747578],[7.673324,50.747374],[7.673336,50.747302],[7.67341,50.747189],[7.673501,50.747106],[7.673568,50.747021],[7.673689,50.746786],[7.673732,50.746765],[7.673747,50.746736],[7.673737,50.746661],[7.67377,50.746576],[7.673809,50.746493],[7.67385,50.74634],[7.673928,50.746062],[7.673929,50.746011],[7.673929,50.745974],[7.673884,50.745974],[7.673401,50.745971],[7.673269,50.74597],[7.672715,50.745971],[7.672075,50.745969],[7.671962,50.745969],[7.670981,50.745817],[7.670046,50.745677],[7.669828,50.745665],[7.669794,50.745662],[7.669618,50.745648],[7.669507,50.745517],[7.669454,50.745452],[7.669293,50.745266],[7.669231,50.745116],[7.669178,50.744492],[7.669274,50.744157],[7.669391,50.743763],[7.669582,50.74363],[7.669662,50.743318],[7.669688,50.742991],[7.669702,50.742865],[7.669867,50.742518],[7.669967,50.74223],[7.670017,50.7421],[7.670113,50.741858],[7.670196,50.741715],[7.670251,50.741583],[7.670315,50.741296],[7.670555,50.739994],[7.670546,50.739993],[7.670529,50.739992],[7.670478,50.74004],[7.67045,50.740036],[7.670345,50.740187],[7.669899,50.740326],[7.669879,50.740322],[7.669785,50.740463],[7.669702,50.740544],[7.669611,50.740628],[7.669457,50.740661],[7.669371,50.740671],[7.669278,50.740683],[7.669209,50.740704],[7.669137,50.740726],[7.669027,50.740773],[7.668862,50.740801],[7.668778,50.74082],[7.668734,50.740827],[7.668585,50.740873],[7.668592,50.740899],[7.668278,50.740978],[7.668024,50.741041],[7.667655,50.741139],[7.666364,50.741478],[7.665166,50.741597],[7.663615,50.74187],[7.661729,50.741895],[7.661286,50.7419],[7.660912,50.741812],[7.660866,50.741801],[7.660428,50.741698],[7.657484,50.741331],[7.656525,50.741526],[7.653997,50.742038],[7.653383,50.742066],[7.653238,50.742072],[7.65228,50.742114],[7.650235,50.741998],[7.650246,50.741944],[7.650257,50.741896],[7.650217,50.741907],[7.649662,50.742063],[7.649082,50.742225],[7.649043,50.742236],[7.648925,50.742059],[7.648843,50.741964],[7.648779,50.741889],[7.648716,50.741816],[7.648685,50.741779],[7.648654,50.741743],[7.648591,50.741669],[7.648497,50.741559],[7.64791,50.741781],[7.647664,50.741873],[7.647601,50.741896],[7.646958,50.741862],[7.646901,50.741859],[7.646712,50.741848],[7.64667,50.741975],[7.646642,50.742058],[7.646614,50.742143],[7.646599,50.742187],[7.646551,50.742222],[7.646441,50.742285],[7.646167,50.742444],[7.645662,50.742737],[7.645609,50.742742],[7.645594,50.742932],[7.645632,50.743085],[7.645637,50.743166],[7.645629,50.743287],[7.645622,50.743414],[7.645627,50.743436],[7.645655,50.743564],[7.645707,50.743685],[7.645779,50.743856],[7.645792,50.74393],[7.6458,50.743977],[7.64582,50.744168],[7.645834,50.744223],[7.645851,50.744278],[7.645882,50.744368],[7.645899,50.744436],[7.645917,50.744485],[7.645919,50.744491],[7.645928,50.744607],[7.645929,50.744617],[7.645998,50.744876],[7.646004,50.744918],[7.646007,50.74493],[7.646017,50.74498],[7.646157,50.745089],[7.646311,50.745195],[7.646429,50.745282],[7.646421,50.745316],[7.646419,50.745326],[7.646414,50.745347],[7.646405,50.745385],[7.646396,50.745426],[7.64639,50.745454],[7.646387,50.745473],[7.646373,50.74553],[7.645797,50.745552],[7.64544,50.745559],[7.645238,50.74558],[7.645001,50.745601],[7.644677,50.745629],[7.64457,50.745874],[7.644437,50.745811],[7.644072,50.745593],[7.644008,50.745542],[7.643939,50.745487],[7.643839,50.745409],[7.643744,50.745327],[7.6437,50.745289],[7.643557,50.745169],[7.643526,50.74511],[7.643476,50.745125],[7.643038,50.745251],[7.642994,50.745264],[7.64266,50.74536],[7.642706,50.745418],[7.642175,50.745586],[7.642218,50.745672],[7.642262,50.74576],[7.642303,50.745842],[7.642378,50.745993],[7.642452,50.74614],[7.642112,50.746189],[7.641563,50.746287],[7.641617,50.746503],[7.641562,50.746514],[7.641414,50.746544],[7.641189,50.746502],[7.640897,50.746466],[7.640858,50.746462],[7.640612,50.74644],[7.640515,50.746552],[7.640435,50.746646],[7.640374,50.746716],[7.640116,50.747016],[7.640074,50.747064],[7.639804,50.747223],[7.639761,50.747265],[7.639787,50.747323],[7.639822,50.747403],[7.639839,50.747441],[7.639891,50.747545],[7.639924,50.747604],[7.639931,50.747618],[7.639949,50.74765],[7.63999,50.747724],[7.640054,50.747839],[7.640158,50.747951],[7.640183,50.747978],[7.640291,50.74808],[7.640401,50.748213],[7.640466,50.748336],[7.640489,50.74836],[7.640595,50.748477],[7.640604,50.74848],[7.640753,50.748526],[7.641048,50.748618],[7.641317,50.748702],[7.641382,50.748722],[7.641479,50.748756],[7.641662,50.74882],[7.641911,50.748907],[7.641868,50.74895],[7.641858,50.748961],[7.641692,50.749142],[7.641915,50.74922],[7.641988,50.749261],[7.642169,50.749362],[7.642202,50.749395],[7.642311,50.749417],[7.642429,50.749441],[7.642462,50.749464],[7.642535,50.749513],[7.642554,50.749526],[7.642573,50.749582],[7.642588,50.74959],[7.642689,50.74964],[7.642732,50.749661],[7.642755,50.749788],[7.642851,50.749884],[7.642868,50.74996],[7.642823,50.749979],[7.642623,50.750065],[7.642752,50.750176],[7.642919,50.750368],[7.642975,50.750433],[7.643003,50.750466],[7.643013,50.750477],[7.643166,50.750461],[7.643112,50.750576],[7.643083,50.750691],[7.643132,50.750694],[7.643199,50.751145],[7.643267,50.751264],[7.643335,50.751382],[7.643446,50.751478],[7.643652,50.751655],[7.643733,50.751724],[7.644062,50.752008],[7.644411,50.752308],[7.644666,50.752528],[7.644742,50.752511],[7.644769,50.752506],[7.644763,50.752645],[7.644744,50.752925],[7.644801,50.753088],[7.644654,50.753308],[7.644628,50.753345],[7.644646,50.753443],[7.644568,50.753629],[7.644742,50.753789],[7.644641,50.753918],[7.644637,50.753948],[7.644517,50.754184],[7.644527,50.754305],[7.64449,50.754432],[7.64446,50.754506],[7.64455,50.754664],[7.644628,50.75468],[7.64481,50.754718],[7.645155,50.754803],[7.645528,50.754886],[7.645603,50.754902],[7.645766,50.754901],[7.646,50.754959],[7.646199,50.755041],[7.646398,50.755115],[7.646723,50.755209],[7.646763,50.75522],[7.646987,50.755308],[7.647098,50.755352],[7.647267,50.755407],[7.647479,50.755464],[7.647494,50.755469],[7.647652,50.755526],[7.647686,50.755538],[7.647838,50.755593],[7.647853,50.755598],[7.647969,50.75564],[7.64802,50.755664],[7.648216,50.755757],[7.64825,50.755774],[7.648332,50.755808],[7.648566,50.755905],[7.648727,50.75595],[7.648809,50.755973],[7.648967,50.756002],[7.649393,50.756082],[7.649405,50.756085],[7.649557,50.756141],[7.649819,50.756237],[7.649875,50.756259],[7.650041,50.756326],[7.650309,50.756414],[7.650374,50.756426],[7.65045,50.756391],[7.650488,50.756328],[7.650539,50.756216],[7.65048,50.756015],[7.650969,50.756008],[7.651075,50.756006],[7.651182,50.756004],[7.651188,50.756004],[7.651272,50.756316],[7.651317,50.756488],[7.651274,50.756613],[7.651207,50.756811],[7.651126,50.757056],[7.651111,50.757191],[7.65113,50.757304],[7.651152,50.757414],[7.651293,50.75738],[7.651453,50.757445],[7.651508,50.757468],[7.651571,50.757493],[7.65171,50.75755],[7.651855,50.757622],[7.651873,50.757628],[7.651977,50.75766],[7.652127,50.757705],[7.652292,50.757756],[7.652319,50.757765],[7.652395,50.757784],[7.65247,50.757804],[7.652534,50.757821],[7.652556,50.757829],[7.652649,50.757865],[7.65272,50.757892],[7.652777,50.757914],[7.652891,50.757958],[7.652902,50.757962],[7.652978,50.757999],[7.653078,50.758047],[7.653176,50.758093],[7.653202,50.758105],[7.653311,50.758152],[7.653483,50.758227],[7.653664,50.758284],[7.65367,50.758286],[7.653793,50.758319],[7.654033,50.758405],[7.654112,50.758434],[7.654238,50.758479],[7.654301,50.758501],[7.654326,50.758518],[7.654608,50.758709],[7.654668,50.75875],[7.654687,50.758763],[7.654734,50.758794],[7.654772,50.75882],[7.654962,50.758949],[7.655176,50.758971]]]},"$schema":null,"$context":null},{"type":"Feature","properties":{"gml_id":"gemeinde_rlp.31","gid":31,"datum":"16.07.26","region":"Rheinland-Pfalz","gmdesch":132079,"gemeinde":"Nisterberg","vgnr":13203,"vbgmde":"Daaden-Herdorf","vgname":"Daaden-Herdorf (13203)","kreissch":132,"ldkreis":"Altenkirchen (Ww)","amtsgrcht":"Betzdorf","finanzamt":"Altenkirchen-Hachenburg","kanr":9100,"katamt":"Westerwald-Taunus","katurl":"https:\/\/vermka-westerwald-taunus.rlp.de","guta":800,"gutaurl":"https:\/\/gutachterausschuesse.rlp.de\/service\/gutachterausschuesse-fuer-grundstueckswerte\/","ags":713203079,"gemtyp":"Gemeinde","kreistyp":"Landkreis"},"bbox":[7.963958,50.675356,8.005638,50.693899],"geometry":{"type":"Polygon","coordinates":[[[7.975712,50.692722],[7.978094,50.692744],[7.979846,50.69276],[7.979967,50.692764],[7.981111,50.693597],[7.982321,50.69359],[7.986166,50.693899],[7.988585,50.693671],[7.990868,50.692775],[7.992391,50.692071],[7.993111,50.691484],[7.993286,50.6913],[7.995234,50.691397],[7.996183,50.691639],[7.997953,50.692089],[7.999205,50.692408],[8.002206,50.691205],[8.002253,50.691186],[8.004025,50.690477],[8.004993,50.690089],[8.005029,50.68917],[8.005632,50.68837],[8.005638,50.688362],[8.005242,50.688268],[8.005212,50.688217],[8.005183,50.688201],[8.005147,50.688209],[8.005099,50.688133],[8.005145,50.688029],[8.005084,50.687942],[8.005013,50.687957],[8.00493,50.688018],[8.00486,50.687984],[8.004838,50.687916],[8.00475,50.687811],[8.004776,50.687736],[8.004768,50.687573],[8.004987,50.687556],[8.005034,50.687459],[8.005038,50.687302],[8.00495,50.687259],[8.004794,50.68722],[8.004753,50.687078],[8.004687,50.686978],[8.00468,50.686846],[8.004621,50.686768],[8.004594,50.686599],[8.004513,50.686525],[8.004411,50.686472],[8.004404,50.686469],[8.00439,50.686407],[8.004597,50.686314],[8.004547,50.68615],[8.004414,50.686081],[8.004389,50.685987],[8.004283,50.685941],[8.004365,50.6858],[8.004455,50.685796],[8.004512,50.685767],[8.004492,50.68571],[8.004353,50.685656],[8.00434,50.685584],[8.004299,50.685467],[8.004097,50.685311],[8.004131,50.685216],[8.004103,50.685159],[8.003929,50.685022],[8.003876,50.684813],[8.003768,50.68476],[8.003705,50.684643],[8.003576,50.684581],[8.003416,50.68454],[8.003273,50.684261],[8.003329,50.684112],[8.003526,50.684004],[8.003367,50.683795],[8.003381,50.683694],[8.003342,50.683639],[8.003269,50.683605],[8.003201,50.683587],[8.003145,50.683511],[8.003104,50.683324],[8.003093,50.683166],[8.002976,50.683137],[8.002876,50.683158],[8.002673,50.683028],[8.002678,50.682961],[8.002724,50.682912],[8.002966,50.682856],[8.003058,50.682839],[8.003133,50.682792],[8.003108,50.682706],[8.002942,50.682603],[8.002861,50.682508],[8.002949,50.682416],[8.002903,50.682305],[8.002813,50.682228],[8.002678,50.682267],[8.00252,50.682282],[8.002378,50.682326],[8.002156,50.682341],[8.002044,50.682284],[8.002083,50.682203],[8.002213,50.682178],[8.002239,50.682136],[8.002234,50.682109],[8.002137,50.682073],[8.002015,50.682086],[8.001884,50.682068],[8.001803,50.682013],[8.001743,50.682009],[8.001562,50.681943],[8.001497,50.681947],[8.001426,50.68197],[8.001359,50.681935],[8.001332,50.681825],[8.001237,50.681691],[8.00108,50.681623],[8.001023,50.681547],[8.00099,50.681551],[8.000916,50.681691],[8.000777,50.681437],[8.00062,50.681365],[8.000902,50.681268],[8.001044,50.681378],[8.001072,50.681364],[8.001064,50.681313],[8.000889,50.681157],[8.00068,50.681124],[8.000609,50.681154],[8.000662,50.681269],[8.000489,50.681291],[8.000367,50.681252],[8.000351,50.681195],[8.000373,50.681166],[8.000401,50.681129],[8.000411,50.681116],[8.000266,50.680994],[7.998586,50.680798],[7.998356,50.680618],[7.998186,50.680359],[7.997864,50.680329],[7.997102,50.679923],[7.996365,50.679929],[7.995657,50.679159],[7.995757,50.678653],[7.995912,50.678336],[7.995111,50.677558],[7.995333,50.677492],[7.995281,50.677256],[7.994985,50.677142],[7.994543,50.676973],[7.994447,50.676829],[7.994364,50.67662],[7.993849,50.676384],[7.993244,50.67608],[7.992445,50.67586],[7.992091,50.675868],[7.991778,50.675583],[7.991269,50.67577],[7.990868,50.675856],[7.989418,50.675869],[7.988487,50.675679],[7.988065,50.675805],[7.987449,50.675814],[7.98672,50.675616],[7.986237,50.675596],[7.986044,50.675737],[7.985718,50.67566],[7.985614,50.675654],[7.985005,50.675621],[7.984536,50.675447],[7.98406,50.675559],[7.983814,50.675361],[7.982832,50.67555],[7.982454,50.675356],[7.981238,50.675558],[7.980997,50.675473],[7.980269,50.675772],[7.97991,50.675811],[7.979629,50.67576],[7.979476,50.675754],[7.979303,50.675861],[7.979208,50.675876],[7.979116,50.675866],[7.979007,50.675878],[7.978945,50.675859],[7.978795,50.675843],[7.978597,50.675799],[7.978312,50.675774],[7.977937,50.675658],[7.977632,50.675623],[7.977537,50.675637],[7.977343,50.675785],[7.977212,50.675825],[7.977171,50.675819],[7.976784,50.675727],[7.976564,50.675696],[7.976309,50.675629],[7.976205,50.675612],[7.976041,50.675681],[7.976042,50.675757],[7.975992,50.675796],[7.975937,50.675868],[7.975828,50.675891],[7.975724,50.675894],[7.975596,50.675852],[7.975557,50.675829],[7.975557,50.675806],[7.975352,50.675746],[7.975239,50.675738],[7.975108,50.675806],[7.975189,50.675841],[7.975281,50.67592],[7.975282,50.675955],[7.975177,50.676013],[7.975052,50.676044],[7.974837,50.676019],[7.974807,50.67608],[7.974591,50.676207],[7.974496,50.676243],[7.973917,50.676356],[7.973826,50.676359],[7.973658,50.676323],[7.973599,50.676353],[7.973259,50.676365],[7.973235,50.676399],[7.973124,50.676418],[7.973041,50.676435],[7.972557,50.676538],[7.972131,50.676578],[7.971745,50.67657],[7.971382,50.676566],[7.971148,50.676603],[7.970885,50.67668],[7.970683,50.676773],[7.969954,50.676645],[7.969609,50.676636],[7.969152,50.67666],[7.969127,50.6769],[7.968772,50.676983],[7.968638,50.676876],[7.967951,50.676914],[7.967631,50.676957],[7.967672,50.677099],[7.967429,50.677132],[7.967248,50.677072],[7.967234,50.676898],[7.967018,50.676907],[7.966993,50.676966],[7.96701,50.677137],[7.966973,50.67721],[7.966493,50.677474],[7.965968,50.677695],[7.965682,50.677801],[7.965515,50.67779],[7.96519,50.677586],[7.965032,50.677706],[7.963958,50.678039],[7.964129,50.678416],[7.964835,50.6797],[7.964875,50.679774],[7.964992,50.679998],[7.965019,50.680051],[7.965543,50.681076],[7.966001,50.682839],[7.966404,50.683704],[7.967074,50.684652],[7.96735,50.685137],[7.967558,50.685496],[7.967592,50.685557],[7.96759,50.685581],[7.967463,50.686709],[7.967258,50.688522],[7.968101,50.690273],[7.96898,50.69219],[7.968748,50.692649],[7.971096,50.692674],[7.973352,50.692698],[7.975582,50.692721],[7.975699,50.692722],[7.975712,50.692722]]]},"$schema":null,"$context":null},{"type":"Feature","properties":{"gml_id":"gemeinde_rlp.32","gid":32,"datum":"16.07.26","region":"Rheinland-Pfalz","gmdesch":235021,"gemeinde":"Farschweiler","vgnr":23504,"vbgmde":"Ruwer","vgname":"Ruwer (23504)","kreissch":235,"ldkreis":"Trier-Saarburg","amtsgrcht":"Trier","finanzamt":"Trier","kanr":8750,"katamt":"Westeifel-Mosel","katurl":"https:\/\/vermka-westeifel-mosel.rlp.de","guta":780,"gutaurl":"https:\/\/gutachterausschuesse.rlp.de\/service\/gutachterausschuesse-fuer-grundstueckswerte\/","ags":723504021,"gemtyp":"Gemeinde","kreistyp":"Landkreis"},"bbox":[6.812483,49.707798,6.861592,49.73462],"geometry":{"type":"Polygon","coordinates":[[[6.829061,49.73027],[6.829079,49.7303],[6.829056,49.730508],[6.829003,49.730581],[6.829097,49.730817],[6.829133,49.730815],[6.829241,49.73079],[6.829242,49.730795],[6.829296,49.730877],[6.82936,49.730891],[6.829473,49.730983],[6.82946,49.731032],[6.829474,49.731033],[6.829517,49.731023],[6.829548,49.731034],[6.829553,49.73107],[6.829597,49.731097],[6.829601,49.731104],[6.829598,49.731116],[6.829563,49.731125],[6.829557,49.731133],[6.829569,49.731159],[6.829566,49.73117],[6.829557,49.731181],[6.82954,49.731191],[6.829516,49.731185],[6.829491,49.731192],[6.829476,49.731214],[6.829501,49.731245],[6.82948,49.731282],[6.829516,49.731308],[6.829545,49.73131],[6.829534,49.73134],[6.8296,49.731451],[6.829575,49.731475],[6.829682,49.731519],[6.829692,49.73156],[6.829734,49.731604],[6.82967,49.731652],[6.82961,49.731664],[6.829603,49.731671],[6.829607,49.731679],[6.829666,49.73169],[6.829734,49.731684],[6.829739,49.731755],[6.829641,49.731863],[6.829648,49.731881],[6.829694,49.731893],[6.829818,49.731901],[6.829822,49.73198],[6.829812,49.731986],[6.829759,49.731996],[6.829674,49.73198],[6.829664,49.731986],[6.829666,49.731995],[6.829672,49.732006],[6.829755,49.732041],[6.829803,49.732039],[6.82981,49.73208],[6.829808,49.732089],[6.829736,49.732144],[6.829831,49.732229],[6.82989,49.732224],[6.829899,49.732257],[6.829899,49.732308],[6.829972,49.732366],[6.830125,49.732429],[6.830105,49.732476],[6.830178,49.732542],[6.830311,49.732578],[6.830333,49.732593],[6.830332,49.732604],[6.830279,49.732638],[6.830303,49.732751],[6.8303,49.732756],[6.830305,49.732785],[6.830328,49.732824],[6.830359,49.732987],[6.830408,49.733038],[6.830503,49.733089],[6.830565,49.733172],[6.830749,49.733243],[6.830758,49.733278],[6.830782,49.733299],[6.830788,49.733302],[6.830826,49.733297],[6.830872,49.733293],[6.830946,49.733322],[6.830966,49.733381],[6.831073,49.733455],[6.831056,49.733469],[6.831026,49.733467],[6.831,49.73349],[6.830981,49.733551],[6.831045,49.733694],[6.831051,49.733847],[6.831082,49.733913],[6.831149,49.733941],[6.831206,49.734005],[6.831188,49.734091],[6.831215,49.73414],[6.831201,49.734267],[6.831223,49.734325],[6.83123,49.734475],[6.831209,49.734539],[6.831133,49.734587],[6.831124,49.734597],[6.831136,49.734595],[6.831138,49.734603],[6.831225,49.734599],[6.831327,49.73462],[6.831373,49.734595],[6.831503,49.734415],[6.831558,49.734327],[6.831601,49.734315],[6.831639,49.734294],[6.831643,49.734291],[6.831655,49.734293],[6.831675,49.734306],[6.831745,49.734354],[6.831773,49.734364],[6.831796,49.734357],[6.832014,49.734226],[6.832172,49.734164],[6.832458,49.73409],[6.832601,49.734047],[6.832805,49.733923],[6.833119,49.733797],[6.833567,49.733678],[6.833697,49.733679],[6.833781,49.733656],[6.833914,49.733648],[6.834003,49.733619],[6.834053,49.733597],[6.834077,49.733586],[6.83409,49.733588],[6.834122,49.733591],[6.83415,49.733595],[6.834197,49.733602],[6.834284,49.733583],[6.834309,49.733577],[6.834332,49.733566],[6.834359,49.733558],[6.834381,49.733542],[6.834401,49.733529],[6.834414,49.7335],[6.834425,49.733473],[6.83444,49.733461],[6.834478,49.733452],[6.834501,49.733455],[6.834604,49.733471],[6.834661,49.733457],[6.834734,49.73344],[6.834776,49.733427],[6.834787,49.733427],[6.83484,49.733428],[6.834901,49.733395],[6.834969,49.733397],[6.83527,49.733373],[6.835305,49.733411],[6.835355,49.733432],[6.835455,49.733412],[6.835598,49.7334],[6.835848,49.733416],[6.835897,49.733435],[6.835946,49.733436],[6.835959,49.733413],[6.835979,49.733405],[6.836102,49.733473],[6.836193,49.733492],[6.83625,49.733545],[6.836278,49.733563],[6.836459,49.733587],[6.836483,49.733573],[6.83648,49.733543],[6.836505,49.733538],[6.836587,49.733523],[6.836633,49.733535],[6.836644,49.733543],[6.836631,49.733568],[6.836645,49.733587],[6.836752,49.733585],[6.836907,49.733623],[6.836991,49.733626],[6.837072,49.73367],[6.837253,49.733699],[6.837268,49.733726],[6.837335,49.733752],[6.837413,49.733742],[6.837431,49.73373],[6.837442,49.733714],[6.837463,49.733698],[6.837618,49.73369],[6.837638,49.733702],[6.837688,49.733674],[6.837689,49.733645],[6.837703,49.733639],[6.837847,49.733657],[6.838047,49.733737],[6.838158,49.733823],[6.838364,49.733827],[6.838515,49.733805],[6.838754,49.733761],[6.838792,49.733757],[6.839452,49.733687],[6.839522,49.733711],[6.839578,49.733759],[6.839699,49.733749],[6.839816,49.733785],[6.839906,49.733827],[6.839983,49.733825],[6.840128,49.733845],[6.84023,49.733899],[6.840274,49.73391],[6.840438,49.733887],[6.840447,49.733883],[6.840468,49.733841],[6.840481,49.733831],[6.840532,49.733805],[6.840657,49.733855],[6.840705,49.733864],[6.840764,49.733802],[6.84079,49.733791],[6.840911,49.733849],[6.841065,49.733857],[6.841098,49.733934],[6.841101,49.733958],[6.841116,49.733966],[6.841152,49.733953],[6.841236,49.733951],[6.841304,49.73391],[6.84131,49.733876],[6.841369,49.733836],[6.841451,49.733855],[6.841464,49.733887],[6.841563,49.733892],[6.84171,49.733825],[6.841891,49.733797],[6.841906,49.733801],[6.841907,49.733849],[6.841861,49.733879],[6.841906,49.73393],[6.841929,49.733945],[6.841985,49.733947],[6.842033,49.733973],[6.842118,49.733963],[6.842129,49.73396],[6.842141,49.733935],[6.842161,49.733926],[6.84221,49.733949],[6.842345,49.733987],[6.842454,49.734],[6.842465,49.733995],[6.842485,49.733976],[6.842521,49.733968],[6.842669,49.733984],[6.842798,49.73406],[6.842888,49.734107],[6.843151,49.7341],[6.843184,49.73412],[6.843226,49.734121],[6.843238,49.734113],[6.843302,49.733999],[6.843465,49.733985],[6.843523,49.73401],[6.843703,49.733974],[6.843776,49.734056],[6.843853,49.734094],[6.843944,49.734099],[6.843956,49.73409],[6.84404,49.733937],[6.844057,49.733928],[6.844143,49.733963],[6.84423,49.733951],[6.844349,49.733964],[6.844403,49.733986],[6.844562,49.733973],[6.844551,49.733942],[6.844531,49.733925],[6.844534,49.733908],[6.844923,49.733783],[6.845008,49.733811],[6.845298,49.733811],[6.845346,49.733799],[6.845601,49.733607],[6.845739,49.733566],[6.845765,49.733565],[6.845805,49.73356],[6.845857,49.733603],[6.845869,49.733604],[6.845926,49.733512],[6.846034,49.733563],[6.846103,49.733617],[6.846117,49.733617],[6.846182,49.733589],[6.846401,49.733407],[6.846541,49.733404],[6.846604,49.73336],[6.846593,49.733321],[6.846771,49.733196],[6.846899,49.733163],[6.84693,49.733127],[6.846974,49.733111],[6.84711,49.733107],[6.847269,49.733127],[6.847451,49.733051],[6.847506,49.733068],[6.847523,49.733082],[6.847574,49.733123],[6.847627,49.733121],[6.847684,49.733073],[6.847702,49.73305],[6.847838,49.733077],[6.847892,49.733123],[6.847981,49.733141],[6.848064,49.733188],[6.848174,49.73317],[6.848196,49.733142],[6.848585,49.733188],[6.848687,49.733219],[6.848694,49.733242],[6.848662,49.733278],[6.848673,49.7333],[6.848985,49.733255],[6.849069,49.733284],[6.849322,49.733239],[6.849403,49.733091],[6.849405,49.733005],[6.849444,49.732979],[6.849511,49.732869],[6.849662,49.732838],[6.849743,49.732838],[6.849759,49.732837],[6.849786,49.732869],[6.849802,49.732869],[6.849887,49.732853],[6.849951,49.732789],[6.849986,49.732777],[6.850013,49.732749],[6.850054,49.73273],[6.850093,49.732756],[6.850161,49.732734],[6.850228,49.73269],[6.8503,49.732689],[6.850352,49.732651],[6.850331,49.732609],[6.850337,49.732599],[6.850573,49.732546],[6.850609,49.73253],[6.850687,49.732525],[6.85082,49.732556],[6.850879,49.732569],[6.850993,49.732564],[6.851099,49.732573],[6.851156,49.732564],[6.851257,49.732478],[6.851239,49.732459],[6.851243,49.73245],[6.851391,49.732445],[6.851523,49.732496],[6.851586,49.732468],[6.851712,49.732477],[6.851765,49.732451],[6.851781,49.732458],[6.851774,49.732465],[6.85178,49.732476],[6.851937,49.732471],[6.852024,49.73247],[6.852085,49.732428],[6.852205,49.73244],[6.852317,49.732441],[6.852385,49.73245],[6.852604,49.732479],[6.852704,49.732469],[6.852788,49.732493],[6.852842,49.732535],[6.852895,49.732624],[6.853091,49.732684],[6.853164,49.732734],[6.853232,49.732743],[6.853318,49.732705],[6.853476,49.732683],[6.85352,49.732723],[6.853525,49.732735],[6.853495,49.732765],[6.853507,49.732794],[6.853574,49.732852],[6.853576,49.732884],[6.853576,49.732922],[6.853657,49.73294],[6.853693,49.732931],[6.853706,49.732889],[6.853726,49.732865],[6.853744,49.732862],[6.853827,49.732902],[6.853844,49.732937],[6.853902,49.732961],[6.85392,49.732986],[6.853895,49.733014],[6.853889,49.73302],[6.853927,49.733062],[6.854034,49.733093],[6.85407,49.733085],[6.854136,49.733042],[6.854176,49.733052],[6.854194,49.733069],[6.854252,49.733111],[6.854258,49.733138],[6.854324,49.733154],[6.854429,49.733141],[6.854443,49.733139],[6.854508,49.733151],[6.854545,49.733182],[6.854611,49.733195],[6.854623,49.733215],[6.854634,49.733218],[6.854647,49.733222],[6.854771,49.733257],[6.855009,49.733364],[6.855363,49.733444],[6.855333,49.733495],[6.85555,49.733525],[6.855605,49.733592],[6.855636,49.733625],[6.855634,49.733631],[6.855698,49.733623],[6.855766,49.733591],[6.855841,49.733565],[6.855909,49.733564],[6.855992,49.733586],[6.856061,49.733629],[6.856128,49.733632],[6.856173,49.733616],[6.856217,49.73362],[6.856264,49.733647],[6.85637,49.733644],[6.856547,49.733717],[6.856569,49.733739],[6.856587,49.733745],[6.856617,49.733739],[6.85675,49.733758],[6.856818,49.733722],[6.856834,49.733719],[6.857019,49.733774],[6.857108,49.733828],[6.857207,49.733809],[6.857403,49.733813],[6.857557,49.733829],[6.857728,49.733837],[6.857839,49.733823],[6.858006,49.733882],[6.858124,49.733869],[6.858196,49.733859],[6.858213,49.733844],[6.858227,49.733843],[6.858487,49.733872],[6.858628,49.733904],[6.858902,49.73397],[6.859149,49.734032],[6.859304,49.734009],[6.859384,49.733946],[6.859515,49.733917],[6.859596,49.733911],[6.859641,49.733938],[6.859856,49.733825],[6.859948,49.733798],[6.859987,49.733757],[6.860153,49.733671],[6.860178,49.733615],[6.860209,49.733558],[6.86025,49.733505],[6.860344,49.733489],[6.860409,49.733488],[6.860428,49.733481],[6.860426,49.733474],[6.860464,49.733415],[6.860424,49.733306],[6.860469,49.73323],[6.860469,49.733221],[6.86051,49.733215],[6.860513,49.733206],[6.860459,49.733126],[6.860472,49.733092],[6.860457,49.733034],[6.860401,49.733026],[6.860381,49.733029],[6.86037,49.733019],[6.860378,49.732898],[6.860374,49.732851],[6.860371,49.732807],[6.860315,49.732778],[6.860243,49.732706],[6.860219,49.732638],[6.860231,49.732607],[6.860333,49.732551],[6.86032,49.73246],[6.860342,49.732416],[6.860339,49.732348],[6.860327,49.732284],[6.860362,49.732191],[6.860326,49.732103],[6.860347,49.732059],[6.860345,49.731813],[6.860436,49.731758],[6.860517,49.731692],[6.860519,49.731497],[6.860483,49.731318],[6.860496,49.73126],[6.86045,49.731101],[6.860363,49.731057],[6.860341,49.730985],[6.860288,49.730941],[6.86025,49.730805],[6.86016,49.730678],[6.860122,49.730625],[6.860074,49.730604],[6.860065,49.730523],[6.85998,49.730405],[6.859928,49.730307],[6.859823,49.73018],[6.859826,49.730139],[6.859738,49.730105],[6.859707,49.73006],[6.859597,49.730033],[6.859533,49.729899],[6.859466,49.729839],[6.859426,49.729779],[6.859484,49.729694],[6.859383,49.729663],[6.859326,49.729591],[6.859225,49.729589],[6.85915,49.729467],[6.859083,49.72945],[6.859059,49.729387],[6.858971,49.729352],[6.858924,49.729308],[6.858906,49.72921],[6.858838,49.729095],[6.858762,49.728969],[6.85875,49.728928],[6.858691,49.728891],[6.858719,49.728815],[6.858599,49.728653],[6.858582,49.728599],[6.858537,49.728572],[6.858492,49.728462],[6.858465,49.728457],[6.858433,49.72845],[6.858013,49.728394],[6.857904,49.728381],[6.85787,49.728353],[6.857804,49.728262],[6.857699,49.728201],[6.857662,49.728143],[6.857692,49.728073],[6.857542,49.728042],[6.857559,49.727957],[6.857542,49.727836],[6.857456,49.727771],[6.857373,49.727613],[6.857417,49.72754],[6.857389,49.727461],[6.85731,49.727413],[6.857295,49.727244],[6.857234,49.727139],[6.8572,49.727142],[6.85716,49.727137],[6.857132,49.727096],[6.857137,49.727085],[6.857234,49.72704],[6.857243,49.727038],[6.857221,49.726998],[6.85727,49.726943],[6.857211,49.726847],[6.857119,49.726833],[6.857044,49.726803],[6.857065,49.726735],[6.857129,49.726669],[6.857129,49.726651],[6.857109,49.726605],[6.857036,49.726524],[6.857113,49.726417],[6.857062,49.726362],[6.857062,49.726358],[6.857146,49.726327],[6.857146,49.726318],[6.857135,49.726219],[6.857229,49.726161],[6.85719,49.726022],[6.85726,49.725986],[6.857287,49.725861],[6.857427,49.72579],[6.857497,49.725566],[6.857427,49.725224],[6.85727,49.725079],[6.857241,49.72497],[6.857324,49.724874],[6.857204,49.724745],[6.857176,49.724661],[6.857213,49.724601],[6.857269,49.724519],[6.857246,49.724429],[6.857147,49.724187],[6.857205,49.723974],[6.857336,49.723804],[6.857285,49.723677],[6.857329,49.723472],[6.857411,49.723412],[6.857435,49.723332],[6.857493,49.723255],[6.857491,49.723165],[6.85748,49.7231],[6.85747,49.723049],[6.857457,49.722984],[6.857364,49.722821],[6.857368,49.72272],[6.85749,49.722683],[6.857522,49.722513],[6.857482,49.722469],[6.857546,49.72242],[6.857582,49.722333],[6.857602,49.722206],[6.857766,49.722093],[6.857919,49.721724],[6.858004,49.721659],[6.857978,49.721586],[6.858076,49.72158],[6.858113,49.721586],[6.858126,49.721581],[6.858232,49.721487],[6.858344,49.721434],[6.858382,49.721348],[6.858366,49.721279],[6.858426,49.721215],[6.858377,49.721098],[6.858408,49.721005],[6.858466,49.720955],[6.858468,49.720951],[6.858387,49.720909],[6.858378,49.720896],[6.85843,49.720831],[6.858526,49.720624],[6.858521,49.720586],[6.858468,49.720533],[6.858455,49.720474],[6.858486,49.7204],[6.858445,49.720296],[6.858462,49.720243],[6.858432,49.720207],[6.858444,49.720092],[6.858516,49.720057],[6.858484,49.720005],[6.858564,49.719939],[6.858715,49.719635],[6.858755,49.719614],[6.858777,49.719552],[6.858845,49.719473],[6.858845,49.719365],[6.858756,49.719209],[6.85878,49.719053],[6.858744,49.719027],[6.858745,49.71902],[6.858776,49.718846],[6.858863,49.718767],[6.85891,49.718616],[6.858984,49.718568],[6.85888,49.718426],[6.858905,49.718368],[6.859102,49.718225],[6.859067,49.718137],[6.858933,49.717865],[6.858937,49.717753],[6.859011,49.717563],[6.859011,49.717359],[6.859131,49.717262],[6.859177,49.717139],[6.859513,49.716848],[6.859591,49.716789],[6.859583,49.716768],[6.859586,49.716664],[6.859662,49.716586],[6.859653,49.71647],[6.859695,49.716394],[6.859792,49.716368],[6.859846,49.716342],[6.859868,49.716252],[6.859848,49.716247],[6.85984,49.716222],[6.859822,49.716109],[6.859927,49.715999],[6.859978,49.71583],[6.860258,49.715447],[6.860373,49.715382],[6.860508,49.71518],[6.8606,49.715124],[6.860749,49.714861],[6.860836,49.714828],[6.860826,49.714741],[6.860892,49.714716],[6.860906,49.714641],[6.860989,49.714542],[6.861258,49.714411],[6.861309,49.714345],[6.861294,49.714292],[6.861337,49.714249],[6.861336,49.714195],[6.861377,49.714151],[6.861454,49.714149],[6.861547,49.714129],[6.861592,49.714079],[6.861581,49.714073],[6.86156,49.714062],[6.860844,49.713669],[6.860673,49.712396],[6.860644,49.71234],[6.860505,49.712044],[6.859943,49.710847],[6.858928,49.708385],[6.859375,49.707798],[6.857379,49.70795],[6.855308,49.708124],[6.853636,49.708262],[6.853262,49.708293],[6.851213,49.708469],[6.849154,49.708642],[6.847891,49.708752],[6.847112,49.70882],[6.845058,49.709005],[6.843006,49.709187],[6.842218,49.709258],[6.841722,49.709303],[6.840971,49.709371],[6.840957,49.709372],[6.838908,49.709556],[6.837188,49.70971],[6.836473,49.709774],[6.835078,49.709899],[6.834096,49.709984],[6.833169,49.710065],[6.831138,49.710246],[6.830197,49.71043],[6.830054,49.710458],[6.829281,49.710609],[6.827392,49.71098],[6.825546,49.71133],[6.823692,49.711686],[6.823637,49.711696],[6.822219,49.711973],[6.822179,49.711981],[6.822031,49.71201],[6.822026,49.712011],[6.821995,49.712017],[6.821954,49.712025],[6.821999,49.712052],[6.822138,49.712136],[6.822019,49.712235],[6.821569,49.712612],[6.821388,49.712763],[6.821354,49.712792],[6.820893,49.713178],[6.82066,49.713373],[6.820628,49.713403],[6.820336,49.713671],[6.81979,49.714172],[6.819492,49.714539],[6.819466,49.714571],[6.818649,49.715576],[6.818492,49.715753],[6.818463,49.715786],[6.817875,49.716449],[6.817755,49.716582],[6.817481,49.716893],[6.817455,49.716922],[6.817189,49.717222],[6.816966,49.717416],[6.816936,49.717441],[6.816378,49.717925],[6.816216,49.718066],[6.816209,49.718099],[6.816194,49.718162],[6.816153,49.718337],[6.816208,49.71872],[6.816235,49.718903],[6.81624,49.718939],[6.816255,49.719033],[6.816277,49.719184],[6.816351,49.719689],[6.81636,49.719749],[6.816363,49.719766],[6.816365,49.719783],[6.816369,49.719808],[6.816382,49.719902],[6.816818,49.72058],[6.817099,49.721016],[6.817151,49.721097],[6.817187,49.721151],[6.817505,49.721657],[6.8177,49.721966],[6.817763,49.722066],[6.818433,49.723131],[6.818475,49.723197],[6.818465,49.723233],[6.818194,49.724259],[6.818187,49.724288],[6.818129,49.724357],[6.817659,49.724917],[6.817604,49.724983],[6.81745,49.725279],[6.817396,49.725381],[6.81714,49.725873],[6.817035,49.725963],[6.816436,49.726477],[6.81639,49.726517],[6.816335,49.726563],[6.815883,49.726952],[6.815838,49.727017],[6.815506,49.727501],[6.815409,49.72755],[6.815027,49.727594],[6.814595,49.727643],[6.814492,49.727655],[6.814217,49.727605],[6.813993,49.727564],[6.813826,49.727533],[6.813674,49.727481],[6.813473,49.727413],[6.81337,49.727378],[6.81334,49.727368],[6.813173,49.727263],[6.813115,49.72723],[6.813068,49.727203],[6.812997,49.727162],[6.812938,49.727221],[6.812926,49.727233],[6.812989,49.727263],[6.812973,49.727305],[6.812944,49.727385],[6.812905,49.727491],[6.812892,49.727526],[6.812621,49.728248],[6.812596,49.728316],[6.812684,49.728356],[6.812483,49.728792],[6.812521,49.728844],[6.812944,49.729002],[6.8131,49.72906],[6.813333,49.729146],[6.813771,49.729309],[6.814181,49.729462],[6.814301,49.729506],[6.814377,49.729493],[6.814992,49.728809],[6.815048,49.728747],[6.815209,49.728566],[6.815169,49.728541],[6.815148,49.728527],[6.815352,49.728523],[6.81542,49.728522],[6.815571,49.728519],[6.816088,49.728464],[6.81701,49.728367],[6.817455,49.72832],[6.817571,49.728309],[6.819314,49.728144],[6.819378,49.728137],[6.81958,49.728113],[6.820407,49.728096],[6.82102,49.727986],[6.821422,49.727851],[6.821542,49.727792],[6.821654,49.727761],[6.821657,49.727789],[6.821661,49.727818],[6.82169,49.727984],[6.821684,49.728005],[6.821657,49.728111],[6.821636,49.728185],[6.821614,49.728258],[6.821571,49.728348],[6.821533,49.728427],[6.821417,49.728564],[6.821496,49.728609],[6.821508,49.728616],[6.821315,49.72878],[6.82132,49.728796],[6.821333,49.728832],[6.821481,49.729241],[6.821487,49.729258],[6.821499,49.729291],[6.821565,49.729316],[6.821854,49.72926],[6.822496,49.729116],[6.822875,49.729011],[6.823097,49.728898],[6.823221,49.728918],[6.823415,49.728822],[6.823635,49.728849],[6.824117,49.728906],[6.824202,49.728916],[6.824206,49.728925],[6.824208,49.728929],[6.824655,49.728925],[6.825338,49.728921],[6.825477,49.728919],[6.826265,49.728986],[6.826784,49.729143],[6.826985,49.729204],[6.827043,49.729222],[6.827191,49.729256],[6.827223,49.729258],[6.827397,49.729264],[6.82773,49.729325],[6.827753,49.729329],[6.827952,49.729365],[6.828075,49.729383],[6.828058,49.729403],[6.828054,49.729409],[6.828035,49.729431],[6.828041,49.729443],[6.82837,49.729504],[6.828525,49.729538],[6.82858,49.72955],[6.828584,49.729559],[6.828591,49.729575],[6.828616,49.729635],[6.828653,49.729653],[6.828694,49.729657],[6.828719,49.729663],[6.828752,49.729672],[6.828768,49.729676],[6.828874,49.729732],[6.82909,49.729933],[6.829252,49.730153],[6.829203,49.730167],[6.829103,49.730195],[6.829093,49.730202],[6.829072,49.730246],[6.829061,49.73027]]]},"$schema":null,"$context":null},{"type":"Feature","properties":{"gml_id":"gemeinde_rlp.33","gid":33,"datum":"16.07.26","region":"Rheinland-Pfalz","gmdesch":340224,"gemeinde":"Schmitshausen","vgnr":34009,"vbgmde":"Thaleischweiler-Wallhalben","vgname":"Thaleischweiler-Wallhalben (34009)","kreissch":340,"ldkreis":"S\u00fcdwestpfalz","amtsgrcht":"Zweibr\u00fccken","finanzamt":"Pirmasens","kanr":9400,"katamt":"Westpfalz","katurl":"https:\/\/vermka-westpfalz.rlp.de","guta":820,"gutaurl":"https:\/\/gutachterausschuesse.rlp.de\/service\/gutachterausschuesse-fuer-grundstueckswerte\/","ags":734009224,"gemtyp":"Gemeinde","kreistyp":"Landkreis"},"bbox":[7.485255,49.290572,7.534732,49.315626],"geometry":{"type":"Polygon","coordinates":[[[7.5054,49.308373],[7.505457,49.308587],[7.505512,49.308791],[7.505514,49.308799],[7.505521,49.308826],[7.50574,49.308916],[7.505916,49.308959],[7.50596,49.308919],[7.506006,49.308929],[7.50599,49.30896],[7.506023,49.30899],[7.506253,49.309031],[7.506292,49.308995],[7.506891,49.309134],[7.507014,49.30916],[7.50705,49.30922],[7.507136,49.309364],[7.50733,49.309567],[7.507539,49.309271],[7.507563,49.309276],[7.507659,49.309297],[7.507672,49.3093],[7.507397,49.3097],[7.507416,49.309715],[7.507616,49.309891],[7.507957,49.30936],[7.508022,49.309374],[7.508089,49.309388],[7.508218,49.309416],[7.508505,49.309479],[7.508542,49.309487],[7.508765,49.309535],[7.508864,49.309557],[7.509119,49.309615],[7.509401,49.309678],[7.509576,49.309717],[7.50967,49.309738],[7.509852,49.309779],[7.509869,49.309783],[7.510035,49.30982],[7.510231,49.309864],[7.510244,49.309867],[7.510551,49.309936],[7.511166,49.310074],[7.511608,49.310268],[7.511998,49.310446],[7.51234,49.310603],[7.512564,49.310706],[7.512744,49.310788],[7.512813,49.310831],[7.514088,49.311615],[7.514725,49.312224],[7.514836,49.31233],[7.514932,49.312422],[7.515331,49.312803],[7.51553,49.312994],[7.515785,49.31324],[7.515815,49.313251],[7.516234,49.313402],[7.516611,49.313539],[7.516757,49.313592],[7.516898,49.313643],[7.517032,49.313691],[7.517143,49.31373],[7.517192,49.313748],[7.518096,49.314067],[7.51846,49.314107],[7.520293,49.314298],[7.520362,49.314343],[7.520401,49.314368],[7.520446,49.314397],[7.520546,49.314462],[7.520648,49.314528],[7.520736,49.314584],[7.520837,49.31465],[7.520874,49.314674],[7.520914,49.3147],[7.520958,49.314728],[7.521059,49.314794],[7.521173,49.314868],[7.521317,49.314961],[7.5214,49.315014],[7.521529,49.3151],[7.521577,49.315133],[7.521611,49.315156],[7.521649,49.315182],[7.521729,49.315228],[7.521736,49.315232],[7.521786,49.31526],[7.521826,49.315283],[7.521838,49.31529],[7.522263,49.315532],[7.522284,49.315544],[7.522407,49.315614],[7.52243,49.315626],[7.522509,49.315446],[7.522571,49.315347],[7.522626,49.315283],[7.52269,49.315219],[7.522787,49.315144],[7.522895,49.315067],[7.523067,49.314972],[7.523278,49.314864],[7.523517,49.314749],[7.523667,49.314679],[7.523852,49.314597],[7.524013,49.314522],[7.524215,49.314428],[7.524441,49.314324],[7.524422,49.314314],[7.524356,49.314345],[7.524308,49.314367],[7.524183,49.314425],[7.524154,49.314439],[7.523987,49.314517],[7.523897,49.314558],[7.523971,49.314514],[7.52412,49.314419],[7.524232,49.314329],[7.524317,49.314261],[7.524375,49.314215],[7.5244,49.314189],[7.524433,49.314157],[7.524482,49.314107],[7.524532,49.314058],[7.524578,49.314011],[7.524591,49.313995],[7.524624,49.313955],[7.524805,49.313718],[7.524988,49.313446],[7.525009,49.3134],[7.525038,49.313335],[7.525097,49.3132],[7.525173,49.312994],[7.525285,49.312676],[7.525345,49.312562],[7.525395,49.312445],[7.525457,49.312301],[7.525521,49.312151],[7.525562,49.312056],[7.525621,49.311978],[7.525644,49.311948],[7.525645,49.311918],[7.525646,49.311894],[7.525647,49.311855],[7.525692,49.311876],[7.526053,49.311265],[7.526188,49.310914],[7.52631,49.310636],[7.526743,49.309988],[7.527431,49.309268],[7.527875,49.308989],[7.527966,49.308944],[7.5284,49.308737],[7.528555,49.30866],[7.528825,49.308487],[7.529116,49.308301],[7.529576,49.307995],[7.529785,49.307825],[7.529868,49.307724],[7.530079,49.307447],[7.530154,49.307378],[7.530222,49.30732],[7.530422,49.307184],[7.530701,49.307004],[7.530815,49.306915],[7.530873,49.306861],[7.530918,49.306792],[7.530943,49.306744],[7.531014,49.306578],[7.531052,49.30647],[7.53107,49.306396],[7.531079,49.306333],[7.531076,49.306294],[7.53104,49.306289],[7.530895,49.30625],[7.530837,49.306204],[7.530616,49.306071],[7.530472,49.305962],[7.530345,49.305861],[7.530213,49.305742],[7.530131,49.30566],[7.530093,49.30562],[7.530031,49.305534],[7.529992,49.305458],[7.529934,49.305264],[7.529872,49.304752],[7.529847,49.304461],[7.52984,49.304327],[7.529844,49.304243],[7.529885,49.303973],[7.529935,49.303718],[7.529993,49.303421],[7.530203,49.302406],[7.529877,49.301968],[7.529452,49.301419],[7.529295,49.301221],[7.529165,49.301089],[7.528991,49.300931],[7.528955,49.30093],[7.52864,49.300672],[7.52843,49.300449],[7.528288,49.300266],[7.528186,49.300071],[7.528118,49.299896],[7.528042,49.299537],[7.528068,49.299418],[7.528114,49.299313],[7.528221,49.299166],[7.528238,49.299176],[7.528594,49.298758],[7.528816,49.29849],[7.529044,49.298218],[7.529117,49.298117],[7.529655,49.297388],[7.529847,49.297192],[7.530445,49.296734],[7.531421,49.295966],[7.531819,49.29572],[7.531848,49.29572],[7.532444,49.295716],[7.532599,49.295715],[7.532685,49.295658],[7.532723,49.295618],[7.532755,49.295403],[7.532824,49.295357],[7.533087,49.295333],[7.533238,49.295256],[7.533371,49.295335],[7.533695,49.295072],[7.533915,49.295108],[7.534017,49.294929],[7.534128,49.294739],[7.534098,49.294718],[7.533913,49.294591],[7.533999,49.294327],[7.533743,49.294185],[7.533817,49.294013],[7.53389,49.293843],[7.533872,49.293829],[7.534087,49.293632],[7.534254,49.293513],[7.534462,49.293352],[7.534732,49.29311],[7.534705,49.293101],[7.534276,49.292971],[7.534301,49.292928],[7.534097,49.292867],[7.53404,49.29285],[7.534078,49.292644],[7.533473,49.292465],[7.5326,49.292208],[7.532249,49.292268],[7.531677,49.292366],[7.530887,49.292502],[7.530361,49.29245],[7.529729,49.292387],[7.529451,49.29236],[7.528995,49.292365],[7.528797,49.292381],[7.528434,49.292319],[7.528271,49.292267],[7.52772,49.292053],[7.527417,49.291914],[7.527291,49.291857],[7.527131,49.29178],[7.526816,49.291628],[7.526758,49.2916],[7.526462,49.291485],[7.526387,49.291456],[7.526326,49.291432],[7.526283,49.291415],[7.526144,49.291361],[7.52604,49.29132],[7.525999,49.291304],[7.525842,49.291242],[7.525684,49.291179],[7.525633,49.291159],[7.525472,49.291095],[7.525381,49.291056],[7.525054,49.290916],[7.524703,49.290766],[7.524275,49.290583],[7.524211,49.290572],[7.524196,49.290581],[7.524005,49.290685],[7.5239,49.290743],[7.523773,49.290816],[7.523549,49.29094],[7.523356,49.291048],[7.523301,49.291076],[7.523017,49.291225],[7.52275,49.291364],[7.52259,49.291448],[7.522433,49.29153],[7.522076,49.29172],[7.521971,49.291776],[7.521317,49.292125],[7.520694,49.292457],[7.520577,49.292529],[7.520506,49.292578],[7.520353,49.292678],[7.520212,49.292763],[7.519927,49.292935],[7.519838,49.292988],[7.519449,49.293223],[7.519305,49.29331],[7.519104,49.293431],[7.518901,49.293552],[7.51889,49.293558],[7.51885,49.293582],[7.518678,49.293689],[7.518285,49.293909],[7.518197,49.293839],[7.518176,49.293852],[7.517814,49.294054],[7.517172,49.294412],[7.516844,49.294595],[7.516835,49.294601],[7.516752,49.294647],[7.516563,49.294765],[7.516218,49.294969],[7.515802,49.295243],[7.515641,49.295349],[7.515547,49.295421],[7.515468,49.295482],[7.515065,49.295824],[7.515057,49.295831],[7.513826,49.296848],[7.513781,49.296886],[7.513765,49.296899],[7.512845,49.297667],[7.512693,49.297795],[7.51266,49.297824],[7.511903,49.298466],[7.511837,49.298521],[7.511823,49.298532],[7.511771,49.298609],[7.511551,49.298783],[7.511501,49.298822],[7.511455,49.29884],[7.511279,49.29899],[7.511137,49.299112],[7.511028,49.299205],[7.510845,49.299362],[7.510697,49.299489],[7.510633,49.299544],[7.5105,49.299657],[7.510323,49.299809],[7.510255,49.299867],[7.510007,49.299769],[7.509914,49.299732],[7.509815,49.299693],[7.509706,49.299649],[7.509695,49.299645],[7.509597,49.299607],[7.5095,49.299569],[7.509402,49.299532],[7.509299,49.299492],[7.509195,49.299452],[7.509,49.299376],[7.508791,49.299295],[7.508689,49.299256],[7.508631,49.299233],[7.508421,49.299152],[7.508254,49.299087],[7.508136,49.299042],[7.507849,49.298856],[7.507459,49.298602],[7.507159,49.29834],[7.507119,49.298292],[7.507034,49.298191],[7.507022,49.298169],[7.506987,49.298104],[7.506933,49.298005],[7.506848,49.297847],[7.506818,49.297792],[7.506534,49.297549],[7.506396,49.297467],[7.50613,49.297337],[7.505822,49.297186],[7.505234,49.296899],[7.505103,49.296835],[7.50503,49.296788],[7.504921,49.296616],[7.504749,49.296407],[7.504724,49.296345],[7.504722,49.296321],[7.504723,49.296278],[7.504712,49.296197],[7.504657,49.296155],[7.504513,49.296076],[7.504349,49.295991],[7.504083,49.295875],[7.503931,49.295802],[7.503847,49.295728],[7.503646,49.295623],[7.50354,49.295477],[7.503434,49.295427],[7.503281,49.295376],[7.503004,49.295282],[7.502906,49.295201],[7.502833,49.295145],[7.502604,49.295049],[7.502426,49.29492],[7.502192,49.294824],[7.502141,49.294787],[7.501755,49.294817],[7.501573,49.29483],[7.501481,49.294837],[7.501368,49.294845],[7.501174,49.294859],[7.501044,49.294869],[7.500927,49.294878],[7.500791,49.294889],[7.50078,49.29489],[7.500498,49.294912],[7.500194,49.294936],[7.499954,49.294951],[7.499934,49.294953],[7.499639,49.29497],[7.499374,49.294989],[7.499268,49.294996],[7.499192,49.295001],[7.498648,49.29504],[7.498537,49.295048],[7.498404,49.295057],[7.498317,49.295064],[7.498307,49.295064],[7.497947,49.295095],[7.49792,49.295096],[7.497576,49.295118],[7.497073,49.29515],[7.497059,49.295151],[7.496749,49.295172],[7.496501,49.295189],[7.496339,49.2952],[7.49616,49.295212],[7.496008,49.295222],[7.49582,49.295235],[7.4957,49.295243],[7.495453,49.29526],[7.495326,49.295269],[7.49519,49.295278],[7.495036,49.295289],[7.494928,49.295296],[7.494884,49.295299],[7.494693,49.295312],[7.494467,49.295327],[7.493701,49.295379],[7.493642,49.295382],[7.493504,49.295389],[7.493397,49.295486],[7.493289,49.295582],[7.493169,49.29569],[7.493141,49.295716],[7.49305,49.295798],[7.493002,49.295841],[7.49294,49.295897],[7.492853,49.295975],[7.492846,49.295981],[7.492549,49.296243],[7.492412,49.296363],[7.492357,49.296411],[7.492256,49.2965],[7.49217,49.296576],[7.492095,49.296641],[7.492052,49.29668],[7.491985,49.296741],[7.491889,49.296827],[7.491874,49.296841],[7.491779,49.296927],[7.491729,49.296972],[7.491608,49.297082],[7.491486,49.297192],[7.491366,49.2973],[7.491259,49.297397],[7.491218,49.297437],[7.491205,49.29745],[7.491162,49.297491],[7.491072,49.297577],[7.490916,49.297728],[7.490767,49.29787],[7.490608,49.298023],[7.490599,49.298033],[7.490437,49.298189],[7.490279,49.29834],[7.490206,49.298411],[7.490113,49.2985],[7.490024,49.298586],[7.489994,49.298613],[7.489964,49.29864],[7.489907,49.298692],[7.489888,49.298709],[7.489809,49.29878],[7.489597,49.298972],[7.489468,49.299086],[7.489311,49.299224],[7.489113,49.299399],[7.488915,49.299574],[7.488763,49.299709],[7.488723,49.299745],[7.488651,49.299811],[7.488621,49.299838],[7.48853,49.299922],[7.488468,49.299979],[7.488334,49.300101],[7.488245,49.300183],[7.488032,49.300379],[7.487991,49.300416],[7.487949,49.300454],[7.487867,49.300527],[7.4878,49.300588],[7.487726,49.300654],[7.487576,49.30079],[7.487438,49.300913],[7.487319,49.301021],[7.487256,49.301078],[7.48708,49.30124],[7.486981,49.301332],[7.486943,49.301367],[7.486795,49.301504],[7.486673,49.301607],[7.486563,49.3017],[7.486526,49.301729],[7.48641,49.301818],[7.486365,49.301853],[7.486313,49.301893],[7.486273,49.301924],[7.486168,49.302004],[7.486078,49.302074],[7.485949,49.302173],[7.485421,49.302574],[7.485287,49.302676],[7.485263,49.302696],[7.485255,49.302702],[7.485331,49.302744],[7.4854,49.302774],[7.485479,49.302797],[7.485552,49.302818],[7.485637,49.302842],[7.485714,49.302873],[7.48585,49.302944],[7.485942,49.303003],[7.486281,49.303222],[7.48646,49.303288],[7.486656,49.303354],[7.486744,49.303384],[7.486821,49.303419],[7.486835,49.303426],[7.486926,49.303448],[7.487008,49.303468],[7.487337,49.303593],[7.487345,49.303596],[7.487531,49.303667],[7.487772,49.303767],[7.487898,49.303821],[7.488027,49.303876],[7.488114,49.303923],[7.4882,49.303968],[7.488288,49.304006],[7.488404,49.304056],[7.488495,49.304089],[7.488603,49.304123],[7.48875,49.304173],[7.488828,49.304204],[7.488892,49.304224],[7.488943,49.304246],[7.489091,49.304313],[7.489154,49.304348],[7.489203,49.304367],[7.489256,49.304389],[7.489349,49.304438],[7.489418,49.304483],[7.489491,49.30451],[7.489655,49.304569],[7.48972,49.304601],[7.489798,49.304648],[7.489846,49.304671],[7.489885,49.30469],[7.489921,49.304701],[7.489974,49.304717],[7.490015,49.30473],[7.490054,49.304747],[7.490191,49.304833],[7.490272,49.30486],[7.490417,49.304911],[7.490611,49.305042],[7.490706,49.30508],[7.490978,49.305163],[7.491118,49.305213],[7.491318,49.305321],[7.491438,49.30539],[7.491509,49.305432],[7.491653,49.305488],[7.49176,49.305534],[7.491798,49.305553],[7.492025,49.30567],[7.492051,49.30567],[7.492213,49.305731],[7.492463,49.305808],[7.492488,49.305816],[7.49257,49.305769],[7.492954,49.305552],[7.493273,49.305369],[7.493737,49.305106],[7.494372,49.304745],[7.494496,49.304674],[7.494675,49.30456],[7.494908,49.30441],[7.495055,49.304316],[7.495187,49.304232],[7.495313,49.304151],[7.49538,49.304108],[7.495439,49.30407],[7.495616,49.303957],[7.495721,49.30389],[7.495784,49.303849],[7.496129,49.303629],[7.496532,49.303374],[7.496573,49.303348],[7.497294,49.302883],[7.497684,49.302636],[7.499017,49.301808],[7.499209,49.301689],[7.499394,49.301579],[7.49946,49.301539],[7.499585,49.301463],[7.4996,49.301455],[7.499649,49.301425],[7.499709,49.301389],[7.499776,49.301348],[7.499811,49.301327],[7.499888,49.301281],[7.499899,49.301274],[7.500005,49.30121],[7.500007,49.301209],[7.500123,49.301139],[7.500133,49.301133],[7.500233,49.301071],[7.500334,49.301009],[7.500423,49.300954],[7.500432,49.300948],[7.500504,49.300904],[7.500563,49.300867],[7.500707,49.300778],[7.500794,49.300724],[7.500852,49.300689],[7.500904,49.300656],[7.500974,49.300613],[7.50098,49.30061],[7.501089,49.300541],[7.501202,49.300472],[7.501304,49.300408],[7.50146,49.300311],[7.501552,49.300254],[7.501644,49.300197],[7.501728,49.300145],[7.501811,49.300093],[7.501935,49.300016],[7.502103,49.299912],[7.50219,49.299857],[7.502212,49.299844],[7.502331,49.299831],[7.50421,49.301672],[7.504234,49.30172],[7.504366,49.301969],[7.504685,49.30311],[7.504689,49.303169],[7.504696,49.303251],[7.504702,49.303325],[7.504708,49.303398],[7.504733,49.30371],[7.504737,49.303762],[7.504742,49.303814],[7.504748,49.303889],[7.504751,49.303926],[7.50477,49.304164],[7.504779,49.304273],[7.504786,49.304363],[7.504794,49.304452],[7.504797,49.30449],[7.5048,49.304537],[7.504807,49.304615],[7.504842,49.305035],[7.504863,49.305129],[7.504904,49.305297],[7.504916,49.30535],[7.504941,49.305454],[7.505003,49.30571],[7.505017,49.30577],[7.505043,49.30588],[7.505073,49.306004],[7.505102,49.306124],[7.505131,49.306243],[7.505142,49.306292],[7.505145,49.306303],[7.505204,49.30654],[7.505219,49.306599],[7.505235,49.306665],[7.505251,49.306728],[7.505275,49.306824],[7.505291,49.306887],[7.505308,49.306959],[7.505331,49.307051],[7.505346,49.307109],[7.505355,49.307144],[7.505368,49.307197],[7.505383,49.307257],[7.5054,49.307323],[7.505423,49.307415],[7.505437,49.307472],[7.505481,49.307648],[7.505543,49.307896],[7.505566,49.307992],[7.505306,49.308023],[7.5054,49.308373]]]},"$schema":null,"$context":null},{"type":"Feature","properties":{"gml_id":"gemeinde_rlp.34","gid":34,"datum":"16.07.26","region":"Rheinland-Pfalz","gmdesch":132066,"gemeinde":"Malberg","vgnr":13209,"vbgmde":"Betzdorf-Gebhardshain","vgname":"Betzdorf-Gebhardshain (13209)","kreissch":132,"ldkreis":"Altenkirchen (Ww)","amtsgrcht":"Betzdorf","finanzamt":"Altenkirchen-Hachenburg","kanr":9100,"katamt":"Westerwald-Taunus","katurl":"https:\/\/vermka-westerwald-taunus.rlp.de","guta":800,"gutaurl":"https:\/\/gutachterausschuesse.rlp.de\/service\/gutachterausschuesse-fuer-grundstueckswerte\/","ags":713209066,"gemtyp":"Gemeinde","kreistyp":"Landkreis"},"bbox":[7.800516,50.703962,7.842242,50.72826],"geometry":{"type":"Polygon","coordinates":[[[7.840948,50.725848],[7.841073,50.725557],[7.841671,50.724162],[7.842242,50.722832],[7.842061,50.722897],[7.841828,50.722745],[7.841679,50.722546],[7.841533,50.722474],[7.841199,50.722414],[7.840747,50.722508],[7.840332,50.722721],[7.839653,50.722934],[7.839605,50.72295],[7.839559,50.722963],[7.838465,50.723005],[7.837572,50.722922],[7.837452,50.722436],[7.837425,50.722002],[7.83743,50.721365],[7.838738,50.721468],[7.838502,50.721097],[7.838461,50.721033],[7.838055,50.720394],[7.837695,50.719687],[7.837592,50.719483],[7.837582,50.719467],[7.837522,50.718408],[7.83761,50.717444],[7.837642,50.716961],[7.837302,50.716531],[7.837207,50.716358],[7.837062,50.716095],[7.836966,50.715922],[7.836738,50.715653],[7.835759,50.715555],[7.835749,50.715508],[7.835736,50.715442],[7.835713,50.715327],[7.835652,50.715021],[7.83557,50.714607],[7.835474,50.714127],[7.836209,50.714075],[7.836912,50.714026],[7.836969,50.714022],[7.837051,50.713468],[7.83708,50.713449],[7.837114,50.713427],[7.837,50.713435],[7.836326,50.713482],[7.836285,50.71341],[7.83631,50.712957],[7.836328,50.712633],[7.836354,50.712157],[7.836359,50.712033],[7.836361,50.711984],[7.836343,50.711869],[7.835269,50.711574],[7.83423,50.711289],[7.833414,50.711064],[7.833356,50.711048],[7.832727,50.710875],[7.831046,50.710416],[7.83102,50.710409],[7.830877,50.71037],[7.830791,50.710347],[7.828929,50.710041],[7.828004,50.709892],[7.827981,50.709889],[7.827925,50.70988],[7.827859,50.709869],[7.826859,50.709707],[7.826712,50.709684],[7.826635,50.709671],[7.826528,50.709654],[7.824226,50.708632],[7.823859,50.708468],[7.823434,50.70828],[7.823142,50.70815],[7.822667,50.707953],[7.822106,50.708133],[7.821603,50.708072],[7.821157,50.708017],[7.821065,50.708007],[7.819164,50.707368],[7.819358,50.707238],[7.818803,50.706873],[7.818464,50.706651],[7.817822,50.706229],[7.817558,50.706337],[7.817546,50.706343],[7.817337,50.706429],[7.817244,50.706386],[7.81649,50.706048],[7.815226,50.705627],[7.815198,50.705577],[7.815086,50.705381],[7.815381,50.70533],[7.815336,50.705127],[7.815321,50.70506],[7.815742,50.705006],[7.815755,50.705004],[7.815568,50.704609],[7.815444,50.70404],[7.815431,50.70404],[7.815022,50.704036],[7.814726,50.703962],[7.814663,50.704181],[7.814597,50.7042],[7.813858,50.704432],[7.813833,50.704441],[7.813866,50.704701],[7.81387,50.704729],[7.813898,50.705132],[7.813873,50.70551],[7.81387,50.705553],[7.813874,50.705561],[7.813925,50.705649],[7.813931,50.705659],[7.81405,50.705865],[7.814077,50.705912],[7.814085,50.705926],[7.814593,50.706091],[7.815186,50.706102],[7.815945,50.706188],[7.816267,50.706294],[7.816699,50.706531],[7.817088,50.706852],[7.817401,50.707031],[7.81872,50.707786],[7.818616,50.708227],[7.818569,50.708427],[7.81852,50.708393],[7.818258,50.70821],[7.818164,50.708165],[7.818114,50.708141],[7.817835,50.708008],[7.817061,50.707526],[7.816633,50.707355],[7.815539,50.707186],[7.815063,50.707218],[7.814377,50.707372],[7.813345,50.70785],[7.813225,50.707905],[7.813096,50.707965],[7.811471,50.708365],[7.811391,50.708385],[7.81136,50.708402],[7.810666,50.708782],[7.810309,50.708978],[7.809821,50.709246],[7.809812,50.709251],[7.809555,50.709417],[7.80954,50.709427],[7.80943,50.709404],[7.808965,50.709304],[7.808948,50.709301],[7.808388,50.709833],[7.808348,50.709871],[7.807546,50.709459],[7.807478,50.709535],[7.807384,50.709637],[7.807031,50.71002],[7.806687,50.710225],[7.805853,50.710695],[7.80538,50.710892],[7.8048,50.711381],[7.804616,50.711739],[7.804498,50.711967],[7.803956,50.71338],[7.803882,50.713422],[7.803856,50.713434],[7.803693,50.713509],[7.803593,50.713554],[7.803482,50.713605],[7.80342,50.713632],[7.803299,50.713688],[7.803107,50.713773],[7.803054,50.713797],[7.802677,50.714072],[7.802478,50.714217],[7.802752,50.714883],[7.802583,50.715799],[7.802492,50.716028],[7.801667,50.716301],[7.801645,50.716308],[7.801558,50.716337],[7.801389,50.716314],[7.801281,50.716299],[7.80065,50.716214],[7.800526,50.716879],[7.800516,50.716931],[7.800792,50.718072],[7.800968,50.718779],[7.801645,50.719632],[7.802017,50.719934],[7.803161,50.720865],[7.803693,50.721354],[7.803799,50.721452],[7.804113,50.721749],[7.806747,50.724395],[7.807028,50.724726],[7.807055,50.724757],[7.807108,50.724821],[7.807156,50.724877],[7.807206,50.724935],[7.807281,50.725033],[7.807908,50.725765],[7.808476,50.72826],[7.80912,50.727685],[7.809208,50.726991],[7.810732,50.725228],[7.811306,50.725303],[7.811314,50.725305],[7.811445,50.725323],[7.811455,50.725328],[7.812074,50.725411],[7.81235,50.725165],[7.812392,50.725129],[7.812662,50.724893],[7.814511,50.724295],[7.815547,50.724046],[7.816828,50.72373],[7.81689,50.723718],[7.817008,50.723695],[7.817117,50.723737],[7.818696,50.723523],[7.819553,50.723647],[7.820184,50.723739],[7.820869,50.723838],[7.820921,50.723843],[7.82149,50.723897],[7.822195,50.723964],[7.82276,50.724017],[7.82287,50.724027],[7.8229,50.723885],[7.82292,50.723788],[7.824343,50.724046],[7.824353,50.724048],[7.824412,50.724058],[7.824506,50.724077],[7.824558,50.724087],[7.827018,50.724568],[7.829654,50.725085],[7.831916,50.72553],[7.832661,50.725674],[7.836668,50.726466],[7.836812,50.726495],[7.836851,50.726502],[7.83688,50.726502],[7.837138,50.726498],[7.837341,50.726504],[7.837416,50.726479],[7.837972,50.726452],[7.838253,50.726435],[7.838511,50.726449],[7.838713,50.726474],[7.838908,50.726429],[7.839064,50.726393],[7.839082,50.726397],[7.839221,50.726432],[7.839353,50.726475],[7.839503,50.726521],[7.839612,50.726555],[7.839763,50.726602],[7.840341,50.726754],[7.840483,50.72676],[7.840564,50.726736],[7.840628,50.726693],[7.840673,50.726442],[7.840679,50.726406],[7.84082,50.726114],[7.840845,50.726063],[7.840948,50.725848]]]},"$schema":null,"$context":null},{"type":"Feature","properties":{"gml_id":"gemeinde_rlp.35","gid":35,"datum":"16.07.26","region":"Rheinland-Pfalz","gmdesch":339028,"gemeinde":"Hillesheim","vgnr":33907,"vbgmde":"Rhein-Selz","vgname":"Rhein-Selz (33907)","kreissch":339,"ldkreis":"Mainz-Bingen","amtsgrcht":"Mainz","finanzamt":"Worms-Kirchheimbolanden","kanr":6600,"katamt":"Rheinhessen-Nahe","katurl":"https:\/\/vermka-rheinhessen-nahe.rlp.de","guta":740,"gutaurl":"https:\/\/gutachterausschuesse.rlp.de\/service\/gutachterausschuesse-fuer-grundstueckswerte\/","ags":733907028,"gemtyp":"Gemeinde","kreistyp":"Landkreis"},"bbox":[8.23281,49.767335,8.281379,49.790312],"geometry":{"type":"Polygon","coordinates":[[[8.256887,49.789928],[8.257042,49.789954],[8.257047,49.789918],[8.257248,49.789938],[8.257353,49.789949],[8.257515,49.789965],[8.257558,49.789929],[8.257645,49.78998],[8.258058,49.790026],[8.258173,49.790039],[8.258223,49.790044],[8.26044,49.790291],[8.260563,49.790304],[8.260632,49.790312],[8.26058,49.790261],[8.260603,49.790198],[8.260666,49.790027],[8.261029,49.789036],[8.261073,49.788916],[8.261091,49.788836],[8.261232,49.788178],[8.26125,49.788095],[8.261375,49.787513],[8.261385,49.787466],[8.261441,49.787207],[8.261456,49.787134],[8.261494,49.78696],[8.261682,49.78608],[8.261702,49.785981],[8.261712,49.785937],[8.261772,49.785989],[8.263591,49.786191],[8.263727,49.786206],[8.263795,49.786213],[8.265095,49.786357],[8.266571,49.786521],[8.266639,49.786528],[8.26676,49.78655],[8.268337,49.786843],[8.268403,49.786855],[8.268457,49.786865],[8.268468,49.786822],[8.268517,49.786642],[8.271829,49.787118],[8.271766,49.787296],[8.271709,49.78746],[8.27152,49.787997],[8.271513,49.788016],[8.271469,49.78814],[8.271326,49.788546],[8.271252,49.788757],[8.27117,49.788791],[8.271293,49.788809],[8.27136,49.788818],[8.271609,49.788854],[8.272269,49.788949],[8.272396,49.788967],[8.272638,49.789002],[8.272707,49.789012],[8.272796,49.789024],[8.273618,49.789143],[8.27394,49.789189],[8.274232,49.789231],[8.274316,49.789197],[8.274738,49.787995],[8.275068,49.787054],[8.275098,49.786975],[8.275153,49.786981],[8.275219,49.786989],[8.275989,49.787074],[8.276008,49.787076],[8.276338,49.787113],[8.276423,49.787121],[8.2767,49.787173],[8.276946,49.787217],[8.277393,49.787299],[8.277936,49.787397],[8.278005,49.78741],[8.278029,49.787416],[8.278169,49.787451],[8.278263,49.787475],[8.278817,49.787615],[8.278965,49.787652],[8.279217,49.787716],[8.279371,49.787756],[8.279333,49.787707],[8.280143,49.785468],[8.280209,49.785442],[8.280792,49.785553],[8.281157,49.785623],[8.281178,49.785589],[8.281326,49.785343],[8.281379,49.785258],[8.279956,49.78492],[8.278545,49.784568],[8.278868,49.783994],[8.279211,49.783372],[8.279521,49.782809],[8.279632,49.782609],[8.279641,49.782593],[8.279671,49.78254],[8.279838,49.782241],[8.279592,49.782145],[8.279481,49.782102],[8.279433,49.782083],[8.278672,49.781785],[8.277638,49.781377],[8.276403,49.780934],[8.276394,49.780947],[8.275835,49.781969],[8.27538,49.782807],[8.275362,49.782834],[8.275188,49.782807],[8.275092,49.78279],[8.275007,49.782776],[8.274616,49.78271],[8.274344,49.783175],[8.274313,49.783219],[8.274088,49.783147],[8.273971,49.78311],[8.273746,49.783038],[8.273634,49.783002],[8.273473,49.78295],[8.273419,49.782933],[8.273145,49.782845],[8.273135,49.782842],[8.273059,49.782818],[8.272933,49.782777],[8.272925,49.782775],[8.272866,49.782756],[8.272805,49.782734],[8.272662,49.782684],[8.272412,49.782595],[8.272294,49.782553],[8.272165,49.782507],[8.271818,49.782384],[8.271239,49.782159],[8.27102,49.782074],[8.270721,49.781977],[8.270561,49.781926],[8.27051,49.78191],[8.270459,49.781893],[8.27035,49.781858],[8.270245,49.781824],[8.270197,49.781808],[8.270146,49.781792],[8.270382,49.781383],[8.270643,49.78088],[8.270701,49.780768],[8.270748,49.780677],[8.270779,49.780617],[8.270795,49.780587],[8.270836,49.780508],[8.270852,49.780476],[8.270874,49.780433],[8.270925,49.780333],[8.27098,49.780226],[8.27106,49.780068],[8.270028,49.779997],[8.269309,49.779905],[8.268874,49.779848],[8.26882,49.779841],[8.268728,49.779828],[8.268632,49.779816],[8.267975,49.779729],[8.267986,49.779685],[8.268082,49.779307],[8.268155,49.779001],[8.268176,49.778936],[8.268341,49.778301],[8.268566,49.777474],[8.268623,49.777262],[8.268625,49.777251],[8.268627,49.777244],[8.268628,49.777241],[8.268634,49.777217],[8.268636,49.77721],[8.268642,49.777189],[8.268586,49.777188],[8.268631,49.777001],[8.268781,49.776412],[8.268819,49.77626],[8.268826,49.776236],[8.268759,49.77623],[8.268648,49.77622],[8.268502,49.776207],[8.268468,49.7762],[8.268393,49.776184],[8.268317,49.776169],[8.268137,49.776131],[8.267878,49.776077],[8.267797,49.77606],[8.267708,49.776042],[8.267619,49.776023],[8.267592,49.776017],[8.26748,49.775993],[8.267368,49.775969],[8.267236,49.775941],[8.267095,49.775911],[8.266927,49.775874],[8.266752,49.775837],[8.266722,49.77583],[8.266663,49.775818],[8.266008,49.775661],[8.265451,49.775541],[8.264885,49.775419],[8.264995,49.77529],[8.26514,49.775119],[8.265111,49.7751],[8.265036,49.775052],[8.264891,49.77496],[8.264783,49.774891],[8.264671,49.77482],[8.264552,49.774744],[8.264063,49.774404],[8.263977,49.774352],[8.263245,49.773907],[8.263069,49.7738],[8.262875,49.773683],[8.262822,49.773649],[8.262695,49.773567],[8.262563,49.773483],[8.262419,49.77339],[8.262374,49.773355],[8.261885,49.772958],[8.261376,49.772517],[8.261319,49.772472],[8.2609,49.772149],[8.260889,49.77214],[8.260784,49.772175],[8.260538,49.772256],[8.2603,49.772334],[8.260269,49.772344],[8.260259,49.772348],[8.260077,49.772408],[8.260007,49.772431],[8.259952,49.772448],[8.259899,49.772466],[8.259845,49.772484],[8.259752,49.772514],[8.259633,49.772553],[8.259559,49.772578],[8.259486,49.772602],[8.259404,49.772629],[8.259388,49.772614],[8.258825,49.772139],[8.258762,49.772073],[8.258746,49.772057],[8.258728,49.772039],[8.25836,49.77231],[8.258213,49.772417],[8.258131,49.772478],[8.258094,49.772504],[8.258117,49.772443],[8.258049,49.772278],[8.258036,49.772245],[8.258,49.772153],[8.257957,49.772049],[8.257892,49.771889],[8.257881,49.771862],[8.257803,49.771673],[8.257721,49.771472],[8.257711,49.771446],[8.257634,49.771259],[8.257557,49.771071],[8.257498,49.770926],[8.257436,49.770773],[8.257385,49.770649],[8.25733,49.770515],[8.257236,49.770285],[8.25715,49.770074],[8.257085,49.769915],[8.256999,49.769706],[8.256977,49.76965],[8.256694,49.769719],[8.25649,49.769769],[8.256195,49.769841],[8.25606,49.769874],[8.256045,49.769824],[8.255983,49.769609],[8.25593,49.769433],[8.255924,49.769416],[8.255901,49.769327],[8.255832,49.769058],[8.255809,49.76897],[8.2558,49.768934],[8.255648,49.768345],[8.255388,49.767335],[8.255274,49.767358],[8.254767,49.767459],[8.254653,49.767482],[8.254394,49.767533],[8.253644,49.767683],[8.253265,49.767759],[8.253066,49.767799],[8.252907,49.767831],[8.252672,49.767878],[8.25251,49.76791],[8.252048,49.768002],[8.251353,49.768141],[8.251032,49.768206],[8.251012,49.76821],[8.25096,49.76822],[8.250722,49.768267],[8.250173,49.768339],[8.249889,49.768377],[8.249833,49.768382],[8.249843,49.768417],[8.249778,49.768383],[8.249246,49.7684],[8.248742,49.768416],[8.248151,49.768435],[8.247186,49.768466],[8.246844,49.768477],[8.246342,49.768493],[8.245896,49.768507],[8.245625,49.768515],[8.245496,49.76852],[8.245108,49.768532],[8.245035,49.768535],[8.245358,49.769936],[8.245065,49.769937],[8.244784,49.769938],[8.244558,49.769939],[8.244294,49.76994],[8.241753,49.769951],[8.241698,49.769951],[8.241586,49.769949],[8.238524,49.769899],[8.238413,49.769897],[8.238357,49.769897],[8.23721,49.769892],[8.237315,49.768335],[8.237005,49.768339],[8.236906,49.768341],[8.235952,49.768355],[8.235651,49.768359],[8.234507,49.768376],[8.233963,49.768384],[8.233851,49.768385],[8.233849,49.768421],[8.233756,49.769843],[8.233754,49.769915],[8.233752,49.769951],[8.23364,49.771686],[8.233637,49.771758],[8.233635,49.771794],[8.23353,49.773427],[8.233475,49.773472],[8.233487,49.773507],[8.23352,49.773603],[8.233532,49.773639],[8.234402,49.77351],[8.235235,49.775868],[8.235042,49.775884],[8.235048,49.77592],[8.235055,49.77596],[8.235031,49.775961],[8.234528,49.775978],[8.23416,49.775947],[8.233952,49.77593],[8.233401,49.775934],[8.233332,49.776481],[8.233346,49.776515],[8.233097,49.776558],[8.233095,49.776624],[8.233093,49.776679],[8.233089,49.776752],[8.233036,49.778205],[8.233034,49.778243],[8.233016,49.77874],[8.233012,49.778821],[8.233009,49.778894],[8.233001,49.779093],[8.232993,49.77931],[8.232994,49.779498],[8.232995,49.77958],[8.232998,49.77987],[8.232998,49.779896],[8.232998,49.779939],[8.232999,49.780005],[8.232997,49.780185],[8.232995,49.780354],[8.232994,49.780413],[8.232988,49.780972],[8.232986,49.781153],[8.232985,49.781214],[8.232982,49.78147],[8.232979,49.781663],[8.232976,49.78186],[8.232972,49.782241],[8.232971,49.782265],[8.232967,49.782552],[8.232961,49.783013],[8.232961,49.783049],[8.23296,49.783122],[8.232953,49.783638],[8.233058,49.784666],[8.233126,49.78532],[8.23313,49.78537],[8.233153,49.785429],[8.233199,49.785549],[8.233267,49.785728],[8.233325,49.785879],[8.233329,49.785949],[8.233081,49.786848],[8.23301,49.786937],[8.233064,49.786948],[8.233038,49.787075],[8.23302,49.787165],[8.233016,49.787191],[8.232906,49.787916],[8.232894,49.788013],[8.232893,49.788023],[8.232869,49.788225],[8.232847,49.788411],[8.232842,49.788487],[8.232822,49.788787],[8.232812,49.788928],[8.23281,49.788946],[8.233807,49.788804],[8.234222,49.788754],[8.234573,49.788712],[8.234802,49.788685],[8.235693,49.788653],[8.236565,49.788694],[8.237453,49.788682],[8.237509,49.788682],[8.238362,49.788677],[8.238515,49.788687],[8.238584,49.788692],[8.238801,49.788707],[8.239226,49.788736],[8.239568,49.788761],[8.239637,49.788766],[8.23976,49.788776],[8.239965,49.788791],[8.240183,49.788806],[8.24021,49.788661],[8.240371,49.788667],[8.240643,49.788676],[8.240888,49.788684],[8.241033,49.788689],[8.241102,49.788692],[8.241097,49.788647],[8.241071,49.788337],[8.241069,49.788322],[8.241124,49.788311],[8.242165,49.788098],[8.243076,49.78789],[8.243278,49.787844],[8.243421,49.787812],[8.243473,49.787799],[8.243629,49.787762],[8.24423,49.787619],[8.244758,49.787529],[8.245441,49.787517],[8.246124,49.787549],[8.246607,49.787619],[8.24672,49.787637],[8.247101,49.787693],[8.248192,49.787867],[8.248258,49.787881],[8.248974,49.788036],[8.249724,49.788201],[8.250288,49.788315],[8.25076,49.788431],[8.250872,49.788453],[8.250883,49.788455],[8.250962,49.788564],[8.251272,49.788995],[8.251423,49.789056],[8.252412,49.789214],[8.252413,49.789214],[8.253073,49.789319],[8.253149,49.789331],[8.25322,49.789343],[8.253402,49.789372],[8.253947,49.789459],[8.254105,49.789484],[8.254442,49.789538],[8.254687,49.789581],[8.255012,49.789629],[8.255081,49.78964],[8.255135,49.789648],[8.2557,49.789739],[8.255943,49.789778],[8.256345,49.789842],[8.256413,49.789853],[8.256887,49.789928]]]},"$schema":null,"$context":null},{"type":"Feature","properties":{"gml_id":"gemeinde_rlp.36","gid":36,"datum":"16.07.26","region":"Rheinland-Pfalz","gmdesch":140125,"gemeinde":"Rheinb\u00f6llen","vgnr":14008,"vbgmde":"Simmern-Rheinb\u00f6llen","vgname":"Simmern-Rheinb\u00f6llen (14008)","kreissch":140,"ldkreis":"Rhein-Hunsr\u00fcck-Kreis","amtsgrcht":"Simmern\/Hunsr\u00fcck","finanzamt":"Simmern-Zell","kanr":5750,"katamt":"Osteifel-Hunsr\u00fcck","katurl":"https:\/\/vermka-osteifel-hunsrueck.rlp.de","guta":720,"gutaurl":"https:\/\/gutachterausschuesse.rlp.de\/service\/gutachterausschuesse-fuer-grundstueckswerte\/","ags":714008125,"gemtyp":"Gemeinde","kreistyp":"Landkreis"},"bbox":[7.633408,49.970307,7.705797,50.03195],"geometry":{"type":"Polygon","coordinates":[[[7.638979,50.00098],[7.638481,50.001145],[7.638375,50.00118],[7.638109,50.001269],[7.637828,50.001317],[7.6372,50.001426],[7.636819,50.001494],[7.636134,50.001646],[7.635157,50.00195],[7.634915,50.002025],[7.634858,50.002043],[7.634654,50.002106],[7.634347,50.002201],[7.634247,50.002294],[7.634045,50.002483],[7.63399,50.002535],[7.633864,50.002652],[7.633692,50.002813],[7.63345,50.00304],[7.633408,50.003079],[7.633511,50.003322],[7.633594,50.003517],[7.633642,50.00363],[7.633684,50.00373],[7.633788,50.003974],[7.633859,50.00404],[7.633891,50.00407],[7.634041,50.00421],[7.634243,50.004398],[7.634351,50.004499],[7.63446,50.0046],[7.634483,50.004621],[7.634523,50.004659],[7.634572,50.004705],[7.634602,50.004732],[7.635079,50.005177],[7.635258,50.005302],[7.635428,50.005422],[7.635452,50.005438],[7.635635,50.005566],[7.635742,50.005641],[7.63581,50.00574],[7.635837,50.00578],[7.635929,50.005914],[7.636043,50.00608],[7.636049,50.006089],[7.636157,50.006246],[7.636289,50.00644],[7.63642,50.006631],[7.636503,50.006753],[7.636583,50.007449],[7.636598,50.00779],[7.636604,50.007936],[7.636639,50.008784],[7.636566,50.00962],[7.636789,50.010353],[7.637001,50.011032],[7.63702,50.011096],[7.637177,50.011601],[7.637414,50.012684],[7.637583,50.013932],[7.63752,50.015191],[7.637517,50.015258],[7.637503,50.016326],[7.637523,50.017318],[7.637377,50.018039],[7.637096,50.018919],[7.637623,50.019668],[7.638308,50.020532],[7.638597,50.021033],[7.638657,50.021605],[7.638613,50.022545],[7.638397,50.023072],[7.63851,50.023568],[7.638422,50.024002],[7.638696,50.024514],[7.639135,50.024877],[7.639775,50.025227],[7.640212,50.025466],[7.640294,50.02551],[7.641398,50.026155],[7.641423,50.02617],[7.641515,50.026224],[7.641534,50.026235],[7.643038,50.027091],[7.643081,50.027115],[7.644704,50.028032],[7.648563,50.029274],[7.651541,50.029875],[7.654453,50.030463],[7.655398,50.030679],[7.656476,50.030929],[7.656933,50.031033],[7.657033,50.031059],[7.659432,50.031609],[7.661131,50.031711],[7.661201,50.031715],[7.662212,50.031775],[7.663011,50.031824],[7.663081,50.031828],[7.663548,50.031858],[7.663749,50.031869],[7.663791,50.031872],[7.663832,50.031874],[7.663963,50.031888],[7.664814,50.03195],[7.66482,50.030436],[7.666239,50.029178],[7.66627,50.029137],[7.666254,50.029132],[7.666607,50.028662],[7.666619,50.028626],[7.66674,50.028441],[7.666909,50.028472],[7.666987,50.028399],[7.667153,50.02835],[7.667298,50.02825],[7.667638,50.028095],[7.6679,50.027954],[7.667833,50.027935],[7.667789,50.02787],[7.668018,50.027789],[7.668214,50.027669],[7.668171,50.027657],[7.668162,50.02761],[7.668237,50.02754],[7.668321,50.027495],[7.66834,50.027436],[7.668692,50.027196],[7.668791,50.026936],[7.66882,50.026796],[7.668798,50.026689],[7.668773,50.026656],[7.668646,50.025661],[7.66862,50.025623],[7.668578,50.025513],[7.668571,50.025494],[7.668555,50.025431],[7.668554,50.02529],[7.668755,50.024989],[7.669334,50.024093],[7.669427,50.023998],[7.669545,50.023898],[7.669696,50.023798],[7.671784,50.022424],[7.672003,50.022189],[7.672352,50.021698],[7.672431,50.021611],[7.672534,50.021523],[7.673375,50.020936],[7.673438,50.020907],[7.673558,50.02085],[7.673585,50.020838],[7.674816,50.020119],[7.67497,50.019991],[7.675106,50.019821],[7.675411,50.019389],[7.675609,50.01921],[7.675531,50.019198],[7.675546,50.019174],[7.675557,50.018997],[7.675286,50.018483],[7.675333,50.018495],[7.675323,50.018474],[7.675428,50.018494],[7.675523,50.018503],[7.676598,50.018561],[7.676657,50.018565],[7.677388,50.018605],[7.677458,50.01859],[7.677539,50.018578],[7.677649,50.018619],[7.677724,50.018637],[7.678902,50.018877],[7.679104,50.018918],[7.679653,50.018846],[7.681028,50.019131],[7.681082,50.019068],[7.68123,50.018895],[7.681356,50.018637],[7.681423,50.018372],[7.681434,50.018192],[7.681394,50.018013],[7.681776,50.017797],[7.681798,50.017763],[7.681875,50.017629],[7.682265,50.016956],[7.682421,50.01661],[7.682506,50.016257],[7.682533,50.015987],[7.682523,50.015691],[7.682381,50.01505],[7.682358,50.013931],[7.682036,50.013542],[7.682088,50.013187],[7.682096,50.012917],[7.682055,50.01256],[7.681982,50.012295],[7.681968,50.012251],[7.681827,50.011835],[7.68089,50.011805],[7.680902,50.011689],[7.680921,50.011539],[7.680969,50.011459],[7.680485,50.010354],[7.680415,50.010267],[7.680384,50.01023],[7.680337,50.009306],[7.680334,50.009262],[7.680323,50.008988],[7.680063,50.008667],[7.680063,50.008515],[7.680054,50.007607],[7.679753,50.005514],[7.679839,50.005064],[7.680034,50.004646],[7.679693,50.003828],[7.679773,50.003754],[7.679866,50.003579],[7.680079,50.003058],[7.680163,50.002914],[7.68081,50.002098],[7.681089,50.001784],[7.681153,50.001704],[7.681203,50.00162],[7.68124,50.001532],[7.681329,50.001305],[7.681427,50.001156],[7.681835,50.000684],[7.682101,50.000316],[7.682198,50.0001],[7.68225,50.000058],[7.682311,49.999968],[7.68291,49.999408],[7.683155,49.999027],[7.683174,49.998834],[7.685097,49.99739],[7.685076,49.997299],[7.685102,49.997229],[7.685227,49.997129],[7.685358,49.997002],[7.685676,49.996787],[7.685819,49.996687],[7.686497,49.996229],[7.686653,49.996088],[7.687269,49.995347],[7.687418,49.995195],[7.687665,49.994977],[7.687777,49.994914],[7.688182,49.994745],[7.688435,49.994662],[7.690593,49.99422],[7.690853,49.994159],[7.691603,49.993959],[7.692059,49.993809],[7.692394,49.993653],[7.692466,49.993239],[7.692856,49.992885],[7.693539,49.992811],[7.69393,49.99257],[7.69433,49.992018],[7.694191,49.991611],[7.693982,49.991253],[7.693915,49.990954],[7.693596,49.990549],[7.693662,49.990545],[7.693793,49.990538],[7.693846,49.990528],[7.693887,49.990521],[7.694103,49.990704],[7.694666,49.991136],[7.694696,49.99112],[7.694696,49.9911],[7.694692,49.990929],[7.694627,49.990718],[7.694437,49.990358],[7.694442,49.99031],[7.694881,49.989899],[7.695206,49.989545],[7.695461,49.989323],[7.695563,49.989139],[7.695788,49.988931],[7.695845,49.98871],[7.695959,49.988615],[7.696439,49.988341],[7.696505,49.98827],[7.697013,49.9882],[7.697136,49.987983],[7.697364,49.987806],[7.697439,49.987677],[7.697758,49.987516],[7.697804,49.987456],[7.698154,49.987271],[7.698233,49.987294],[7.698416,49.987409],[7.69855,49.987467],[7.69873,49.98749],[7.698835,49.98745],[7.698872,49.987185],[7.699049,49.986913],[7.699168,49.986777],[7.699836,49.986548],[7.699977,49.986445],[7.700152,49.986407],[7.700422,49.986309],[7.701056,49.985795],[7.701439,49.985449],[7.701704,49.98519],[7.701768,49.985086],[7.701945,49.984734],[7.701982,49.984386],[7.701915,49.984353],[7.701881,49.984338],[7.70191,49.984283],[7.702139,49.983748],[7.702106,49.983456],[7.702102,49.983055],[7.70227,49.982232],[7.703841,49.98138],[7.704218,49.98118],[7.705061,49.980576],[7.705747,49.979858],[7.705797,49.979663],[7.705695,49.9793],[7.70564,49.979307],[7.705224,49.979492],[7.704979,49.979527],[7.704926,49.979534],[7.70478,49.979555],[7.704506,49.979596],[7.704371,49.979664],[7.704045,49.979731],[7.703892,49.979761],[7.703313,49.97982],[7.702579,49.979784],[7.702465,49.979737],[7.702165,49.979574],[7.701776,49.97952],[7.70129,49.979378],[7.701054,49.979348],[7.700677,49.979325],[7.700448,49.979294],[7.699795,49.97915],[7.699226,49.978956],[7.69916,49.978933],[7.698866,49.978832],[7.698657,49.978861],[7.698223,49.978854],[7.698065,49.978798],[7.695566,49.978934],[7.695398,49.978918],[7.694713,49.978844],[7.694592,49.9788],[7.692913,49.978568],[7.692283,49.97851],[7.692222,49.978505],[7.692111,49.978262],[7.691293,49.978235],[7.690853,49.97822],[7.689705,49.978017],[7.689389,49.977961],[7.686579,49.977659],[7.684902,49.977248],[7.684856,49.977246],[7.682267,49.977122],[7.680153,49.976161],[7.679075,49.975835],[7.677869,49.97547],[7.676532,49.974597],[7.675236,49.973875],[7.675213,49.973845],[7.67506,49.973651],[7.674542,49.972995],[7.672618,49.971393],[7.671337,49.970716],[7.670279,49.970307],[7.669536,49.970873],[7.669349,49.971027],[7.668088,49.971848],[7.666972,49.972522],[7.666348,49.972927],[7.665392,49.973633],[7.663815,49.975256],[7.662946,49.976152],[7.662906,49.976193],[7.66294,49.977241],[7.663133,49.979036],[7.663647,49.980081],[7.664479,49.98119],[7.664605,49.981358],[7.665082,49.982001],[7.666777,49.982872],[7.666909,49.983659],[7.667065,49.984669],[7.667166,49.985468],[7.665424,49.986614],[7.664206,49.987516],[7.663947,49.987708],[7.663934,49.987717],[7.663825,49.987797],[7.663788,49.987824],[7.6637,49.987888],[7.662524,49.989429],[7.662452,49.989524],[7.662283,49.989745],[7.662043,49.990182],[7.66198,49.990298],[7.661951,49.990348],[7.661903,49.990398],[7.661871,49.990431],[7.661245,49.991083],[7.660904,49.991372],[7.660879,49.991394],[7.660796,49.991464],[7.660593,49.991637],[7.660489,49.991726],[7.660391,49.991809],[7.660046,49.992103],[7.659622,49.992464],[7.659517,49.992554],[7.65917,49.99285],[7.659156,49.992861],[7.658771,49.993356],[7.658618,49.993553],[7.658271,49.993999],[7.658195,49.994095],[7.658125,49.994184],[7.658112,49.994202],[7.65798,49.994289],[7.657976,49.994291],[7.657956,49.994383],[7.65792,49.994544],[7.657887,49.994631],[7.65781,49.994833],[7.657771,49.994899],[7.657576,49.995104],[7.65756,49.995141],[7.657518,49.995239],[7.657404,49.995502],[7.657366,49.995466],[7.657331,49.995432],[7.657355,49.995522],[7.657411,49.995733],[7.657324,49.995668],[7.65723,49.995598],[7.657194,49.995572],[7.657198,49.995617],[7.657202,49.995663],[7.657154,49.995721],[7.65693,49.995811],[7.656608,49.995941],[7.656587,49.995937],[7.656319,49.995879],[7.65584,49.995754],[7.655812,49.995747],[7.655775,49.995776],[7.655034,49.995425],[7.654225,49.995119],[7.654244,49.994859],[7.654244,49.994848],[7.652719,49.994587],[7.652535,49.994553],[7.652355,49.994525],[7.652068,49.994449],[7.651617,49.994326],[7.651326,49.99425],[7.651158,49.994216],[7.650917,49.994178],[7.650808,49.994159],[7.650813,49.994169],[7.650814,49.994171],[7.650674,49.994148],[7.650574,49.994132],[7.650559,49.99413],[7.650492,49.994167],[7.650459,49.994191],[7.650403,49.994252],[7.650301,49.994376],[7.649961,49.99478],[7.649192,49.9957],[7.648691,49.996204],[7.6486,49.996279],[7.647966,49.996722],[7.647855,49.996786],[7.647718,49.99683],[7.646837,49.997048],[7.646797,49.997058],[7.646626,49.99711],[7.646517,49.997155],[7.646052,49.997395],[7.645963,49.99744],[7.645879,49.997483],[7.644497,49.998052],[7.643416,49.998497],[7.641931,49.999224],[7.641805,49.999274],[7.641674,49.999314],[7.640663,49.999544],[7.640551,49.999546],[7.640551,49.999555],[7.640509,50.000155],[7.640453,50.000201],[7.639036,50.00045],[7.638619,50.000579],[7.638979,50.00098]]]},"$schema":null,"$context":null},{"type":"Feature","properties":{"gml_id":"gemeinde_rlp.37","gid":37,"datum":"16.07.26","region":"Rheinland-Pfalz","gmdesch":235118,"gemeinde":"Saarburg","vgnr":23508,"vbgmde":"Saarburg-Kell","vgname":"Saarburg-Kell (23508)","kreissch":235,"ldkreis":"Trier-Saarburg","amtsgrcht":"Saarburg","finanzamt":"Trier","kanr":8750,"katamt":"Westeifel-Mosel","katurl":"https:\/\/vermka-westeifel-mosel.rlp.de","guta":780,"gutaurl":"https:\/\/gutachterausschuesse.rlp.de\/service\/gutachterausschuesse-fuer-grundstueckswerte\/","ags":723508118,"gemtyp":"Gemeinde","kreistyp":"Landkreis"},"bbox":[6.484473,49.581904,6.622449,49.628484],"geometry":{"type":"Polygon","coordinates":[[[6.50952,49.606565],[6.509613,49.60665],[6.51002,49.607024],[6.510192,49.607287],[6.510592,49.607699],[6.510859,49.607976],[6.511315,49.60829],[6.513302,49.609309],[6.512863,49.610161],[6.512567,49.610817],[6.513515,49.611024],[6.514655,49.611279],[6.514645,49.611296],[6.514412,49.611702],[6.513762,49.612751],[6.514718,49.613153],[6.516094,49.613384],[6.517338,49.613601],[6.518588,49.61382],[6.519434,49.614431],[6.520761,49.6154],[6.521881,49.616151],[6.523001,49.616881],[6.523062,49.616925],[6.522412,49.617471],[6.521241,49.618472],[6.520826,49.618793],[6.520626,49.618952],[6.520577,49.61899],[6.522402,49.619948],[6.522332,49.620008],[6.521468,49.62076],[6.521434,49.620789],[6.521401,49.620819],[6.520809,49.621336],[6.521029,49.621557],[6.520743,49.621864],[6.521742,49.622473],[6.522557,49.62337],[6.522843,49.623686],[6.523122,49.624007],[6.523684,49.624632],[6.524195,49.625046],[6.524389,49.62541],[6.524843,49.625801],[6.524893,49.625844],[6.525011,49.625945],[6.525633,49.626474],[6.526247,49.627002],[6.527234,49.627729],[6.52777,49.627993],[6.528137,49.628165],[6.528177,49.628184],[6.528523,49.628346],[6.528785,49.62847],[6.528855,49.628484],[6.528877,49.62845],[6.529041,49.62822],[6.529262,49.627969],[6.529299,49.627944],[6.52943,49.627858],[6.529577,49.627761],[6.529721,49.627707],[6.53018,49.627599],[6.530325,49.62758],[6.530425,49.627573],[6.530466,49.627571],[6.530493,49.627583],[6.53056,49.627614],[6.530642,49.627604],[6.530788,49.627586],[6.53116,49.627595],[6.531589,49.627582],[6.532125,49.627497],[6.532248,49.627392],[6.532368,49.627341],[6.532736,49.627145],[6.53287,49.627066],[6.532971,49.626986],[6.533043,49.626919],[6.533145,49.62681],[6.533258,49.626652],[6.533364,49.626507],[6.533432,49.62637],[6.533473,49.626279],[6.53348,49.626177],[6.533734,49.62613],[6.533759,49.626125],[6.533824,49.626114],[6.534247,49.626035],[6.535371,49.625827],[6.535403,49.625821],[6.535482,49.625805],[6.538197,49.625273],[6.538242,49.625253],[6.538645,49.625076],[6.539355,49.624767],[6.539507,49.624673],[6.539618,49.624616],[6.540698,49.624049],[6.540732,49.62399],[6.541023,49.623483],[6.541079,49.623384],[6.541154,49.623252],[6.541189,49.623192],[6.541263,49.623064],[6.541334,49.622939],[6.541417,49.622794],[6.541482,49.622681],[6.541524,49.622608],[6.541577,49.622515],[6.541873,49.621998],[6.541932,49.622011],[6.544682,49.622602],[6.545343,49.621813],[6.545464,49.621857],[6.546679,49.622296],[6.547362,49.622543],[6.548947,49.621476],[6.549383,49.621745],[6.5497,49.62194],[6.549945,49.622092],[6.551332,49.622054],[6.553682,49.622363],[6.555389,49.621831],[6.555711,49.622001],[6.556304,49.622314],[6.556826,49.622591],[6.556971,49.622668],[6.557129,49.622751],[6.557339,49.622862],[6.558591,49.622354],[6.558779,49.622405],[6.558802,49.622411],[6.558889,49.622435],[6.558915,49.622441],[6.559456,49.622588],[6.560511,49.622873],[6.560857,49.622764],[6.560885,49.622755],[6.560993,49.622721],[6.561994,49.6224],[6.562049,49.622382],[6.562517,49.622031],[6.562651,49.621928],[6.5633,49.62144],[6.563378,49.621387],[6.563447,49.621341],[6.563456,49.621334],[6.563617,49.621225],[6.563633,49.621215],[6.564169,49.620852],[6.564513,49.621039],[6.56506,49.621314],[6.565829,49.62162],[6.566258,49.621762],[6.566888,49.621948],[6.567101,49.622006],[6.568851,49.622467],[6.568991,49.622289],[6.569055,49.622208],[6.569065,49.622196],[6.569138,49.622102],[6.569314,49.621878],[6.569002,49.621775],[6.568987,49.62177],[6.568909,49.621744],[6.568826,49.621714],[6.568806,49.621707],[6.568582,49.621626],[6.568541,49.621611],[6.568548,49.621604],[6.568583,49.621569],[6.568643,49.621509],[6.568655,49.621497],[6.568676,49.621476],[6.568697,49.621455],[6.568778,49.62137],[6.568829,49.621318],[6.568863,49.621283],[6.568889,49.621254],[6.568837,49.621194],[6.568738,49.621085],[6.568684,49.620902],[6.568631,49.620739],[6.568571,49.620529],[6.568538,49.620421],[6.568459,49.620243],[6.56842,49.620155],[6.568358,49.619974],[6.568289,49.619868],[6.568243,49.619798],[6.568175,49.619693],[6.568126,49.619618],[6.568115,49.619514],[6.568121,49.619359],[6.568108,49.619297],[6.568097,49.618973],[6.568102,49.618881],[6.568109,49.618788],[6.568106,49.618784],[6.568135,49.618715],[6.568352,49.618569],[6.568402,49.618535],[6.568425,49.618519],[6.568441,49.618508],[6.568571,49.61842],[6.568754,49.618296],[6.569348,49.618533],[6.569425,49.618522],[6.569521,49.61851],[6.569784,49.618505],[6.569829,49.618503],[6.570027,49.618494],[6.570583,49.618503],[6.570954,49.61851],[6.57109,49.618512],[6.571388,49.618519],[6.571409,49.618519],[6.57155,49.618521],[6.572105,49.618486],[6.572253,49.618483],[6.572503,49.618477],[6.572847,49.618469],[6.572927,49.618405],[6.572955,49.618382],[6.573044,49.618332],[6.573053,49.618324],[6.57312,49.618262],[6.573237,49.618185],[6.573298,49.618144],[6.573355,49.618107],[6.573419,49.618064],[6.57348,49.618024],[6.573583,49.617946],[6.573658,49.61789],[6.573766,49.617795],[6.573815,49.617752],[6.573844,49.617724],[6.573915,49.617653],[6.573955,49.617614],[6.573981,49.617588],[6.574009,49.617552],[6.574049,49.6175],[6.574188,49.61732],[6.574203,49.617306],[6.574323,49.617201],[6.574352,49.617176],[6.574402,49.617147],[6.574559,49.617058],[6.574704,49.616987],[6.573707,49.616249],[6.57371,49.616245],[6.573666,49.616211],[6.573267,49.615919],[6.573227,49.615889],[6.573206,49.615874],[6.573196,49.615866],[6.573412,49.615561],[6.573768,49.615221],[6.573779,49.615221],[6.573823,49.615223],[6.574045,49.615082],[6.574163,49.615025],[6.574194,49.615001],[6.574269,49.614945],[6.574469,49.614833],[6.574726,49.61473],[6.57487,49.614658],[6.574994,49.614597],[6.575106,49.61452],[6.575372,49.614445],[6.57549,49.614434],[6.575713,49.614411],[6.575966,49.614309],[6.575894,49.614245],[6.575806,49.614167],[6.575722,49.614092],[6.575713,49.614083],[6.575702,49.614073],[6.575698,49.614069],[6.575605,49.613985],[6.575597,49.613929],[6.575591,49.613887],[6.575577,49.613788],[6.575837,49.613835],[6.576093,49.61381],[6.57655,49.613669],[6.576627,49.613646],[6.576656,49.613637],[6.57669,49.613626],[6.576785,49.613597],[6.576822,49.613586],[6.576915,49.613512],[6.576956,49.613479],[6.577008,49.613459],[6.577122,49.613416],[6.577187,49.613392],[6.577376,49.613321],[6.577424,49.613303],[6.577499,49.613289],[6.577637,49.613262],[6.57771,49.613247],[6.577879,49.613214],[6.577922,49.613206],[6.577941,49.613202],[6.577962,49.613198],[6.577961,49.613164],[6.577984,49.61314],[6.578023,49.613102],[6.578256,49.613089],[6.578371,49.613049],[6.578495,49.612957],[6.578739,49.612939],[6.578826,49.612933],[6.578835,49.612932],[6.579081,49.612958],[6.579144,49.612934],[6.579244,49.612895],[6.579333,49.612861],[6.579705,49.612718],[6.579854,49.612661],[6.579845,49.612654],[6.579958,49.612602],[6.579981,49.612592],[6.579982,49.612583],[6.580005,49.612435],[6.580015,49.612367],[6.580038,49.612216],[6.580058,49.612083],[6.58008,49.611932],[6.580091,49.611859],[6.580207,49.61167],[6.580246,49.611605],[6.580284,49.611543],[6.580324,49.611478],[6.580353,49.611431],[6.580439,49.611358],[6.580584,49.611237],[6.580632,49.611196],[6.580697,49.611141],[6.580715,49.611126],[6.580766,49.611048],[6.580807,49.610986],[6.580811,49.61098],[6.58081,49.610962],[6.580805,49.610868],[6.580796,49.610709],[6.580792,49.610615],[6.580804,49.610563],[6.58084,49.610416],[6.58085,49.610374],[6.580864,49.61032],[6.580878,49.610258],[6.580891,49.610207],[6.580908,49.610135],[6.580945,49.609986],[6.580952,49.609956],[6.580915,49.609855],[6.580951,49.609747],[6.580971,49.609686],[6.58101,49.60957],[6.58105,49.60945],[6.581071,49.609387],[6.581093,49.609324],[6.581137,49.60919],[6.581169,49.609095],[6.581222,49.608937],[6.581253,49.608845],[6.581282,49.608759],[6.581288,49.608739],[6.581301,49.608699],[6.581319,49.608645],[6.581323,49.608633],[6.581365,49.60851],[6.58138,49.608462],[6.581393,49.608426],[6.581414,49.608362],[6.58142,49.608345],[6.581357,49.608233],[6.581317,49.608161],[6.581295,49.608123],[6.581283,49.608101],[6.581255,49.608055],[6.581108,49.607798],[6.580916,49.607467],[6.580796,49.60726],[6.580768,49.607114],[6.580745,49.606997],[6.580722,49.606877],[6.580697,49.606747],[6.580641,49.606458],[6.580638,49.606442],[6.58062,49.606402],[6.580579,49.606316],[6.580558,49.606273],[6.580496,49.606142],[6.580401,49.605941],[6.580372,49.60588],[6.580317,49.605763],[6.5802,49.605517],[6.580162,49.605436],[6.580088,49.60528],[6.580067,49.605236],[6.580009,49.605117],[6.579964,49.605025],[6.579925,49.604944],[6.579841,49.604771],[6.579814,49.604716],[6.579812,49.604674],[6.57981,49.604645],[6.58033,49.604569],[6.580794,49.604571],[6.581225,49.604634],[6.581607,49.604662],[6.581902,49.604653],[6.582161,49.604622],[6.582271,49.604609],[6.582623,49.604558],[6.582507,49.604147],[6.582743,49.604045],[6.582898,49.603948],[6.583106,49.60397],[6.583196,49.603932],[6.58341,49.603801],[6.583737,49.603672],[6.583864,49.603701],[6.583942,49.603667],[6.584326,49.603345],[6.584493,49.603205],[6.584591,49.602951],[6.584715,49.602627],[6.584749,49.602539],[6.584791,49.602478],[6.584901,49.602319],[6.585412,49.601584],[6.585429,49.601559],[6.585686,49.601466],[6.586041,49.601338],[6.586099,49.601309],[6.586161,49.601279],[6.586605,49.601046],[6.587191,49.600739],[6.587325,49.600669],[6.58753,49.600562],[6.588029,49.599945],[6.588225,49.599704],[6.588424,49.59958],[6.588616,49.599461],[6.588651,49.599439],[6.588956,49.599251],[6.58968,49.598289],[6.589811,49.59754],[6.5899,49.596726],[6.589978,49.595927],[6.589683,49.595283],[6.589659,49.595229],[6.588792,49.594681],[6.588858,49.594662],[6.589612,49.594445],[6.590315,49.594243],[6.590393,49.594221],[6.590364,49.59416],[6.590586,49.594008],[6.590622,49.593901],[6.590706,49.593654],[6.590859,49.593498],[6.591235,49.593275],[6.5914,49.593234],[6.59166,49.593169],[6.591852,49.593171],[6.592055,49.59311],[6.592262,49.593014],[6.592403,49.592982],[6.592473,49.592918],[6.59268,49.592937],[6.59302,49.592967],[6.593332,49.59293],[6.593785,49.592876],[6.59402,49.592766],[6.594307,49.592632],[6.594517,49.592576],[6.594493,49.592546],[6.594658,49.592422],[6.594852,49.592349],[6.594977,49.592302],[6.595122,49.592216],[6.595401,49.59205],[6.595453,49.59201],[6.595521,49.591957],[6.595655,49.591873],[6.595763,49.591806],[6.595841,49.591746],[6.596137,49.591517],[6.596517,49.591362],[6.596729,49.591232],[6.596975,49.591216],[6.597027,49.59122],[6.597157,49.591045],[6.597441,49.59086],[6.597587,49.590779],[6.597646,49.590746],[6.597873,49.590691],[6.598151,49.590637],[6.598464,49.59063],[6.598799,49.590626],[6.599409,49.590675],[6.599622,49.590736],[6.599992,49.590794],[6.600291,49.590883],[6.600537,49.590966],[6.600701,49.591021],[6.601092,49.591109],[6.601459,49.591155],[6.601481,49.591153],[6.601698,49.591136],[6.602128,49.59098],[6.60216,49.590877],[6.602182,49.590833],[6.602315,49.590704],[6.602677,49.590448],[6.60271,49.590432],[6.603069,49.590256],[6.603187,49.590267],[6.603818,49.590188],[6.603693,49.589874],[6.603868,49.589774],[6.604237,49.589659],[6.604414,49.589561],[6.604572,49.58951],[6.604821,49.589468],[6.605024,49.589463],[6.605313,49.589538],[6.605503,49.589563],[6.605536,49.589564],[6.605653,49.589547],[6.606158,49.58945],[6.606543,49.589397],[6.60711,49.589233],[6.607236,49.589227],[6.607424,49.589171],[6.607491,49.589195],[6.608157,49.588714],[6.608254,49.588668],[6.608803,49.588485],[6.609278,49.588537],[6.609992,49.58867],[6.610806,49.588786],[6.612182,49.588887],[6.612598,49.589375],[6.61262,49.589402],[6.61316,49.589483],[6.613956,49.589633],[6.614913,49.589765],[6.615629,49.589871],[6.615734,49.590043],[6.616924,49.590145],[6.617278,49.590141],[6.618117,49.590152],[6.618763,49.59018],[6.619413,49.590182],[6.620223,49.590133],[6.621012,49.590054],[6.622097,49.589621],[6.622038,49.589353],[6.622172,49.589049],[6.622252,49.588747],[6.622424,49.588392],[6.622449,49.588288],[6.622414,49.588084],[6.622369,49.587983],[6.622255,49.587693],[6.622234,49.587642],[6.621759,49.587713],[6.620954,49.587467],[6.619751,49.587089],[6.619089,49.586877],[6.618623,49.586826],[6.617838,49.586737],[6.617787,49.586731],[6.617157,49.587064],[6.616824,49.587277],[6.616321,49.587487],[6.616197,49.587444],[6.615972,49.587103],[6.615821,49.586559],[6.615751,49.586296],[6.615036,49.586379],[6.614711,49.586417],[6.61351,49.586564],[6.61331,49.586634],[6.611547,49.586993],[6.609239,49.586672],[6.607189,49.586259],[6.605288,49.586037],[6.603994,49.586081],[6.603319,49.586171],[6.602536,49.586502],[6.601851,49.586716],[6.601179,49.586932],[6.600608,49.587173],[6.599399,49.587038],[6.599303,49.587027],[6.598511,49.586929],[6.59732,49.586968],[6.596674,49.587105],[6.595877,49.587272],[6.594855,49.587487],[6.593705,49.587728],[6.59352,49.587852],[6.593107,49.588221],[6.59307,49.588253],[6.592733,49.588635],[6.592349,49.588859],[6.592002,49.589059],[6.590948,49.58928],[6.589634,49.589553],[6.58893,49.589698],[6.588128,49.589865],[6.58667,49.590095],[6.585536,49.59028],[6.585443,49.590304],[6.586291,49.590936],[6.586625,49.591185],[6.586303,49.591182],[6.585695,49.591177],[6.585685,49.591292],[6.585509,49.591316],[6.585347,49.591339],[6.584921,49.591385],[6.584588,49.591378],[6.584155,49.591333],[6.583866,49.59131],[6.583695,49.591256],[6.583616,49.59126],[6.583366,49.591274],[6.583131,49.591267],[6.582628,49.591245],[6.582198,49.59123],[6.581846,49.591365],[6.581426,49.59143],[6.58117,49.59144],[6.58078,49.591362],[6.580383,49.591263],[6.579984,49.591148],[6.579751,49.591105],[6.579481,49.591093],[6.579382,49.591074],[6.579101,49.591095],[6.578911,49.591084],[6.578698,49.591137],[6.578485,49.5911],[6.578429,49.591135],[6.578213,49.591131],[6.578119,49.591088],[6.577905,49.591059],[6.577775,49.591104],[6.577577,49.591112],[6.577294,49.591084],[6.577099,49.591109],[6.576814,49.591165],[6.576423,49.591173],[6.576212,49.591195],[6.575977,49.591285],[6.575798,49.591331],[6.575617,49.591414],[6.575441,49.591444],[6.575262,49.591511],[6.575109,49.591558],[6.575038,49.591569],[6.574852,49.591666],[6.574562,49.591765],[6.574414,49.591814],[6.574254,49.59188],[6.574159,49.59188],[6.574031,49.591869],[6.572486,49.592273],[6.572336,49.592374],[6.572325,49.59243],[6.572242,49.592479],[6.57203,49.59263],[6.572016,49.592682],[6.571922,49.592784],[6.571834,49.592794],[6.571688,49.592866],[6.57168,49.592918],[6.571602,49.593054],[6.571362,49.593066],[6.571335,49.593116],[6.571184,49.593179],[6.570935,49.593212],[6.570809,49.593338],[6.5666,49.592177],[6.565924,49.592095],[6.565628,49.592059],[6.565533,49.591987],[6.565457,49.591929],[6.565192,49.591692],[6.565022,49.591538],[6.565507,49.591218],[6.565979,49.59089],[6.566421,49.590544],[6.566829,49.590181],[6.567201,49.589802],[6.567536,49.589409],[6.567833,49.589003],[6.56809,49.588586],[6.568306,49.588159],[6.568481,49.587724],[6.568614,49.587283],[6.568704,49.586837],[6.568751,49.586389],[6.568755,49.58594],[6.568716,49.585491],[6.568633,49.585045],[6.568508,49.584602],[6.568341,49.584166],[6.568132,49.583738],[6.567883,49.583319],[6.567696,49.583054],[6.56727,49.583118],[6.567172,49.583132],[6.567067,49.583148],[6.56704,49.583155],[6.566548,49.583014],[6.566333,49.582954],[6.566278,49.582938],[6.566146,49.582898],[6.56548,49.582696],[6.565422,49.582678],[6.564545,49.582397],[6.564521,49.582428],[6.564011,49.583162],[6.563986,49.583195],[6.562593,49.58273],[6.562245,49.582608],[6.561153,49.582207],[6.561069,49.582182],[6.561016,49.582166],[6.560263,49.581943],[6.559829,49.581904],[6.559176,49.581934],[6.558418,49.582241],[6.557117,49.582262],[6.556735,49.582273],[6.555971,49.582314],[6.555377,49.582433],[6.554833,49.582543],[6.554604,49.582589],[6.554571,49.582645],[6.554551,49.58268],[6.554151,49.583372],[6.55412,49.583427],[6.553924,49.583767],[6.554323,49.58385],[6.55474,49.5839],[6.55544,49.583946],[6.555473,49.583948],[6.555505,49.583965],[6.555793,49.584117],[6.555911,49.58418],[6.55599,49.584221],[6.556158,49.58442],[6.556613,49.585061],[6.55676,49.585366],[6.557068,49.586005],[6.557061,49.586137],[6.556913,49.586252],[6.556792,49.586303],[6.556651,49.586364],[6.556372,49.586506],[6.556038,49.586748],[6.55577,49.586965],[6.55549,49.587305],[6.555382,49.587394],[6.555206,49.587491],[6.554915,49.587575],[6.55452,49.587851],[6.552985,49.588923],[6.552951,49.588947],[6.552871,49.589002],[6.552904,49.589385],[6.552918,49.589555],[6.552969,49.590156],[6.552994,49.590417],[6.553,49.590517],[6.553292,49.591098],[6.553158,49.591416],[6.551594,49.591836],[6.551241,49.592321],[6.551217,49.592796],[6.550607,49.593164],[6.549862,49.593488],[6.54962,49.593594],[6.548785,49.594485],[6.547667,49.59524],[6.54736,49.595447],[6.546759,49.596697],[6.545591,49.596562],[6.54549,49.596551],[6.545055,49.596608],[6.544915,49.596626],[6.544879,49.596631],[6.54482,49.596639],[6.544794,49.596642],[6.544574,49.596671],[6.544232,49.596716],[6.543868,49.596764],[6.543688,49.596788],[6.543584,49.596802],[6.543486,49.596846],[6.542763,49.59717],[6.542666,49.597213],[6.542523,49.597278],[6.542293,49.59738],[6.542055,49.597487],[6.540559,49.597914],[6.540508,49.597929],[6.540326,49.597981],[6.540278,49.597994],[6.540255,49.598001],[6.540173,49.598024],[6.540103,49.598044],[6.540052,49.598059],[6.539053,49.598497],[6.538964,49.598528],[6.538803,49.598609],[6.538682,49.598654],[6.538548,49.598661],[6.538472,49.598637],[6.53808,49.598616],[6.537906,49.598623],[6.537666,49.598672],[6.537419,49.598667],[6.537293,49.598548],[6.537229,49.598488],[6.537099,49.598365],[6.536958,49.598288],[6.536751,49.598124],[6.536357,49.598066],[6.536022,49.59778],[6.535516,49.597395],[6.53524,49.597126],[6.535086,49.596934],[6.534971,49.596798],[6.534853,49.596666],[6.53453,49.596279],[6.534201,49.595875],[6.534124,49.595751],[6.53408,49.595634],[6.533984,49.595309],[6.533923,49.595135],[6.533889,49.595057],[6.533785,49.594811],[6.533746,49.594615],[6.533606,49.594613],[6.533551,49.594475],[6.533318,49.594192],[6.53304,49.594001],[6.533008,49.593978],[6.532678,49.593743],[6.532323,49.593437],[6.532151,49.593174],[6.532124,49.593128],[6.532033,49.592971],[6.532005,49.592941],[6.531948,49.592976],[6.531933,49.592985],[6.531896,49.593008],[6.531819,49.593054],[6.531714,49.593119],[6.531701,49.593127],[6.531581,49.5932],[6.531559,49.593214],[6.531478,49.593263],[6.53145,49.59328],[6.531408,49.593306],[6.531306,49.593368],[6.531207,49.593428],[6.531201,49.593432],[6.53119,49.593438],[6.531075,49.593456],[6.530967,49.593473],[6.530879,49.593487],[6.530856,49.59349],[6.530646,49.593523],[6.530414,49.593558],[6.530392,49.593562],[6.53037,49.593565],[6.530357,49.593567],[6.530276,49.59358],[6.53026,49.593582],[6.530188,49.593593],[6.530136,49.593601],[6.530022,49.593619],[6.530005,49.593622],[6.529887,49.59364],[6.52983,49.593649],[6.529756,49.59366],[6.529651,49.593677],[6.529611,49.593683],[6.52947,49.593704],[6.529295,49.593732],[6.529175,49.59375],[6.529124,49.593758],[6.529036,49.593772],[6.528929,49.593788],[6.528908,49.593792],[6.528777,49.593812],[6.528755,49.593815],[6.528647,49.593832],[6.528586,49.593841],[6.528558,49.593846],[6.528466,49.59386],[6.528415,49.593868],[6.528359,49.593876],[6.528327,49.593881],[6.52826,49.593892],[6.528159,49.593907],[6.528113,49.593914],[6.528001,49.593932],[6.527868,49.593708],[6.527634,49.593186],[6.527576,49.593055],[6.527384,49.592628],[6.5272,49.592192],[6.526898,49.591476],[6.523624,49.590666],[6.523594,49.590582],[6.523284,49.589726],[6.52325,49.589631],[6.52319,49.589553],[6.522643,49.588844],[6.518841,49.586218],[6.518435,49.586104],[6.518358,49.586082],[6.51834,49.586077],[6.517989,49.585978],[6.517889,49.58595],[6.516295,49.585861],[6.515198,49.58558],[6.514577,49.585421],[6.51409,49.585295],[6.513608,49.585196],[6.51354,49.585185],[6.513489,49.585278],[6.513171,49.585858],[6.513015,49.586142],[6.512971,49.586177],[6.51268,49.586408],[6.512583,49.586486],[6.512274,49.586731],[6.511998,49.586951],[6.511805,49.587165],[6.511733,49.587245],[6.51154,49.587459],[6.51145,49.587559],[6.511406,49.587607],[6.51145,49.587631],[6.511382,49.587774],[6.509996,49.587483],[6.509975,49.587524],[6.509982,49.587566],[6.510015,49.587606],[6.510097,49.587643],[6.509908,49.587604],[6.509945,49.587483],[6.509372,49.587249],[6.509124,49.587147],[6.509029,49.587104],[6.508898,49.587044],[6.508261,49.586753],[6.508088,49.586673],[6.507712,49.586501],[6.507671,49.586483],[6.507636,49.586461],[6.507453,49.58635],[6.5074,49.586317],[6.50729,49.58625],[6.507171,49.586177],[6.507085,49.586125],[6.506828,49.585968],[6.506748,49.585919],[6.506676,49.585875],[6.506607,49.585833],[6.506542,49.585793],[6.50615,49.585553],[6.505769,49.585799],[6.505456,49.585959],[6.504847,49.58627],[6.505141,49.586636],[6.505446,49.587675],[6.505326,49.58779],[6.505245,49.587869],[6.505167,49.587944],[6.504936,49.588168],[6.504792,49.588306],[6.504709,49.588386],[6.504595,49.588497],[6.504327,49.588756],[6.504029,49.589044],[6.504023,49.58905],[6.503972,49.589098],[6.503968,49.589102],[6.503909,49.589159],[6.503034,49.588719],[6.502136,49.588565],[6.502131,49.588564],[6.502007,49.588543],[6.501696,49.588522],[6.501631,49.588518],[6.501392,49.588502],[6.500477,49.588489],[6.499016,49.58845],[6.498111,49.588371],[6.497663,49.588417],[6.497435,49.588495],[6.49733,49.588531],[6.497087,49.588551],[6.496665,49.588547],[6.496247,49.588476],[6.496185,49.588465],[6.495977,49.588421],[6.495352,49.588287],[6.494614,49.588256],[6.494363,49.588185],[6.494111,49.588114],[6.494022,49.588057],[6.493893,49.587975],[6.493722,49.587935],[6.493704,49.587893],[6.493356,49.587801],[6.493093,49.587748],[6.492754,49.587687],[6.492473,49.587663],[6.492288,49.587655],[6.492162,49.58765],[6.492062,49.587649],[6.49155,49.587662],[6.490965,49.587658],[6.490807,49.587657],[6.490021,49.587678],[6.489814,49.587662],[6.489659,49.587639],[6.489454,49.587565],[6.489292,49.587458],[6.488575,49.586915],[6.488592,49.586861],[6.48855,49.586824],[6.486883,49.58536],[6.484671,49.586094],[6.484647,49.586142],[6.484566,49.586038],[6.484473,49.586091],[6.484776,49.586548],[6.484913,49.586755],[6.485084,49.58695],[6.485123,49.586995],[6.485723,49.58751],[6.48745,49.58899],[6.487761,49.589165],[6.489334,49.590017],[6.48965,49.590158],[6.490011,49.590289],[6.49041,49.590415],[6.490323,49.590502],[6.490339,49.590565],[6.492746,49.59252],[6.492781,49.592548],[6.493242,49.592923],[6.494027,49.593442],[6.495735,49.594571],[6.496277,49.594914],[6.496491,49.595049],[6.496579,49.595105],[6.496667,49.595161],[6.497293,49.595506],[6.499286,49.596533],[6.499776,49.596926],[6.500291,49.597523],[6.500328,49.597565],[6.500655,49.597943],[6.501289,49.598759],[6.501375,49.598746],[6.501573,49.598717],[6.501953,49.598971],[6.502109,49.599075],[6.502713,49.599602],[6.502632,49.599649],[6.502565,49.599712],[6.502479,49.599792],[6.502251,49.599977],[6.502028,49.600158],[6.501605,49.600562],[6.501681,49.600591],[6.503588,49.601366],[6.503613,49.601376],[6.503582,49.601403],[6.50304,49.601876],[6.502899,49.601999],[6.502875,49.602021],[6.502869,49.602026],[6.502748,49.602134],[6.502718,49.602161],[6.502696,49.602181],[6.502617,49.602251],[6.502992,49.602578],[6.503313,49.602901],[6.503688,49.603335],[6.504132,49.603747],[6.504359,49.603985],[6.504766,49.604488],[6.505188,49.605016],[6.50526,49.605186],[6.505306,49.605269],[6.505469,49.605456],[6.505498,49.60549],[6.505574,49.605578],[6.505643,49.605719],[6.505767,49.605972],[6.505932,49.606307],[6.506139,49.60673],[6.506159,49.606773],[6.50618,49.606815],[6.506215,49.606891],[6.506292,49.60701],[6.506394,49.607044],[6.506406,49.607042],[6.50699,49.606962],[6.507321,49.606901],[6.507884,49.606769],[6.508277,49.606683],[6.50862,49.606608],[6.50939,49.606448],[6.509407,49.606463],[6.509461,49.606511],[6.509469,49.606518],[6.50952,49.606565]]]},"$schema":null,"$context":null},{"type":"Feature","properties":{"gml_id":"gemeinde_rlp.38","gid":38,"datum":"16.07.26","region":"Rheinland-Pfalz","gmdesch":232217,"gemeinde":"Eilscheid","vgnr":23201,"vbgmde":"Arzfeld","vgname":"Arzfeld (23201)","kreissch":232,"ldkreis":"Eifelkreis Bitburg-Pr\u00fcm","amtsgrcht":"Pr\u00fcm","finanzamt":"Bitburg-Pr\u00fcm","kanr":8750,"katamt":"Westeifel-Mosel","katurl":"https:\/\/vermka-westeifel-mosel.rlp.de","guta":780,"gutaurl":"https:\/\/gutachterausschuesse.rlp.de\/service\/gutachterausschuesse-fuer-grundstueckswerte\/","ags":723201217,"gemtyp":"Gemeinde","kreistyp":"Landkreis"},"bbox":[6.375808,50.124244,6.406519,50.139563],"geometry":{"type":"Polygon","coordinates":[[[6.379281,50.124814],[6.379206,50.124829],[6.378959,50.124874],[6.378503,50.124941],[6.378313,50.124903],[6.378151,50.124984],[6.377826,50.124993],[6.377814,50.125016],[6.377842,50.125049],[6.377716,50.125107],[6.377542,50.125152],[6.377479,50.125169],[6.377189,50.125118],[6.376963,50.12514],[6.376901,50.125148],[6.376839,50.125166],[6.376818,50.12516],[6.376755,50.125102],[6.37664,50.125053],[6.376534,50.125],[6.376489,50.124915],[6.376445,50.124894],[6.376408,50.124876],[6.376354,50.124881],[6.376331,50.124887],[6.376268,50.124902],[6.376185,50.12489],[6.376105,50.124849],[6.37603,50.124851],[6.376038,50.124881],[6.376039,50.124884],[6.376131,50.125219],[6.37619,50.125402],[6.376218,50.125569],[6.376234,50.125742],[6.376351,50.125732],[6.376356,50.12578],[6.376331,50.125822],[6.376329,50.125884],[6.376319,50.125948],[6.376319,50.125953],[6.376313,50.126018],[6.376322,50.126054],[6.376343,50.12609],[6.376368,50.126207],[6.376371,50.126259],[6.376371,50.126296],[6.376362,50.126392],[6.376362,50.126466],[6.376403,50.12653],[6.376468,50.126569],[6.376462,50.12661],[6.376459,50.126673],[6.376475,50.126703],[6.376507,50.12682],[6.376613,50.126953],[6.376741,50.127104],[6.376772,50.127172],[6.376771,50.127212],[6.376822,50.127275],[6.376875,50.127436],[6.376885,50.127487],[6.376885,50.127564],[6.376919,50.127635],[6.376929,50.127656],[6.376953,50.127705],[6.377017,50.127761],[6.377055,50.127819],[6.377074,50.127852],[6.37716,50.128018],[6.377149,50.128071],[6.377162,50.128167],[6.377171,50.128227],[6.377148,50.128314],[6.377141,50.12835],[6.377199,50.12842],[6.377177,50.128512],[6.377064,50.128443],[6.376983,50.128455],[6.377013,50.12858],[6.376829,50.128775],[6.376768,50.128815],[6.376598,50.128928],[6.376669,50.128941],[6.376345,50.12905],[6.37638,50.129058],[6.376466,50.129272],[6.376456,50.129526],[6.376438,50.129578],[6.376376,50.129662],[6.375808,50.130179],[6.375813,50.130265],[6.375865,50.130343],[6.375933,50.130407],[6.376003,50.130441],[6.376642,50.130539],[6.376726,50.130429],[6.376852,50.130354],[6.37729,50.130373],[6.377402,50.130378],[6.377752,50.130417],[6.377974,50.130603],[6.378244,50.13076],[6.378443,50.130886],[6.378487,50.130922],[6.37869,50.131088],[6.37877,50.131208],[6.378846,50.131334],[6.37898,50.131493],[6.379108,50.131535],[6.37929,50.131627],[6.379619,50.131697],[6.379759,50.131752],[6.379885,50.131848],[6.379741,50.131993],[6.379994,50.132177],[6.380137,50.13227],[6.380342,50.132464],[6.380533,50.132638],[6.380584,50.132689],[6.380662,50.132768],[6.380829,50.132935],[6.381004,50.133068],[6.381213,50.133225],[6.381351,50.133297],[6.38211,50.13347],[6.381952,50.133802],[6.381914,50.133962],[6.381917,50.134134],[6.381932,50.134284],[6.382004,50.134496],[6.382123,50.134659],[6.382254,50.134683],[6.382278,50.134727],[6.382309,50.134753],[6.382682,50.135067],[6.382832,50.135222],[6.382946,50.135373],[6.383026,50.135563],[6.383077,50.135776],[6.383088,50.135962],[6.382988,50.136789],[6.382942,50.136933],[6.382879,50.13704],[6.382787,50.137153],[6.382696,50.137241],[6.382326,50.137553],[6.382217,50.137661],[6.382123,50.137775],[6.382056,50.137883],[6.381906,50.138208],[6.381789,50.138562],[6.384799,50.138286],[6.38543,50.138228],[6.385536,50.138218],[6.38555,50.138217],[6.38555,50.138226],[6.385551,50.13828],[6.385563,50.139563],[6.386181,50.139496],[6.387018,50.13938],[6.387886,50.13927],[6.387994,50.139267],[6.388106,50.139271],[6.388325,50.139273],[6.388754,50.139296],[6.389018,50.139301],[6.38926,50.139287],[6.389366,50.139279],[6.38946,50.139223],[6.389573,50.139227],[6.389675,50.13926],[6.389667,50.13925],[6.389668,50.139176],[6.389807,50.139093],[6.389853,50.139023],[6.389906,50.138963],[6.390005,50.138909],[6.390053,50.138823],[6.390139,50.13877],[6.390457,50.138681],[6.390784,50.138603],[6.391252,50.138604],[6.391306,50.138643],[6.391534,50.13865],[6.391657,50.138719],[6.39176,50.138717],[6.391809,50.138742],[6.391909,50.138708],[6.392031,50.138705],[6.392294,50.138658],[6.392481,50.138584],[6.392497,50.138541],[6.392554,50.138525],[6.392839,50.138549],[6.393233,50.138561],[6.393299,50.13864],[6.393423,50.138663],[6.393467,50.138721],[6.39358,50.138741],[6.393796,50.138886],[6.393989,50.138965],[6.394029,50.138946],[6.394049,50.138896],[6.394106,50.138873],[6.394185,50.138916],[6.394232,50.139007],[6.394429,50.139007],[6.394533,50.138968],[6.394642,50.138949],[6.394724,50.138876],[6.394901,50.138815],[6.395005,50.138875],[6.394964,50.138935],[6.395072,50.138992],[6.395152,50.138983],[6.39511,50.138906],[6.395175,50.138844],[6.395324,50.138849],[6.395342,50.138925],[6.395401,50.138909],[6.395487,50.138764],[6.395553,50.138693],[6.395739,50.138723],[6.395829,50.138709],[6.395978,50.138709],[6.396006,50.13874],[6.396094,50.138761],[6.39613,50.138775],[6.396416,50.138783],[6.396525,50.138751],[6.396748,50.13867],[6.396863,50.138596],[6.397086,50.138483],[6.397152,50.138479],[6.397183,50.138407],[6.397443,50.138394],[6.397585,50.138408],[6.397506,50.138251],[6.397635,50.138268],[6.397858,50.138191],[6.397921,50.138239],[6.398146,50.138172],[6.398263,50.138134],[6.398277,50.138092],[6.39861,50.138027],[6.398824,50.137896],[6.39888,50.137938],[6.398996,50.137982],[6.399253,50.137914],[6.399409,50.137885],[6.399545,50.137851],[6.399606,50.137867],[6.399659,50.137854],[6.399957,50.137784],[6.400431,50.137762],[6.400503,50.137915],[6.400576,50.137927],[6.400642,50.137977],[6.400673,50.137978],[6.400738,50.137938],[6.400826,50.137954],[6.400934,50.137944],[6.401075,50.137957],[6.40121,50.13796],[6.401394,50.137968],[6.401408,50.137902],[6.401606,50.137907],[6.401768,50.137896],[6.401779,50.137964],[6.401941,50.137963],[6.402053,50.137986],[6.402378,50.138056],[6.402371,50.138012],[6.40252,50.138066],[6.402679,50.138128],[6.402815,50.138143],[6.402961,50.138082],[6.403019,50.138144],[6.403164,50.138159],[6.403236,50.138097],[6.40339,50.138029],[6.403553,50.138028],[6.403593,50.137996],[6.40368,50.137989],[6.403737,50.13801],[6.403759,50.137981],[6.403839,50.137972],[6.403892,50.138],[6.404216,50.137909],[6.404335,50.137892],[6.404641,50.137958],[6.404669,50.137982],[6.404708,50.137985],[6.404799,50.137934],[6.404871,50.137889],[6.404986,50.137821],[6.40502,50.137817],[6.405107,50.137854],[6.405199,50.137807],[6.405216,50.137747],[6.405282,50.137693],[6.405327,50.137692],[6.405371,50.137674],[6.405419,50.137643],[6.405458,50.137628],[6.405512,50.13759],[6.405583,50.137564],[6.405707,50.137527],[6.405781,50.137515],[6.405764,50.1375],[6.405656,50.137464],[6.405589,50.137393],[6.40552,50.137352],[6.405735,50.137259],[6.405984,50.137152],[6.406112,50.137026],[6.40613,50.137015],[6.406153,50.136987],[6.406205,50.136944],[6.406202,50.136882],[6.406181,50.136858],[6.406186,50.136804],[6.40614,50.136776],[6.406103,50.136738],[6.406,50.136634],[6.405704,50.135981],[6.40568,50.135984],[6.405214,50.135076],[6.404927,50.134516],[6.404899,50.134102],[6.404605,50.133389],[6.404828,50.133088],[6.404955,50.132918],[6.405722,50.132591],[6.406196,50.132502],[6.406321,50.132269],[6.40636,50.132046],[6.406331,50.132051],[6.406124,50.132088],[6.40611,50.132018],[6.406174,50.132009],[6.406212,50.131993],[6.406232,50.13198],[6.406291,50.131941],[6.406442,50.131763],[6.406503,50.131686],[6.406519,50.131625],[6.406315,50.131637],[6.406323,50.131357],[6.406313,50.131198],[6.40635,50.131071],[6.406148,50.131082],[6.40568,50.131109],[6.405394,50.131096],[6.405213,50.131087],[6.405031,50.131079],[6.404889,50.131073],[6.404516,50.131018],[6.403465,50.130866],[6.403462,50.130865],[6.403155,50.130808],[6.402911,50.130762],[6.402302,50.130648],[6.402196,50.130629],[6.402101,50.130617],[6.401946,50.130597],[6.401881,50.130589],[6.401686,50.130564],[6.401314,50.130517],[6.400403,50.130402],[6.400276,50.129716],[6.400264,50.12961],[6.400179,50.129536],[6.400143,50.129216],[6.400069,50.129122],[6.399932,50.129067],[6.399754,50.129071],[6.399655,50.12908],[6.399607,50.129039],[6.399586,50.12902],[6.398793,50.129097],[6.398758,50.129101],[6.398036,50.129178],[6.397521,50.129164],[6.396494,50.129425],[6.396182,50.129439],[6.395867,50.129431],[6.395897,50.129056],[6.396043,50.128787],[6.396298,50.128568],[6.396826,50.128297],[6.396718,50.128251],[6.396334,50.12809],[6.395828,50.127853],[6.39545,50.127675],[6.395443,50.127672],[6.395432,50.127667],[6.395385,50.127645],[6.39525,50.127581],[6.395001,50.127436],[6.394539,50.127166],[6.394275,50.127033],[6.39348,50.126635],[6.393433,50.126612],[6.393236,50.126517],[6.392818,50.126314],[6.392479,50.12615],[6.39227,50.126036],[6.392247,50.126024],[6.392139,50.125965],[6.391567,50.125656],[6.390661,50.125197],[6.390464,50.125042],[6.390145,50.124846],[6.389743,50.124937],[6.389476,50.124964],[6.389082,50.124885],[6.388497,50.124754],[6.38772,50.124541],[6.387206,50.124436],[6.386754,50.124403],[6.38663,50.124355],[6.386462,50.124289],[6.386429,50.124277],[6.386116,50.124336],[6.38582,50.12435],[6.385698,50.124309],[6.385656,50.124262],[6.385599,50.124246],[6.385303,50.124244],[6.38521,50.124244],[6.384978,50.124262],[6.384837,50.124351],[6.384783,50.124366],[6.384618,50.124412],[6.384524,50.124411],[6.384364,50.124464],[6.384281,50.124492],[6.384102,50.124495],[6.383941,50.124545],[6.383747,50.124606],[6.383509,50.124766],[6.38344,50.124813],[6.383359,50.124839],[6.38329,50.124863],[6.383069,50.124997],[6.382974,50.125022],[6.382966,50.125072],[6.382857,50.125117],[6.382803,50.125158],[6.382671,50.12514],[6.382519,50.125181],[6.382444,50.125184],[6.382401,50.125185],[6.382338,50.125149],[6.382108,50.125255],[6.381993,50.125186],[6.381832,50.125168],[6.381656,50.125149],[6.381595,50.125118],[6.38141,50.125177],[6.381384,50.125103],[6.381231,50.125096],[6.380969,50.125025],[6.380748,50.12493],[6.380522,50.124868],[6.380451,50.124817],[6.38022,50.124811],[6.379893,50.124769],[6.379556,50.124797],[6.379431,50.124833],[6.379302,50.124807],[6.379281,50.124814]]]},"$schema":null,"$context":null},{"type":"Feature","properties":{"gml_id":"gemeinde_rlp.39","gid":39,"datum":"16.07.26","region":"Rheinland-Pfalz","gmdesch":334009,"gemeinde":"Hatzenb\u00fchl","vgnr":33403,"vbgmde":"Jockgrim","vgname":"Jockgrim (33403)","kreissch":334,"ldkreis":"Germersheim","amtsgrcht":"Kandel","finanzamt":"Speyer-Germersheim","kanr":6900,"katamt":"Rheinpfalz","katurl":"https:\/\/vermka-rheinpfalz.rlp.de","guta":760,"gutaurl":"https:\/\/gutachterausschuesse.rlp.de\/service\/gutachterausschuesse-fuer-grundstueckswerte\/","ags":733403009,"gemtyp":"Gemeinde","kreistyp":"Landkreis"},"bbox":[8.209596,49.104069,8.272803,49.127826],"geometry":{"type":"Polygon","coordinates":[[[8.269432,49.121648],[8.269543,49.121593],[8.271058,49.120842],[8.272154,49.120265],[8.272208,49.120236],[8.272368,49.120152],[8.272332,49.120114],[8.272473,49.119708],[8.272492,49.119666],[8.272571,49.119676],[8.27267,49.119195],[8.272772,49.118698],[8.272782,49.118653],[8.272803,49.118555],[8.27261,49.118518],[8.272057,49.118447],[8.272127,49.117964],[8.272134,49.117915],[8.272139,49.117896],[8.272072,49.117876],[8.271763,49.117797],[8.271773,49.117781],[8.271807,49.117727],[8.271925,49.117541],[8.271928,49.117536],[8.27194,49.117516],[8.272153,49.117179],[8.272251,49.117024],[8.272072,49.116978],[8.271984,49.11699],[8.271837,49.117009],[8.271682,49.11703],[8.271543,49.116999],[8.271488,49.116982],[8.271324,49.116929],[8.271309,49.116954],[8.27064,49.116785],[8.270068,49.116588],[8.269982,49.116559],[8.269639,49.116505],[8.268886,49.116398],[8.268697,49.116372],[8.268664,49.116362],[8.268457,49.116301],[8.268033,49.116178],[8.268024,49.116175],[8.267542,49.116073],[8.267429,49.116048],[8.267111,49.115875],[8.266981,49.115804],[8.266938,49.115781],[8.26618,49.115553],[8.265946,49.115248],[8.265877,49.115222],[8.265778,49.11523],[8.265497,49.115264],[8.26534,49.115283],[8.265199,49.1153],[8.265122,49.115206],[8.264027,49.113842],[8.263945,49.113773],[8.263834,49.113703],[8.263719,49.113651],[8.263303,49.113497],[8.263254,49.11348],[8.263221,49.113469],[8.263152,49.113445],[8.262935,49.113369],[8.262808,49.113336],[8.26279,49.113318],[8.262581,49.113245],[8.26073,49.112599],[8.260719,49.112595],[8.26053,49.11253],[8.260162,49.112402],[8.260069,49.11237],[8.259881,49.112305],[8.259709,49.112245],[8.259442,49.112152],[8.259257,49.112088],[8.259085,49.112028],[8.258821,49.111937],[8.258538,49.111839],[8.258305,49.111758],[8.258286,49.111751],[8.258098,49.111686],[8.25652,49.111137],[8.256396,49.111095],[8.256272,49.111052],[8.256081,49.110985],[8.255889,49.110918],[8.255567,49.110806],[8.255376,49.11074],[8.253229,49.109995],[8.25303,49.10992],[8.252901,49.109844],[8.252817,49.109773],[8.252715,49.109639],[8.251981,49.108335],[8.25191,49.108197],[8.251852,49.108059],[8.251805,49.107918],[8.25152,49.106903],[8.251456,49.10675],[8.251314,49.106607],[8.251149,49.106486],[8.25008,49.105804],[8.249014,49.105124],[8.248865,49.105046],[8.248697,49.105],[8.248685,49.104997],[8.248603,49.104982],[8.248362,49.104937],[8.247028,49.104695],[8.245684,49.104448],[8.245499,49.104403],[8.245347,49.104347],[8.244721,49.104069],[8.244675,49.104156],[8.24391,49.105589],[8.243888,49.10563],[8.243521,49.105536],[8.243383,49.105517],[8.242677,49.105344],[8.242036,49.105187],[8.241285,49.105155],[8.240463,49.105019],[8.239211,49.104891],[8.238162,49.104908],[8.236536,49.104833],[8.235654,49.104856],[8.235587,49.104857],[8.235063,49.10487],[8.234486,49.104967],[8.234118,49.104993],[8.234074,49.104996],[8.233857,49.105012],[8.232657,49.105026],[8.232615,49.105058],[8.23214,49.104846],[8.231552,49.104692],[8.231201,49.104631],[8.231098,49.104665],[8.230453,49.105025],[8.23075,49.105617],[8.230539,49.105651],[8.230345,49.105681],[8.230121,49.105717],[8.23011,49.105713],[8.229977,49.105674],[8.229831,49.105632],[8.229698,49.105592],[8.229325,49.105483],[8.228644,49.105526],[8.227921,49.105572],[8.227853,49.105577],[8.227386,49.10556],[8.227033,49.105548],[8.226803,49.105546],[8.226747,49.105545],[8.226177,49.105539],[8.226103,49.105552],[8.225588,49.105645],[8.225397,49.105679],[8.225279,49.105669],[8.223839,49.105547],[8.223535,49.105554],[8.223466,49.105556],[8.223333,49.105578],[8.222915,49.105648],[8.22146,49.105997],[8.221351,49.106047],[8.220744,49.106513],[8.22058,49.106465],[8.219392,49.106124],[8.218666,49.105833],[8.218512,49.105719],[8.218088,49.105563],[8.217781,49.105521],[8.217242,49.105515],[8.216528,49.10552],[8.216378,49.105611],[8.216306,49.106124],[8.216134,49.106272],[8.21601,49.107044],[8.216072,49.107082],[8.215867,49.1071],[8.214946,49.107175],[8.214433,49.107053],[8.2144,49.106997],[8.214353,49.107019],[8.214263,49.107063],[8.21384,49.107264],[8.213376,49.107483],[8.212856,49.107733],[8.212239,49.107945],[8.211649,49.10815],[8.211247,49.108533],[8.210936,49.108834],[8.210579,49.108975],[8.21064,49.109527],[8.210686,49.11006],[8.21072,49.110524],[8.210744,49.110964],[8.210762,49.111649],[8.210746,49.111769],[8.210734,49.111853],[8.210662,49.11234],[8.210612,49.112959],[8.210613,49.112975],[8.210545,49.113424],[8.210467,49.11394],[8.210379,49.11442],[8.210277,49.114908],[8.210261,49.11495],[8.210006,49.115477],[8.209985,49.115507],[8.209957,49.115546],[8.21002,49.115563],[8.209601,49.117682],[8.209596,49.11772],[8.209732,49.117702],[8.210215,49.117652],[8.210609,49.117628],[8.211347,49.117616],[8.212521,49.117633],[8.213672,49.117634],[8.214881,49.117628],[8.215372,49.117613],[8.215708,49.117586],[8.216086,49.117541],[8.216481,49.117474],[8.216827,49.117398],[8.217931,49.11712],[8.218359,49.117017],[8.218382,49.117119],[8.218487,49.117094],[8.218955,49.116999],[8.219909,49.116843],[8.220871,49.116717],[8.222098,49.116552],[8.222599,49.116468],[8.222614,49.116503],[8.222615,49.116548],[8.222753,49.119921],[8.222892,49.119952],[8.224754,49.119755],[8.224823,49.119743],[8.224967,49.119732],[8.224959,49.119778],[8.224891,49.119831],[8.22489,49.120683],[8.22489,49.120895],[8.224889,49.121162],[8.224889,49.121381],[8.224889,49.121771],[8.224888,49.121844],[8.224888,49.121949],[8.22489,49.122017],[8.22489,49.122108],[8.224891,49.122155],[8.22489,49.12231],[8.22489,49.122437],[8.22489,49.122452],[8.224891,49.12251],[8.22489,49.122633],[8.22489,49.122746],[8.22489,49.122793],[8.22489,49.122812],[8.22489,49.122882],[8.22489,49.122921],[8.22489,49.123163],[8.22489,49.123373],[8.22489,49.123423],[8.22489,49.123656],[8.22489,49.123863],[8.22489,49.12399],[8.224821,49.123985],[8.224795,49.124075],[8.224383,49.125483],[8.223921,49.127056],[8.223905,49.127109],[8.22404,49.12713],[8.227187,49.12761],[8.227299,49.127586],[8.227633,49.127335],[8.227819,49.127194],[8.227985,49.127069],[8.227994,49.127062],[8.228175,49.126961],[8.228268,49.126909],[8.228426,49.126822],[8.228479,49.126793],[8.228493,49.126784],[8.228725,49.126676],[8.228909,49.12659],[8.228964,49.126564],[8.228976,49.126557],[8.229059,49.126507],[8.229203,49.126419],[8.229253,49.126389],[8.229305,49.12635],[8.22935,49.126317],[8.229467,49.126231],[8.22962,49.12609],[8.229727,49.125992],[8.229751,49.12597],[8.229776,49.125947],[8.229826,49.125901],[8.229878,49.125853],[8.229943,49.125793],[8.229985,49.125754],[8.230151,49.125601],[8.230231,49.125528],[8.230363,49.125406],[8.230555,49.12523],[8.230601,49.125187],[8.230662,49.12513],[8.230736,49.125063],[8.230792,49.125011],[8.230932,49.124882],[8.230985,49.124833],[8.231018,49.124805],[8.231068,49.124763],[8.231201,49.12465],[8.231208,49.124644],[8.231313,49.124562],[8.231364,49.124523],[8.231433,49.124472],[8.231523,49.124405],[8.231593,49.124353],[8.231643,49.124384],[8.231664,49.124396],[8.231767,49.12446],[8.232015,49.124301],[8.232665,49.124441],[8.233263,49.12453],[8.233512,49.124601],[8.234196,49.124841],[8.23439,49.124919],[8.234636,49.124976],[8.234888,49.125017],[8.235166,49.125032],[8.235742,49.125131],[8.237573,49.125414],[8.238833,49.125494],[8.239292,49.12557],[8.240647,49.125726],[8.241484,49.125807],[8.243009,49.125854],[8.244565,49.125955],[8.244843,49.125987],[8.245327,49.126127],[8.245363,49.126066],[8.245683,49.126145],[8.246628,49.126313],[8.247411,49.126359],[8.249898,49.126901],[8.251193,49.127453],[8.251606,49.127568],[8.253171,49.127818],[8.253184,49.127775],[8.253219,49.127783],[8.253395,49.127826],[8.253576,49.127814],[8.253811,49.127798],[8.253959,49.127788],[8.254283,49.127766],[8.254439,49.127756],[8.254857,49.127728],[8.255029,49.127716],[8.255173,49.127706],[8.256125,49.124684],[8.256221,49.124699],[8.256295,49.12471],[8.256466,49.124737],[8.256699,49.124773],[8.256994,49.124819],[8.257178,49.124848],[8.257254,49.12486],[8.257493,49.124897],[8.257742,49.124935],[8.258021,49.124979],[8.258189,49.125005],[8.25823,49.125011],[8.258315,49.125025],[8.258532,49.125058],[8.258675,49.125081],[8.258731,49.125089],[8.258879,49.125112],[8.259107,49.125148],[8.259393,49.125192],[8.259404,49.125194],[8.259733,49.125245],[8.259938,49.125277],[8.260277,49.12533],[8.260428,49.125353],[8.260461,49.125358],[8.260529,49.125369],[8.26061,49.125382],[8.260823,49.125415],[8.260963,49.125436],[8.261183,49.125471],[8.261284,49.125486],[8.261376,49.125501],[8.261721,49.125554],[8.261997,49.125597],[8.26203,49.125602],[8.262156,49.125616],[8.262281,49.12563],[8.262323,49.125635],[8.262504,49.125655],[8.262737,49.125681],[8.263263,49.125739],[8.263452,49.12576],[8.263546,49.125771],[8.263693,49.125787],[8.263799,49.125799],[8.26395,49.125816],[8.264014,49.125823],[8.26415,49.125838],[8.265152,49.125208],[8.265478,49.124926],[8.265869,49.124479],[8.265903,49.124439],[8.266254,49.124041],[8.266918,49.123525],[8.267528,49.123132],[8.267826,49.122849],[8.267943,49.122763],[8.267997,49.122717],[8.268098,49.122647],[8.269222,49.121814],[8.269432,49.121648]]]},"$schema":null,"$context":null},{"type":"Feature","properties":{"gml_id":"gemeinde_rlp.40","gid":40,"datum":"16.07.26","region":"Rheinland-Pfalz","gmdesch":232024,"gemeinde":"Dahlem","vgnr":23208,"vbgmde":"Bitburger Land","vgname":"Bitburger Land (23208)","kreissch":232,"ldkreis":"Eifelkreis Bitburg-Pr\u00fcm","amtsgrcht":"Bitburg","finanzamt":"Bitburg-Pr\u00fcm","kanr":8750,"katamt":"Westeifel-Mosel","katurl":"https:\/\/vermka-westeifel-mosel.rlp.de","guta":780,"gutaurl":"https:\/\/gutachterausschuesse.rlp.de\/service\/gutachterausschuesse-fuer-grundstueckswerte\/","ags":723208024,"gemtyp":"Gemeinde","kreistyp":"Landkreis"},"bbox":[6.584355,49.896543,6.617417,49.925429],"geometry":{"type":"Polygon","coordinates":[[[6.593312,49.917563],[6.593599,49.918145],[6.594235,49.91904],[6.594804,49.919555],[6.595483,49.920296],[6.595368,49.920353],[6.595332,49.920371],[6.595808,49.920775],[6.59634,49.921268],[6.596665,49.921788],[6.596713,49.921771],[6.596943,49.92169],[6.597207,49.921597],[6.597274,49.921574],[6.597418,49.921524],[6.597481,49.921502],[6.597566,49.921473],[6.597667,49.921437],[6.597734,49.921414],[6.59789,49.921359],[6.597917,49.92135],[6.598176,49.921824],[6.598464,49.921872],[6.598462,49.922321],[6.598673,49.922522],[6.599104,49.922458],[6.599216,49.922739],[6.599248,49.922759],[6.599279,49.92274],[6.599775,49.922833],[6.600086,49.923011],[6.600316,49.923088],[6.60051,49.923206],[6.600595,49.923294],[6.600573,49.923427],[6.600752,49.92365],[6.601025,49.923844],[6.601098,49.923901],[6.601408,49.924126],[6.601583,49.924145],[6.601781,49.924149],[6.602093,49.92413],[6.602606,49.924013],[6.602695,49.923997],[6.603074,49.923946],[6.603631,49.924083],[6.604116,49.924214],[6.604538,49.924408],[6.605263,49.924689],[6.605727,49.924796],[6.605927,49.924821],[6.606804,49.924934],[6.607706,49.92522],[6.607885,49.925255],[6.608605,49.925262],[6.608956,49.925322],[6.609205,49.925403],[6.609525,49.925429],[6.610075,49.925371],[6.610811,49.92524],[6.611071,49.925247],[6.611205,49.925159],[6.611605,49.924834],[6.611752,49.924667],[6.61235,49.924384],[6.612798,49.924223],[6.613544,49.924056],[6.613652,49.923963],[6.6137,49.923826],[6.613646,49.923741],[6.613685,49.923573],[6.61382,49.923506],[6.614021,49.923453],[6.614286,49.923356],[6.614661,49.923149],[6.614896,49.923103],[6.615109,49.923049],[6.615545,49.922902],[6.615711,49.92274],[6.615778,49.92264],[6.615751,49.922504],[6.615671,49.922306],[6.615504,49.922197],[6.615179,49.921957],[6.614893,49.921718],[6.614901,49.921672],[6.61493,49.921675],[6.614944,49.92162],[6.614466,49.921575],[6.614013,49.921509],[6.61392,49.921495],[6.613717,49.921464],[6.613703,49.921461],[6.613551,49.921425],[6.613324,49.92135],[6.612928,49.921198],[6.612764,49.921116],[6.612417,49.9209],[6.612231,49.920752],[6.612151,49.920676],[6.61186,49.920428],[6.611756,49.920357],[6.611441,49.920081],[6.611424,49.920046],[6.611171,49.919826],[6.610888,49.919542],[6.610786,49.919428],[6.610619,49.919256],[6.610384,49.919002],[6.610229,49.918771],[6.610127,49.918797],[6.609836,49.918576],[6.60968,49.918323],[6.60965,49.918101],[6.609648,49.917798],[6.609704,49.917728],[6.610124,49.917347],[6.610253,49.917294],[6.610345,49.917339],[6.610346,49.917338],[6.610895,49.917098],[6.611556,49.916905],[6.612026,49.916757],[6.612268,49.91662],[6.612381,49.91654],[6.612613,49.916291],[6.6128,49.916138],[6.612841,49.916101],[6.61286,49.916074],[6.612885,49.915822],[6.612866,49.915752],[6.612644,49.915478],[6.612453,49.915348],[6.612093,49.915181],[6.611543,49.914924],[6.611264,49.914822],[6.610992,49.914735],[6.610697,49.914622],[6.610585,49.914602],[6.610485,49.914583],[6.61036,49.91456],[6.610182,49.914505],[6.609987,49.914416],[6.609905,49.914357],[6.609839,49.914226],[6.609855,49.914057],[6.609827,49.913999],[6.609783,49.913896],[6.609579,49.913657],[6.60956,49.913558],[6.609584,49.91332],[6.609673,49.913118],[6.609934,49.912789],[6.610199,49.912527],[6.61051,49.912295],[6.610653,49.912205],[6.610671,49.912179],[6.610956,49.912009],[6.611008,49.911963],[6.611346,49.911759],[6.611373,49.911753],[6.611536,49.911675],[6.611796,49.911512],[6.611877,49.911487],[6.611953,49.911455],[6.611994,49.911435],[6.612506,49.911278],[6.612622,49.911238],[6.612981,49.911094],[6.61311,49.911043],[6.613195,49.910978],[6.613408,49.910866],[6.613731,49.910713],[6.613857,49.910662],[6.613972,49.910595],[6.614422,49.910366],[6.614596,49.910188],[6.615065,49.909931],[6.615156,49.909917],[6.61573,49.909428],[6.615943,49.909286],[6.616195,49.909057],[6.61668,49.908688],[6.616833,49.908537],[6.617105,49.908202],[6.617189,49.908119],[6.617373,49.90784],[6.617401,49.90776],[6.617417,49.907532],[6.617395,49.90745],[6.617306,49.907053],[6.617033,49.906571],[6.616989,49.906568],[6.616796,49.906321],[6.61676,49.906275],[6.616682,49.9062],[6.616231,49.90587],[6.61564,49.905462],[6.615586,49.90545],[6.615302,49.905212],[6.615242,49.905181],[6.615111,49.905071],[6.614601,49.904544],[6.614521,49.904491],[6.614131,49.903821],[6.614055,49.903619],[6.613835,49.903022],[6.613773,49.902899],[6.61361,49.90246],[6.613537,49.902248],[6.613463,49.902125],[6.61329,49.901608],[6.613145,49.901208],[6.613004,49.900849],[6.612924,49.900631],[6.612902,49.900583],[6.612886,49.900538],[6.612876,49.900512],[6.612666,49.900508],[6.612629,49.900399],[6.612434,49.900271],[6.612277,49.900164],[6.61188,49.900004],[6.611778,49.899963],[6.611534,49.899865],[6.610805,49.899571],[6.610177,49.899449],[6.609524,49.899321],[6.608444,49.899106],[6.608174,49.899013],[6.607726,49.898858],[6.607738,49.898844],[6.60752,49.898776],[6.607111,49.898624],[6.607102,49.898634],[6.606402,49.898376],[6.606223,49.898251],[6.606013,49.898095],[6.60569,49.897862],[6.605649,49.897796],[6.605359,49.897334],[6.60524,49.897145],[6.605222,49.897115],[6.605086,49.896898],[6.60501,49.896892],[6.604905,49.896884],[6.604883,49.896883],[6.604861,49.896881],[6.604546,49.896856],[6.603995,49.896813],[6.603729,49.896792],[6.603562,49.896779],[6.603066,49.89674],[6.60266,49.896707],[6.601922,49.896647],[6.601256,49.896601],[6.600268,49.896554],[6.599417,49.896543],[6.599713,49.896786],[6.599911,49.896946],[6.600312,49.897278],[6.600396,49.897345],[6.600444,49.897385],[6.600522,49.897448],[6.600943,49.897792],[6.601216,49.89802],[6.601645,49.898365],[6.601535,49.898488],[6.601384,49.898656],[6.601217,49.89884],[6.601071,49.899003],[6.601048,49.899027],[6.60081,49.899285],[6.60072,49.899383],[6.600695,49.89941],[6.600534,49.899584],[6.600248,49.899882],[6.600157,49.899977],[6.599992,49.900177],[6.598497,49.899572],[6.596997,49.898982],[6.596899,49.899075],[6.596143,49.898771],[6.596031,49.898845],[6.595986,49.898875],[6.595878,49.898942],[6.595658,49.899188],[6.594961,49.899588],[6.594056,49.900162],[6.594349,49.90042],[6.594226,49.900671],[6.594179,49.901079],[6.594154,49.901373],[6.594057,49.902487],[6.595274,49.904443],[6.595669,49.90515],[6.59559,49.905162],[6.595191,49.905218],[6.594484,49.905318],[6.592696,49.90558],[6.592633,49.90559],[6.592456,49.905615],[6.592289,49.905742],[6.592232,49.905779],[6.592042,49.905872],[6.591947,49.905918],[6.591728,49.905997],[6.591615,49.906023],[6.59126,49.906105],[6.591051,49.906226],[6.590647,49.90638],[6.59042,49.906466],[6.590179,49.906534],[6.590068,49.906622],[6.589991,49.906684],[6.589733,49.906751],[6.589516,49.906871],[6.589441,49.906877],[6.589084,49.906902],[6.588913,49.906918],[6.588848,49.906925],[6.588829,49.907012],[6.588667,49.90739],[6.588612,49.907518],[6.58861,49.90784],[6.588784,49.908061],[6.588877,49.908175],[6.589169,49.908539],[6.589341,49.908735],[6.589654,49.909098],[6.589682,49.909131],[6.589931,49.90946],[6.589122,49.909805],[6.58909,49.909826],[6.588862,49.909978],[6.5888,49.910017],[6.588739,49.910059],[6.588683,49.910096],[6.588663,49.910109],[6.588512,49.91018],[6.588349,49.910257],[6.588034,49.910406],[6.587189,49.910804],[6.586958,49.910631],[6.586485,49.910446],[6.586292,49.910301],[6.58623,49.910285],[6.585987,49.910219],[6.585792,49.910123],[6.585607,49.910031],[6.585237,49.909826],[6.584873,49.909749],[6.584836,49.90977],[6.584801,49.909788],[6.584728,49.909816],[6.584706,49.909838],[6.584676,49.909869],[6.584531,49.910013],[6.584473,49.910071],[6.584355,49.910187],[6.585986,49.910938],[6.586029,49.9109],[6.586073,49.910921],[6.58672,49.911216],[6.587146,49.911421],[6.587761,49.911789],[6.587748,49.911798],[6.587705,49.911831],[6.58751,49.911974],[6.587475,49.912002],[6.587307,49.912132],[6.58729,49.912143],[6.587226,49.912191],[6.587195,49.912213],[6.587185,49.912221],[6.587132,49.91226],[6.587048,49.912323],[6.586967,49.912384],[6.586827,49.912488],[6.587164,49.912707],[6.587203,49.912733],[6.587427,49.91288],[6.587889,49.913247],[6.587832,49.913275],[6.587632,49.91337],[6.587812,49.91356],[6.587977,49.913787],[6.588186,49.914117],[6.588379,49.914068],[6.589209,49.914984],[6.589645,49.915403],[6.590125,49.915864],[6.590246,49.915806],[6.59073,49.916193],[6.590785,49.916237],[6.590857,49.916295],[6.591179,49.916598],[6.591281,49.916567],[6.591301,49.916561],[6.591304,49.91656],[6.591318,49.916556],[6.591372,49.91654],[6.591391,49.916534],[6.591441,49.916519],[6.591479,49.916508],[6.591508,49.916499],[6.591578,49.916475],[6.591637,49.916455],[6.591763,49.916412],[6.592237,49.916251],[6.59263,49.916484],[6.592785,49.916649],[6.593026,49.916525],[6.593072,49.916726],[6.593216,49.917369],[6.593312,49.917563]]]},"$schema":null,"$context":null},{"type":"Feature","properties":{"gml_id":"gemeinde_rlp.41","gid":41,"datum":"16.07.26","region":"Rheinland-Pfalz","gmdesch":335033,"gemeinde":"Olsbr\u00fccken","vgnr":33510,"vbgmde":"Otterbach-Otterberg","vgname":"Otterbach-Otterberg (33510)","kreissch":335,"ldkreis":"Kaiserslautern","amtsgrcht":"Kaiserslautern","finanzamt":"Kaiserslautern","kanr":9400,"katamt":"Westpfalz","katurl":"https:\/\/vermka-westpfalz.rlp.de","guta":820,"gutaurl":"https:\/\/gutachterausschuesse.rlp.de\/service\/gutachterausschuesse-fuer-grundstueckswerte\/","ags":733510033,"gemtyp":"Gemeinde","kreistyp":"Landkreis"},"bbox":[7.642014,49.522315,7.693897,49.560804],"geometry":{"type":"Polygon","coordinates":[[[7.664331,49.522859],[7.664253,49.522871],[7.66416,49.522857],[7.664103,49.522847],[7.663969,49.522825],[7.663941,49.522821],[7.663945,49.522875],[7.663943,49.522881],[7.663947,49.522919],[7.66398,49.523095],[7.663911,49.523304],[7.663893,49.52337],[7.663755,49.523607],[7.663673,49.523747],[7.663596,49.52384],[7.663558,49.523893],[7.663521,49.523945],[7.663465,49.524025],[7.663452,49.524046],[7.663323,49.524189],[7.663275,49.524243],[7.663222,49.524303],[7.663199,49.524356],[7.663189,49.524413],[7.663174,49.524479],[7.663157,49.524519],[7.663132,49.52456],[7.66281,49.525099],[7.662649,49.52537],[7.6626,49.525458],[7.662555,49.525568],[7.662571,49.525598],[7.662551,49.525638],[7.662486,49.525822],[7.662423,49.52592],[7.662285,49.526108],[7.662228,49.526251],[7.662261,49.52633],[7.662244,49.526431],[7.662181,49.526501],[7.66211,49.526516],[7.661986,49.526535],[7.661957,49.526541],[7.661956,49.526644],[7.661954,49.526699],[7.662007,49.526713],[7.662131,49.526762],[7.662309,49.526804],[7.662351,49.52685],[7.662424,49.526897],[7.66249,49.526918],[7.662637,49.526975],[7.662619,49.527032],[7.662582,49.527053],[7.66247,49.527034],[7.662427,49.527057],[7.662382,49.527105],[7.662381,49.527163],[7.662393,49.527201],[7.662417,49.527227],[7.662509,49.527291],[7.662569,49.527436],[7.662634,49.527575],[7.662726,49.527732],[7.66281,49.527881],[7.662898,49.528034],[7.662962,49.528146],[7.663026,49.528286],[7.663043,49.52833],[7.663108,49.528513],[7.66312,49.528648],[7.663113,49.52875],[7.6631,49.528836],[7.663082,49.528914],[7.663066,49.529043],[7.663041,49.529362],[7.663199,49.529852],[7.663256,49.530445],[7.663287,49.530717],[7.663306,49.530982],[7.663308,49.531042],[7.663307,49.531152],[7.663307,49.531289],[7.663296,49.531384],[7.663263,49.53142],[7.663254,49.531496],[7.663218,49.531621],[7.663193,49.531659],[7.663162,49.531693],[7.663108,49.531744],[7.663074,49.531834],[7.663068,49.53185],[7.662858,49.531946],[7.662571,49.532058],[7.662423,49.532102],[7.662154,49.532177],[7.662094,49.532185],[7.662044,49.532189],[7.661978,49.532207],[7.661945,49.53222],[7.661847,49.532283],[7.661825,49.532297],[7.661608,49.532472],[7.661423,49.532588],[7.661294,49.532625],[7.6612,49.532725],[7.661002,49.532896],[7.660992,49.532891],[7.660801,49.533083],[7.6606,49.533176],[7.660467,49.533237],[7.660409,49.533307],[7.660169,49.533493],[7.660005,49.533596],[7.659852,49.533737],[7.659669,49.533873],[7.659475,49.534068],[7.659397,49.53418],[7.659333,49.53424],[7.659194,49.534285],[7.659182,49.53427],[7.658896,49.534446],[7.658837,49.534564],[7.658823,49.534595],[7.658814,49.534608],[7.658808,49.534615],[7.658799,49.534624],[7.658791,49.534633],[7.658783,49.534641],[7.658776,49.534648],[7.658769,49.534653],[7.658762,49.534659],[7.658741,49.534675],[7.658629,49.534768],[7.6586,49.534792],[7.658581,49.534809],[7.658561,49.534827],[7.658535,49.534848],[7.658503,49.534876],[7.65846,49.534922],[7.658364,49.535026],[7.658338,49.535052],[7.658311,49.535071],[7.658209,49.535127],[7.658111,49.535182],[7.658081,49.535197],[7.658058,49.535209],[7.658034,49.535223],[7.658016,49.535235],[7.657983,49.535256],[7.657958,49.535278],[7.657919,49.535308],[7.657896,49.535325],[7.657868,49.535349],[7.65785,49.535367],[7.657834,49.535379],[7.657804,49.5354],[7.657739,49.535448],[7.657668,49.5355],[7.657345,49.535742],[7.657306,49.535763],[7.656985,49.536034],[7.656678,49.536293],[7.65655,49.536401],[7.656516,49.53643],[7.656386,49.536539],[7.656244,49.536656],[7.655753,49.537059],[7.65551,49.537258],[7.655282,49.537437],[7.655183,49.537552],[7.655092,49.537662],[7.654947,49.537767],[7.654893,49.537809],[7.654852,49.537841],[7.654653,49.538024],[7.654648,49.538031],[7.654641,49.53804],[7.654631,49.538051],[7.654622,49.538059],[7.654612,49.538068],[7.6546,49.538077],[7.654589,49.538085],[7.654572,49.538098],[7.654557,49.538108],[7.654546,49.538116],[7.654535,49.538124],[7.654503,49.538142],[7.654403,49.538194],[7.654193,49.53825],[7.653995,49.538305],[7.653895,49.538333],[7.65385,49.538346],[7.653638,49.538404],[7.653308,49.538506],[7.65311,49.538589],[7.653082,49.5386],[7.653024,49.538642],[7.652993,49.538673],[7.652892,49.538743],[7.652829,49.538791],[7.652708,49.538837],[7.652529,49.538879],[7.652447,49.538883],[7.652321,49.53893],[7.652257,49.538971],[7.652166,49.539004],[7.652041,49.539052],[7.652002,49.53906],[7.65186,49.539088],[7.651828,49.539097],[7.651664,49.539142],[7.651611,49.539157],[7.651334,49.539262],[7.651208,49.539332],[7.651038,49.539469],[7.650899,49.539656],[7.650866,49.539833],[7.650822,49.540066],[7.650803,49.540167],[7.650788,49.540243],[7.650769,49.540343],[7.650728,49.540552],[7.650685,49.540674],[7.650656,49.540737],[7.65065,49.540749],[7.650647,49.540755],[7.650644,49.54076],[7.65064,49.540765],[7.650635,49.54077],[7.650632,49.540774],[7.650627,49.540778],[7.650622,49.540782],[7.650617,49.540786],[7.650611,49.540789],[7.650606,49.540792],[7.6506,49.540796],[7.650581,49.540804],[7.650569,49.54081],[7.650557,49.540814],[7.650549,49.540818],[7.650535,49.540822],[7.650502,49.540831],[7.650475,49.540836],[7.65045,49.54084],[7.650426,49.540846],[7.650398,49.540854],[7.65037,49.540862],[7.650311,49.540885],[7.650277,49.540901],[7.650257,49.540912],[7.65024,49.540921],[7.650157,49.540974],[7.650144,49.540983],[7.650127,49.540994],[7.650016,49.541058],[7.649962,49.54108],[7.649946,49.541086],[7.649902,49.541101],[7.649881,49.541106],[7.649858,49.541112],[7.649836,49.541116],[7.649814,49.54112],[7.649803,49.541122],[7.649792,49.541123],[7.649783,49.541123],[7.649772,49.541124],[7.649761,49.541124],[7.649753,49.541124],[7.649743,49.541123],[7.649732,49.541122],[7.649724,49.541121],[7.649713,49.54112],[7.649703,49.541118],[7.649687,49.541115],[7.649675,49.541113],[7.64966,49.54111],[7.649645,49.541106],[7.649632,49.541103],[7.649616,49.541099],[7.649566,49.541082],[7.649539,49.541073],[7.649494,49.541061],[7.64947,49.541054],[7.64945,49.54105],[7.649425,49.541043],[7.649399,49.541037],[7.649374,49.541032],[7.649352,49.541026],[7.649304,49.541018],[7.64929,49.541016],[7.64928,49.541016],[7.649268,49.541016],[7.649222,49.541016],[7.64852,49.541024],[7.648396,49.541028],[7.648317,49.541014],[7.647792,49.540993],[7.647601,49.541009],[7.647358,49.541066],[7.64716,49.54109],[7.647109,49.5411],[7.647076,49.541111],[7.646932,49.541002],[7.646797,49.540984],[7.646634,49.540987],[7.646534,49.540986],[7.646472,49.540986],[7.646414,49.540988],[7.646368,49.540991],[7.646336,49.540994],[7.646304,49.540996],[7.646255,49.541002],[7.646233,49.541005],[7.646197,49.54101],[7.646176,49.541013],[7.646141,49.541021],[7.646115,49.541028],[7.646069,49.54104],[7.646015,49.541057],[7.64593,49.541089],[7.64587,49.541115],[7.645671,49.54121],[7.645643,49.541223],[7.645614,49.541239],[7.645585,49.541256],[7.645557,49.541277],[7.645537,49.54129],[7.645521,49.541303],[7.645506,49.541316],[7.645486,49.541335],[7.645469,49.541352],[7.645452,49.541371],[7.64543,49.541393],[7.645408,49.541411],[7.645394,49.541423],[7.645367,49.541444],[7.645348,49.541456],[7.645317,49.541476],[7.645276,49.5415],[7.645249,49.541515],[7.645207,49.541533],[7.645178,49.541545],[7.645143,49.541559],[7.645101,49.541574],[7.645055,49.541587],[7.645022,49.541595],[7.644981,49.541604],[7.644946,49.541611],[7.644909,49.541618],[7.644883,49.541623],[7.644754,49.541665],[7.644739,49.54167],[7.644705,49.541694],[7.64467,49.541718],[7.644649,49.541736],[7.644631,49.541752],[7.644621,49.541767],[7.644614,49.541787],[7.64461,49.54181],[7.644595,49.541879],[7.64442,49.541946],[7.644289,49.54199],[7.644193,49.542029],[7.644075,49.542079],[7.643959,49.542133],[7.643858,49.542185],[7.642895,49.542763],[7.642917,49.542804],[7.642989,49.542941],[7.643133,49.543013],[7.643094,49.543035],[7.643096,49.543083],[7.642755,49.543368],[7.642636,49.543456],[7.642474,49.543552],[7.642302,49.543626],[7.642075,49.543687],[7.642119,49.543801],[7.642134,49.543835],[7.642127,49.543914],[7.642105,49.544135],[7.642099,49.544298],[7.642071,49.544594],[7.642056,49.544753],[7.642061,49.544911],[7.642014,49.545069],[7.642026,49.545554],[7.642114,49.545678],[7.642228,49.545913],[7.642291,49.546032],[7.642316,49.546076],[7.642372,49.546172],[7.642445,49.546252],[7.642546,49.546339],[7.642606,49.546399],[7.642638,49.54646],[7.642658,49.546512],[7.642752,49.546778],[7.642809,49.546881],[7.642839,49.546912],[7.643115,49.547124],[7.643228,49.547225],[7.643252,49.54725],[7.643315,49.547306],[7.643534,49.547499],[7.643828,49.547696],[7.643961,49.547954],[7.643983,49.548008],[7.644004,49.54804],[7.644045,49.548071],[7.644097,49.548098],[7.644218,49.548149],[7.644381,49.548232],[7.644536,49.548261],[7.644747,49.548263],[7.644809,49.548256],[7.644856,49.548257],[7.644918,49.548264],[7.645,49.54828],[7.645067,49.548301],[7.645121,49.548327],[7.645287,49.548487],[7.645312,49.548517],[7.645437,49.548631],[7.645477,49.54868],[7.645529,49.54873],[7.645619,49.548801],[7.645718,49.548883],[7.645809,49.54896],[7.645872,49.548997],[7.645911,49.549018],[7.645955,49.549031],[7.646001,49.549043],[7.646038,49.549058],[7.646088,49.549083],[7.64614,49.549106],[7.646181,49.549131],[7.646254,49.549194],[7.646288,49.549219],[7.646301,49.549232],[7.6463,49.549242],[7.646294,49.549255],[7.646281,49.549278],[7.646327,49.549365],[7.646371,49.549427],[7.646412,49.549471],[7.646551,49.549592],[7.646681,49.549691],[7.646813,49.549704],[7.646925,49.549722],[7.647028,49.549743],[7.647081,49.549754],[7.64712,49.549773],[7.647323,49.549864],[7.647481,49.549934],[7.647642,49.549992],[7.647789,49.550059],[7.648166,49.550265],[7.648286,49.550357],[7.648384,49.550438],[7.648488,49.550528],[7.648515,49.550582],[7.648596,49.55082],[7.648641,49.550847],[7.648573,49.551025],[7.648543,49.551222],[7.648545,49.551367],[7.648534,49.551609],[7.648589,49.551654],[7.648636,49.551715],[7.648672,49.551768],[7.648722,49.551957],[7.648868,49.552076],[7.648934,49.552117],[7.648994,49.552144],[7.649049,49.552195],[7.649166,49.552332],[7.649197,49.552474],[7.649304,49.552707],[7.649321,49.552761],[7.649327,49.552801],[7.649331,49.552876],[7.649329,49.55291],[7.649319,49.552955],[7.6493,49.55302],[7.649292,49.553072],[7.649292,49.553101],[7.649297,49.553123],[7.649316,49.553182],[7.649349,49.553254],[7.649396,49.553344],[7.649422,49.553376],[7.649574,49.55354],[7.649649,49.553597],[7.649748,49.553725],[7.649861,49.553842],[7.649895,49.553869],[7.65023,49.554175],[7.650241,49.554186],[7.650436,49.554153],[7.651046,49.55408],[7.651079,49.554076],[7.65123,49.553953],[7.651351,49.553892],[7.651688,49.553939],[7.651734,49.55396],[7.651847,49.554011],[7.651964,49.554064],[7.652,49.55408],[7.652091,49.554121],[7.652097,49.554124],[7.652161,49.554152],[7.652223,49.554181],[7.652326,49.554227],[7.652378,49.55425],[7.652391,49.554256],[7.652481,49.554297],[7.652613,49.554357],[7.652656,49.554377],[7.652789,49.554436],[7.652878,49.554476],[7.652976,49.55452],[7.653113,49.554582],[7.653127,49.554588],[7.653219,49.554629],[7.653277,49.554654],[7.653344,49.554685],[7.653402,49.554711],[7.653416,49.554717],[7.65352,49.554768],[7.653595,49.554804],[7.653739,49.554873],[7.653842,49.554925],[7.653947,49.554988],[7.65404,49.555049],[7.654141,49.555113],[7.65416,49.555126],[7.654257,49.555188],[7.654388,49.555273],[7.654411,49.555288],[7.654537,49.555371],[7.654471,49.555405],[7.654592,49.55547],[7.654833,49.555598],[7.654962,49.555666],[7.65452,49.556127],[7.654277,49.556401],[7.654353,49.556402],[7.654514,49.556403],[7.654733,49.556404],[7.654872,49.556416],[7.654961,49.556429],[7.655023,49.556443],[7.655077,49.556455],[7.65515,49.556472],[7.655225,49.556489],[7.655495,49.556437],[7.655915,49.55637],[7.65611,49.556342],[7.656127,49.55634],[7.656315,49.556315],[7.65633,49.556313],[7.656423,49.556302],[7.656609,49.556404],[7.656688,49.556473],[7.656847,49.556631],[7.656943,49.556739],[7.657283,49.557322],[7.657317,49.557384],[7.657331,49.557409],[7.657335,49.557418],[7.657536,49.557801],[7.657659,49.558034],[7.657698,49.558106],[7.657858,49.55839],[7.657987,49.558629],[7.65804,49.55868],[7.658379,49.559002],[7.658556,49.559158],[7.658647,49.559218],[7.659409,49.559933],[7.659818,49.560362],[7.660082,49.56061],[7.660229,49.560804],[7.658448,49.557214],[7.658664,49.557178],[7.659673,49.557007],[7.660609,49.556815],[7.660761,49.556784],[7.660869,49.556762],[7.661126,49.556661],[7.661267,49.556545],[7.661832,49.55608],[7.662246,49.55574],[7.662461,49.555563],[7.662661,49.555455],[7.662777,49.555339],[7.663227,49.554887],[7.663366,49.554747],[7.664217,49.554025],[7.664258,49.553992],[7.664442,49.553843],[7.664628,49.553693],[7.664721,49.553619],[7.664798,49.553557],[7.66482,49.553539],[7.664936,49.553445],[7.665071,49.553337],[7.665351,49.55324],[7.667153,49.553287],[7.668119,49.553292],[7.668382,49.553323],[7.668795,49.553338],[7.669837,49.553315],[7.670347,49.55332],[7.670424,49.553303],[7.670576,49.553269],[7.670641,49.553195],[7.671735,49.552936],[7.6729,49.552643],[7.673033,49.552596],[7.673122,49.552559],[7.673218,49.552519],[7.673311,49.552478],[7.673449,49.552418],[7.673523,49.552386],[7.673558,49.55237],[7.673685,49.552325],[7.673823,49.552285],[7.674003,49.552242],[7.674129,49.552213],[7.674238,49.552188],[7.67427,49.55218],[7.674352,49.552156],[7.674443,49.552123],[7.674679,49.552023],[7.674794,49.551986],[7.674968,49.551879],[7.67502,49.551847],[7.675069,49.551816],[7.675105,49.551794],[7.675156,49.551761],[7.675183,49.551744],[7.675281,49.551684],[7.675444,49.551563],[7.675473,49.551542],[7.675524,49.551503],[7.675667,49.551397],[7.675711,49.551364],[7.67575,49.551336],[7.675882,49.551264],[7.675942,49.551231],[7.676117,49.551135],[7.676331,49.55102],[7.67654,49.550907],[7.676766,49.550785],[7.676948,49.550688],[7.676977,49.550672],[7.677125,49.550585],[7.677402,49.550423],[7.677629,49.55029],[7.677795,49.550187],[7.677936,49.5501],[7.678071,49.550016],[7.67823,49.549917],[7.678355,49.54984],[7.678397,49.549814],[7.678445,49.549784],[7.678493,49.549755],[7.678522,49.549733],[7.678544,49.549717],[7.678568,49.549699],[7.678601,49.549676],[7.678671,49.549629],[7.678852,49.549545],[7.678993,49.549479],[7.679139,49.549412],[7.679296,49.549331],[7.679425,49.549265],[7.679535,49.54921],[7.679657,49.549147],[7.679804,49.549072],[7.679842,49.549053],[7.679886,49.549031],[7.679981,49.548982],[7.680065,49.548939],[7.68008,49.548931],[7.68046,49.548682],[7.681206,49.548218],[7.68142,49.548086],[7.682486,49.547423],[7.682507,49.54741],[7.684931,49.545904],[7.684971,49.545928],[7.6852,49.545759],[7.685511,49.545528],[7.685531,49.545512],[7.685632,49.545432],[7.685752,49.545341],[7.686033,49.545124],[7.686364,49.544868],[7.68641,49.544827],[7.686469,49.544774],[7.686503,49.544744],[7.686729,49.544542],[7.686761,49.544513],[7.686798,49.544481],[7.687014,49.544288],[7.68733,49.544005],[7.687504,49.54385],[7.687443,49.5438],[7.686839,49.543302],[7.686681,49.54317],[7.686104,49.5427],[7.686009,49.542608],[7.685656,49.542267],[7.685035,49.541666],[7.684745,49.541417],[7.684107,49.541058],[7.684115,49.54074],[7.684142,49.540524],[7.684146,49.540489],[7.6842,49.540306],[7.684268,49.540078],[7.684366,49.539731],[7.684793,49.539487],[7.685121,49.539473],[7.685608,49.539537],[7.685761,49.539557],[7.68591,49.539579],[7.686145,49.539608],[7.686495,49.539654],[7.686608,49.53967],[7.686781,49.539695],[7.687,49.539726],[7.687232,49.539797],[7.687255,49.539808],[7.687924,49.540195],[7.688138,49.540552],[7.688196,49.540574],[7.68825,49.540594],[7.688859,49.540815],[7.689021,49.540874],[7.689198,49.54094],[7.689236,49.540954],[7.689691,49.541123],[7.689817,49.541174],[7.690091,49.54091],[7.690446,49.540568],[7.690457,49.540557],[7.690493,49.540523],[7.690847,49.540205],[7.690931,49.540129],[7.690951,49.540055],[7.69098,49.539944],[7.690996,49.539887],[7.691021,49.539794],[7.691071,49.539604],[7.691097,49.539508],[7.691184,49.539365],[7.691195,49.539347],[7.691304,49.539166],[7.691492,49.538856],[7.691638,49.538608],[7.691799,49.538331],[7.692152,49.538174],[7.692612,49.537975],[7.693897,49.537425],[7.693505,49.537218],[7.692712,49.536799],[7.692105,49.536487],[7.691616,49.536249],[7.691482,49.536184],[7.691365,49.536127],[7.691297,49.536095],[7.691243,49.536067],[7.690178,49.535703],[7.690007,49.535585],[7.689691,49.535367],[7.6892,49.535029],[7.688989,49.534877],[7.688888,49.534804],[7.688806,49.534745],[7.688903,49.534652],[7.688088,49.533995],[7.687532,49.533522],[7.68743,49.533443],[7.687032,49.533131],[7.686708,49.532886],[7.686636,49.532837],[7.686509,49.532746],[7.686254,49.53257],[7.685952,49.532363],[7.685834,49.532282],[7.685763,49.532235],[7.685649,49.53216],[7.685356,49.531984],[7.685306,49.531969],[7.685282,49.531961],[7.683792,49.531488],[7.682489,49.531075],[7.681351,49.530775],[7.680361,49.53052],[7.67939,49.530277],[7.678602,49.530087],[7.678617,49.530065],[7.678649,49.530019],[7.678682,49.52997],[7.677814,49.529564],[7.677617,49.529476],[7.6772,49.529288],[7.677046,49.529219],[7.676416,49.528744],[7.676374,49.528718],[7.675104,49.527931],[7.674746,49.52771],[7.674621,49.527612],[7.674476,49.5275],[7.6743,49.527363],[7.674215,49.527297],[7.674126,49.527229],[7.673961,49.5271],[7.673784,49.526963],[7.673608,49.526827],[7.673566,49.526794],[7.673554,49.526785],[7.673156,49.526485],[7.673026,49.526391],[7.672724,49.526174],[7.672068,49.52575],[7.671782,49.525565],[7.671538,49.525402],[7.671402,49.525312],[7.671275,49.525226],[7.671077,49.525097],[7.671069,49.525091],[7.670911,49.524983],[7.670758,49.524879],[7.6706,49.524771],[7.670435,49.524658],[7.670301,49.524567],[7.669832,49.524247],[7.669604,49.524091],[7.669481,49.524006],[7.669224,49.52383],[7.669097,49.523743],[7.669061,49.523723],[7.668849,49.523605],[7.668724,49.523536],[7.668656,49.523496],[7.668401,49.523355],[7.668069,49.52316],[7.667713,49.522773],[7.667588,49.52264],[7.66732,49.522526],[7.667321,49.522504],[7.667306,49.522418],[7.66692,49.522359],[7.666461,49.522396],[7.666313,49.52233],[7.666099,49.522325],[7.665916,49.522349],[7.665799,49.522375],[7.665725,49.522347],[7.665623,49.52232],[7.665399,49.522315],[7.665117,49.522349],[7.665093,49.522349],[7.664695,49.522338],[7.664662,49.522337],[7.664673,49.52236],[7.664688,49.522614],[7.664573,49.522881],[7.664574,49.522821],[7.664432,49.522843],[7.664331,49.522859]]]},"$schema":null,"$context":null},{"type":"Feature","properties":{"gml_id":"gemeinde_rlp.42","gid":42,"datum":"16.07.26","region":"Rheinland-Pfalz","gmdesch":131039,"gemeinde":"Kesseling","vgnr":13102,"vbgmde":"Altenahr","vgname":"Altenahr (13102)","kreissch":131,"ldkreis":"Ahrweiler","amtsgrcht":"Bad Neuenahr-Ahrweiler","finanzamt":"Bad Neuenahr-Ahrweiler","kanr":5750,"katamt":"Osteifel-Hunsr\u00fcck","katurl":"https:\/\/vermka-osteifel-hunsrueck.rlp.de","guta":720,"gutaurl":"https:\/\/gutachterausschuesse.rlp.de\/service\/gutachterausschuesse-fuer-grundstueckswerte\/","ags":713102039,"gemtyp":"Gemeinde","kreistyp":"Landkreis"},"bbox":[6.968514,50.418731,7.081721,50.503037],"geometry":{"type":"Polygon","coordinates":[[[7.047226,50.496115],[7.049262,50.496638],[7.049913,50.496703],[7.050936,50.496938],[7.051353,50.497154],[7.051704,50.497296],[7.052169,50.497576],[7.052627,50.49783],[7.053007,50.49798],[7.053066,50.498003],[7.053113,50.498022],[7.053246,50.498189],[7.05347,50.498269],[7.053654,50.498562],[7.054032,50.499192],[7.054054,50.49963],[7.054158,50.5],[7.054208,50.499996],[7.055132,50.50032],[7.055489,50.500445],[7.05619,50.50069],[7.056295,50.500727],[7.056394,50.500761],[7.056415,50.500768],[7.056604,50.500835],[7.056831,50.500914],[7.056973,50.500964],[7.057066,50.500949],[7.057218,50.500925],[7.057415,50.500893],[7.057462,50.500885],[7.057492,50.500881],[7.057674,50.500851],[7.057896,50.501079],[7.058066,50.501252],[7.058142,50.501307],[7.058413,50.501503],[7.058806,50.501725],[7.05908,50.501833],[7.059458,50.501915],[7.059585,50.501936],[7.059726,50.501959],[7.06009,50.502012],[7.060279,50.502039],[7.060634,50.502073],[7.060789,50.502088],[7.061184,50.502125],[7.0625,50.502313],[7.06273,50.502345],[7.063573,50.502488],[7.063906,50.502545],[7.064888,50.502731],[7.065961,50.502935],[7.066396,50.503003],[7.067026,50.503037],[7.067571,50.502896],[7.067963,50.502716],[7.068288,50.502263],[7.068361,50.502057],[7.068649,50.501676],[7.068913,50.501498],[7.069339,50.501325],[7.069346,50.501322],[7.070396,50.501316],[7.072111,50.50133],[7.073765,50.500958],[7.073827,50.500944],[7.073933,50.50092],[7.073938,50.500907],[7.073977,50.500802],[7.073988,50.500774],[7.07424,50.500105],[7.07432,50.499885],[7.074294,50.498686],[7.07515,50.49867],[7.075257,50.49857],[7.074975,50.498262],[7.075462,50.497253],[7.075872,50.496855],[7.076839,50.496444],[7.07749,50.49641],[7.079129,50.496754],[7.079827,50.496738],[7.079928,50.496525],[7.07985,50.495773],[7.080201,50.495275],[7.080574,50.495123],[7.080896,50.495073],[7.081544,50.494826],[7.081607,50.494802],[7.081721,50.494594],[7.081588,50.494452],[7.081123,50.493997],[7.080807,50.493637],[7.080395,50.493301],[7.079955,50.492755],[7.079491,50.492103],[7.079423,50.491897],[7.079392,50.491853],[7.078834,50.491061],[7.077594,50.490952],[7.077019,50.490881],[7.075912,50.490745],[7.074353,50.490588],[7.074207,50.490573],[7.073149,50.490468],[7.07217,50.49037],[7.071923,50.490317],[7.070909,50.490098],[7.06753,50.48935],[7.067189,50.4878],[7.067133,50.487375],[7.067056,50.486724],[7.066949,50.485822],[7.066916,50.485556],[7.066715,50.48466],[7.066477,50.484276],[7.0662,50.483817],[7.065137,50.48216],[7.065106,50.482106],[7.064984,50.481893],[7.064941,50.481818],[7.06491,50.48178],[7.064887,50.48175],[7.064842,50.481695],[7.064612,50.481437],[7.064587,50.481409],[7.064265,50.48153],[7.06384,50.481659],[7.063906,50.481442],[7.063779,50.481277],[7.063248,50.480587],[7.063159,50.480479],[7.06311,50.480375],[7.062818,50.479819],[7.062719,50.479544],[7.062625,50.479373],[7.062294,50.478769],[7.062257,50.478689],[7.06218,50.478519],[7.061989,50.478179],[7.061734,50.477723],[7.061619,50.477491],[7.061381,50.476738],[7.061277,50.476331],[7.061234,50.476186],[7.061211,50.47611],[7.061235,50.475611],[7.061035,50.475544],[7.06077,50.475455],[7.060683,50.475426],[7.060654,50.475416],[7.060769,50.475334],[7.060746,50.475112],[7.060389,50.474608],[7.06044,50.474101],[7.06034,50.473933],[7.060308,50.473565],[7.060035,50.473398],[7.059974,50.47336],[7.059913,50.473312],[7.05987,50.473277],[7.059753,50.473182],[7.059721,50.473087],[7.059513,50.472817],[7.059247,50.472635],[7.05921,50.472566],[7.059221,50.47218],[7.05943,50.472067],[7.059271,50.471679],[7.059277,50.471524],[7.059283,50.471484],[7.059297,50.471232],[7.059799,50.470659],[7.060092,50.470388],[7.060305,50.470179],[7.060274,50.470169],[7.060496,50.469855],[7.060742,50.469585],[7.060806,50.46941],[7.060997,50.469169],[7.061335,50.468839],[7.061462,50.468693],[7.061483,50.468701],[7.061578,50.468575],[7.061779,50.468392],[7.061834,50.468011],[7.061889,50.46783],[7.061967,50.467791],[7.061965,50.467777],[7.061956,50.467704],[7.061933,50.467534],[7.060513,50.467232],[7.059702,50.467931],[7.059676,50.467953],[7.058911,50.46849],[7.057333,50.469148],[7.055339,50.469813],[7.053666,50.470104],[7.052957,50.47023],[7.05025,50.470631],[7.049132,50.470496],[7.046895,50.470153],[7.044528,50.46979],[7.040161,50.469128],[7.04015,50.469101],[7.039777,50.468202],[7.03955,50.467653],[7.039471,50.467642],[7.039459,50.467284],[7.039307,50.467252],[7.039226,50.467235],[7.039216,50.467233],[7.039194,50.467228],[7.039143,50.467217],[7.039123,50.467213],[7.038805,50.467146],[7.038477,50.467077],[7.038183,50.467015],[7.037956,50.466968],[7.037784,50.466932],[7.037636,50.466901],[7.037395,50.46685],[7.037143,50.466797],[7.037103,50.466789],[7.036995,50.466753],[7.036841,50.466704],[7.036323,50.466536],[7.036142,50.466477],[7.03598,50.466424],[7.035801,50.466345],[7.035552,50.466235],[7.03532,50.466133],[7.034921,50.465761],[7.03561,50.464054],[7.036258,50.462448],[7.035853,50.462258],[7.035276,50.461939],[7.035125,50.461815],[7.03507,50.461692],[7.03525,50.461182],[7.035326,50.461078],[7.035463,50.460959],[7.036092,50.460576],[7.036384,50.460432],[7.036608,50.460333],[7.037045,50.460191],[7.037178,50.46017],[7.037397,50.460127],[7.03853,50.460121],[7.038701,50.460037],[7.038731,50.459877],[7.038797,50.459829],[7.039214,50.459525],[7.039588,50.459252],[7.039193,50.458806],[7.038984,50.457982],[7.038968,50.45792],[7.038977,50.457865],[7.039218,50.456402],[7.039279,50.456027],[7.039356,50.455558],[7.039364,50.45551],[7.039228,50.454638],[7.037238,50.454156],[7.036967,50.453585],[7.03688,50.452888],[7.036973,50.452493],[7.037085,50.452181],[7.03689,50.45185],[7.036177,50.450629],[7.035879,50.450293],[7.035523,50.449981],[7.035145,50.449819],[7.034652,50.449707],[7.034092,50.449511],[7.033742,50.449313],[7.033292,50.448877],[7.033898,50.448405],[7.034725,50.448049],[7.035305,50.447656],[7.035589,50.447379],[7.035416,50.446961],[7.035052,50.446579],[7.034766,50.446284],[7.034604,50.445574],[7.034732,50.445383],[7.03512,50.445181],[7.035668,50.44499],[7.036736,50.444669],[7.036276,50.442976],[7.036262,50.442922],[7.036246,50.442842],[7.036243,50.442824],[7.036196,50.442596],[7.03611,50.442316],[7.036025,50.441659],[7.031776,50.442045],[7.029319,50.442202],[7.028817,50.442245],[7.025242,50.443289],[7.025124,50.443323],[7.024824,50.443514],[7.024425,50.444179],[7.024224,50.444782],[7.0241,50.444637],[7.024075,50.444607],[7.024068,50.444598],[7.023706,50.444482],[7.022475,50.444085],[7.022621,50.443886],[7.022811,50.443583],[7.022881,50.443365],[7.022731,50.443174],[7.022603,50.443057],[7.022158,50.442758],[7.022009,50.442594],[7.021508,50.442005],[7.021046,50.44161],[7.020567,50.441292],[7.02008,50.441002],[7.019758,50.440885],[7.018947,50.440558],[7.018546,50.440417],[7.018133,50.440326],[7.017763,50.440306],[7.017596,50.440313],[7.016679,50.440496],[7.016225,50.440498],[7.015825,50.440455],[7.015076,50.44032],[7.014239,50.440168],[7.012505,50.439383],[7.002509,50.439283],[7.001589,50.439184],[7.000588,50.439076],[6.999548,50.438734],[6.998468,50.438279],[6.997277,50.437572],[6.996814,50.437086],[6.996325,50.436756],[6.996021,50.436609],[6.99597,50.436652],[6.995677,50.436489],[6.994686,50.437037],[6.993556,50.437962],[6.993396,50.438256],[6.993305,50.438825],[6.991445,50.438192],[6.99069,50.437934],[6.989552,50.436958],[6.988822,50.435872],[6.988774,50.435298],[6.988406,50.434602],[6.987508,50.43422],[6.98666,50.434],[6.984403,50.434794],[6.983094,50.43429],[6.982952,50.433953],[6.982754,50.433701],[6.983586,50.433308],[6.984004,50.432896],[6.984126,50.432514],[6.984124,50.43235],[6.983988,50.432105],[6.983182,50.431557],[6.982717,50.431391],[6.98226,50.43117],[6.981769,50.430487],[6.981488,50.430281],[6.981156,50.430231],[6.980699,50.430242],[6.979982,50.429869],[6.980564,50.429437],[6.980724,50.429318],[6.981515,50.428725],[6.981741,50.428267],[6.981715,50.427988],[6.981517,50.42777],[6.981201,50.427622],[6.980965,50.427524],[6.980589,50.427367],[6.9804,50.42732],[6.980144,50.427293],[6.979657,50.427135],[6.979179,50.42697],[6.9783,50.426799],[6.977003,50.42639],[6.976654,50.426208],[6.976471,50.426026],[6.97645,50.425644],[6.977007,50.425649],[6.977393,50.425511],[6.977425,50.425485],[6.978471,50.424675],[6.979022,50.424247],[6.979287,50.424047],[6.979341,50.423896],[6.979206,50.423725],[6.978911,50.4235],[6.978757,50.423483],[6.978592,50.423138],[6.97851,50.422717],[6.977873,50.422609],[6.977397,50.422384],[6.977219,50.422377],[6.977005,50.422476],[6.976322,50.422832],[6.975445,50.422844],[6.975247,50.422821],[6.975154,50.422718],[6.975802,50.421873],[6.976117,50.421173],[6.976337,50.420412],[6.976227,50.420032],[6.977052,50.419645],[6.976494,50.418913],[6.976259,50.418805],[6.975922,50.418731],[6.974558,50.418732],[6.974351,50.419367],[6.974339,50.420183],[6.97401,50.420834],[6.973661,50.4213],[6.973575,50.421685],[6.973137,50.421976],[6.97303,50.422136],[6.972659,50.422358],[6.97219,50.422803],[6.972,50.423076],[6.972,50.423411],[6.972,50.423415],[6.971767,50.423831],[6.971745,50.423985],[6.97163,50.424335],[6.971515,50.424433],[6.971516,50.424534],[6.971364,50.424656],[6.971044,50.425259],[6.970753,50.425392],[6.970804,50.425848],[6.970674,50.426054],[6.970727,50.42615],[6.970579,50.426411],[6.970661,50.426515],[6.97055,50.426698],[6.970606,50.426716],[6.97069,50.426743],[6.970817,50.426784],[6.970739,50.426999],[6.970869,50.42714],[6.970643,50.427458],[6.970646,50.427621],[6.970506,50.427821],[6.970064,50.428045],[6.969821,50.428461],[6.970196,50.428874],[6.970145,50.429874],[6.969867,50.430315],[6.969927,50.4308],[6.969876,50.431125],[6.969656,50.431301],[6.969587,50.431541],[6.969511,50.431792],[6.969627,50.432027],[6.969473,50.43211],[6.969509,50.432124],[6.969688,50.432192],[6.969674,50.43236],[6.96963,50.432925],[6.969395,50.43323],[6.969258,50.433527],[6.969136,50.434196],[6.968886,50.434475],[6.968671,50.435357],[6.968514,50.436189],[6.969186,50.436949],[6.969406,50.437515],[6.969396,50.438324],[6.969606,50.43902],[6.9696,50.439657],[6.969629,50.440261],[6.96959,50.44067],[6.969616,50.441098],[6.969758,50.441522],[6.969786,50.442193],[6.969948,50.44287],[6.969988,50.443035],[6.970434,50.443564],[6.970699,50.443856],[6.970742,50.443935],[6.970904,50.44423],[6.97118,50.444565],[6.971211,50.444603],[6.971213,50.444605],[6.971253,50.444889],[6.971494,50.44511],[6.971492,50.445185],[6.971618,50.445372],[6.971956,50.445648],[6.971992,50.445754],[6.972533,50.446265],[6.972867,50.446553],[6.972984,50.446716],[6.973014,50.446838],[6.972937,50.447016],[6.972904,50.44721],[6.973036,50.447249],[6.973252,50.447342],[6.973543,50.447497],[6.97422,50.447961],[6.9745,50.448207],[6.974622,50.448415],[6.974927,50.44893],[6.974957,50.449367],[6.975197,50.449737],[6.975295,50.450542],[6.975215,50.451016],[6.975275,50.45126],[6.975098,50.45187],[6.974861,50.452389],[6.97475,50.453127],[6.974897,50.453301],[6.975194,50.453471],[6.975723,50.453695],[6.976102,50.453816],[6.977265,50.454359],[6.977262,50.454393],[6.977494,50.454518],[6.977788,50.454687],[6.978004,50.454886],[6.978163,50.455035],[6.978291,50.455142],[6.978366,50.455228],[6.978458,50.45538],[6.978493,50.455469],[6.978543,50.455654],[6.978607,50.455857],[6.97872,50.456013],[6.978834,50.456153],[6.978915,50.456315],[6.979163,50.456511],[6.979178,50.456497],[6.979215,50.456525],[6.979784,50.456843],[6.980373,50.457305],[6.980572,50.457462],[6.980698,50.457594],[6.981372,50.458538],[6.981521,50.458972],[6.982498,50.460607],[6.982703,50.460887],[6.983209,50.461182],[6.984315,50.461907],[6.984493,50.462034],[6.984586,50.462004],[6.984591,50.462027],[6.984978,50.461844],[6.985131,50.461686],[6.985286,50.461595],[6.985938,50.461122],[6.986622,50.46068],[6.987037,50.460478],[6.987854,50.46016],[6.988362,50.459952],[6.988721,50.4599],[6.9887,50.459892],[6.988689,50.459885],[6.988539,50.459683],[6.989181,50.459423],[6.989252,50.459284],[6.989834,50.458921],[6.990254,50.45885],[6.990866,50.458669],[6.991022,50.458623],[6.991057,50.458723],[6.991077,50.45878],[6.991087,50.458809],[6.991177,50.458884],[6.991215,50.458916],[6.991312,50.458997],[6.991455,50.459116],[6.992024,50.459591],[6.992131,50.459681],[6.992373,50.459842],[6.992549,50.459978],[6.992864,50.460169],[6.992592,50.460307],[6.99342,50.460913],[6.993719,50.461061],[6.993629,50.462432],[6.993582,50.46289],[6.993526,50.463364],[6.993913,50.463682],[6.994294,50.463993],[6.994462,50.46397],[6.994671,50.464356],[6.994937,50.464611],[6.99496,50.464623],[6.99497,50.464632],[6.994792,50.46475],[6.994269,50.464809],[6.994001,50.464729],[6.993564,50.4647],[6.993558,50.464709],[6.993554,50.464717],[6.993433,50.46491],[6.993404,50.464957],[6.993204,50.464941],[6.993192,50.464966],[6.993055,50.465233],[6.993003,50.465335],[6.992983,50.465376],[6.992935,50.465468],[6.99292,50.465499],[6.992624,50.465498],[6.992362,50.465559],[6.9922,50.465604],[6.99131,50.465828],[6.991311,50.465965],[6.991367,50.46619],[6.99177,50.466315],[6.991731,50.466488],[6.991705,50.466604],[6.991683,50.466701],[6.991659,50.466809],[6.991633,50.466926],[6.991616,50.466998],[6.991599,50.467075],[6.991581,50.467156],[6.991554,50.467276],[6.991531,50.467379],[6.991507,50.467488],[6.991471,50.467646],[6.991462,50.467688],[6.991453,50.467724],[6.993262,50.467935],[6.993267,50.468235],[6.993259,50.468625],[6.993256,50.468788],[6.993253,50.468948],[6.993247,50.469035],[6.993274,50.469096],[6.993328,50.469228],[6.993465,50.469565],[6.993646,50.469581],[6.994027,50.469616],[6.994018,50.469842],[6.994003,50.470275],[6.9942,50.470228],[6.994269,50.470212],[6.994141,50.470745],[6.994416,50.470803],[6.994381,50.471083],[6.994399,50.471169],[6.994966,50.471229],[6.995167,50.471347],[6.995127,50.471525],[6.99521,50.471548],[6.995317,50.471579],[6.995342,50.471586],[6.995636,50.471619],[6.995782,50.471635],[6.99591,50.471649],[6.996173,50.471678],[6.996492,50.471713],[6.996733,50.471755],[6.997028,50.471806],[6.997193,50.471835],[6.99738,50.471867],[6.997254,50.472047],[6.997197,50.472127],[6.997244,50.472199],[6.997268,50.472234],[6.997288,50.472265],[6.997347,50.472354],[6.997523,50.472622],[6.997633,50.472789],[6.9977,50.47289],[6.997734,50.472924],[6.997847,50.473037],[6.998114,50.473305],[6.998308,50.473499],[6.998425,50.473617],[6.998548,50.473648],[6.998829,50.473719],[6.998886,50.473734],[6.998941,50.473748],[6.99896,50.473752],[6.998968,50.473841],[6.998852,50.473977],[6.998257,50.474266],[6.997803,50.474319],[6.997422,50.474415],[6.997225,50.474504],[6.997185,50.474505],[6.997192,50.474515],[6.997243,50.474576],[6.997447,50.474795],[6.997714,50.474988],[6.997799,50.475049],[6.997907,50.475126],[6.997795,50.47525],[6.998155,50.475539],[6.998088,50.475604],[6.997821,50.475867],[6.997751,50.475936],[6.997722,50.475965],[6.997518,50.476137],[6.997505,50.476236],[6.997489,50.476362],[6.997484,50.476401],[6.997498,50.476463],[6.997567,50.476753],[6.997607,50.476924],[6.998638,50.477296],[6.998981,50.47742],[6.998941,50.477505],[6.998877,50.477676],[6.998832,50.477796],[6.998738,50.478049],[6.998564,50.478281],[6.998494,50.478375],[6.998426,50.478465],[6.998379,50.478528],[6.998288,50.478648],[6.99819,50.478772],[6.998232,50.478958],[6.998264,50.479099],[6.99815,50.479373],[6.998057,50.479599],[6.998017,50.479696],[6.997999,50.47974],[6.997585,50.480171],[6.996851,50.481313],[6.997448,50.481517],[6.997099,50.481945],[6.997032,50.482025],[6.996806,50.4823],[6.996791,50.482318],[6.996764,50.482351],[6.996753,50.482364],[6.996677,50.482352],[6.9961,50.482427],[6.995649,50.482453],[6.994545,50.482626],[6.993715,50.483065],[6.993739,50.483071],[6.993869,50.483091],[6.99395,50.483096],[6.994165,50.483283],[6.994221,50.483325],[6.99429,50.483404],[6.994467,50.483544],[6.994595,50.483634],[6.994719,50.483849],[6.994738,50.483857],[6.99483,50.483974],[6.994712,50.484198],[6.994668,50.484304],[6.994558,50.484554],[6.994371,50.484812],[6.994284,50.484915],[6.994219,50.484958],[6.994225,50.484962],[6.994039,50.485169],[6.993927,50.485311],[6.993911,50.485309],[6.993941,50.485341],[6.993941,50.485384],[6.99376,50.485657],[6.993714,50.485868],[6.993709,50.48589],[6.993616,50.486109],[6.993636,50.486245],[6.993856,50.486526],[6.994191,50.486917],[6.994179,50.487075],[6.994199,50.487161],[6.994267,50.487283],[6.994332,50.487331],[6.994448,50.487465],[6.994349,50.487568],[6.994374,50.487642],[6.994443,50.487743],[6.994455,50.487867],[6.99452,50.488135],[6.994761,50.488257],[6.994907,50.488291],[6.994971,50.488418],[6.994845,50.488568],[6.994818,50.48875],[6.994957,50.488967],[6.995017,50.489087],[6.994992,50.489217],[6.995083,50.489341],[6.995193,50.489608],[6.995402,50.489893],[6.995514,50.489964],[6.995556,50.490021],[6.995591,50.490047],[6.995615,50.490061],[6.995683,50.490102],[6.995797,50.490149],[6.995846,50.490196],[6.995868,50.490328],[6.995966,50.490413],[6.996206,50.490455],[6.996377,50.490553],[6.99654,50.490632],[6.996564,50.490643],[6.996591,50.490656],[6.996675,50.490765],[6.996695,50.49081],[6.996684,50.490854],[6.996685,50.490869],[6.996685,50.490887],[6.99669,50.490973],[6.99674,50.491112],[6.996832,50.491265],[6.996851,50.491295],[6.99686,50.491331],[6.996883,50.491366],[6.996912,50.491412],[6.996945,50.491454],[6.996954,50.491466],[6.996986,50.491506],[6.997021,50.491561],[6.997046,50.491599],[6.997073,50.491642],[6.997098,50.49168],[6.997107,50.491692],[6.997135,50.491737],[6.997143,50.491749],[6.997172,50.491794],[6.997251,50.491916],[6.997381,50.492041],[6.997398,50.492057],[6.997493,50.492148],[6.9976,50.49225],[6.997755,50.492399],[6.99779,50.492445],[6.997985,50.492558],[6.998072,50.492627],[6.998147,50.492737],[6.99835,50.492857],[6.998603,50.492896],[6.998866,50.49287],[6.998879,50.492875],[6.999021,50.492925],[6.999194,50.492887],[6.999323,50.492911],[6.999425,50.49293],[6.999556,50.492962],[6.999623,50.492978],[6.999705,50.492989],[6.999724,50.493061],[6.999723,50.493251],[6.999795,50.493374],[6.999815,50.493407],[6.999841,50.493451],[6.999874,50.493505],[6.999901,50.493552],[6.999935,50.493609],[6.999963,50.493657],[6.999991,50.493704],[7.000009,50.493734],[7.000024,50.49376],[7.000054,50.493809],[7.000081,50.493856],[7.000115,50.493912],[7.000138,50.493951],[7.000147,50.493966],[7.000184,50.494021],[7.000207,50.494057],[7.000232,50.494096],[7.000258,50.494135],[7.000296,50.494194],[7.00032,50.49422],[7.000363,50.494266],[7.000378,50.494285],[7.000425,50.494348],[7.000465,50.494402],[7.000494,50.494427],[7.000554,50.494478],[7.000672,50.494615],[7.000776,50.494737],[7.000877,50.4948],[7.001034,50.494924],[7.001107,50.494981],[7.001176,50.495036],[7.001332,50.495159],[7.001513,50.495303],[7.00158,50.49536],[7.001737,50.495493],[7.001827,50.495569],[7.001846,50.495573],[7.001869,50.495565],[7.001925,50.495514],[7.00199,50.495504],[7.002082,50.495513],[7.002198,50.495512],[7.002327,50.495494],[7.002579,50.495458],[7.002748,50.495579],[7.002951,50.495724],[7.003048,50.495794],[7.003077,50.495814],[7.003128,50.495853],[7.003259,50.495951],[7.0034,50.496056],[7.003531,50.496174],[7.003541,50.496244],[7.003555,50.496334],[7.003567,50.496471],[7.003569,50.496487],[7.003595,50.496503],[7.003723,50.496575],[7.003782,50.496608],[7.003794,50.496615],[7.003902,50.496652],[7.004,50.496686],[7.004124,50.496729],[7.004219,50.496762],[7.004543,50.496777],[7.004853,50.496792],[7.004995,50.496799],[7.005016,50.496795],[7.005311,50.496746],[7.005614,50.496696],[7.005643,50.496696],[7.00581,50.496696],[7.006142,50.496695],[7.006571,50.496707],[7.006581,50.496761],[7.006724,50.49683],[7.006744,50.49686],[7.006911,50.49696],[7.007015,50.49698],[7.007114,50.497042],[7.00718,50.497066],[7.007302,50.497088],[7.007401,50.497124],[7.007628,50.497176],[7.007668,50.497196],[7.007739,50.497213],[7.007807,50.497267],[7.007849,50.497314],[7.008058,50.497379],[7.008171,50.497498],[7.008262,50.497543],[7.008395,50.497647],[7.008485,50.497672],[7.008519,50.497721],[7.00896,50.497875],[7.008993,50.497878],[7.009049,50.49794],[7.009158,50.49797],[7.009256,50.498042],[7.009305,50.498061],[7.009411,50.498216],[7.009442,50.498229],[7.009716,50.498521],[7.009808,50.4986],[7.010006,50.498772],[7.010135,50.498842],[7.010255,50.498898],[7.01036,50.49894],[7.010408,50.498955],[7.010652,50.499028],[7.010674,50.499036],[7.010815,50.499092],[7.010886,50.499085],[7.010916,50.499084],[7.010991,50.499081],[7.011087,50.499078],[7.011172,50.499092],[7.011281,50.499076],[7.01202,50.498971],[7.012524,50.498987],[7.012888,50.49901],[7.013018,50.499011],[7.013237,50.499013],[7.013468,50.499016],[7.0137,50.499018],[7.013913,50.499048],[7.014017,50.499063],[7.014033,50.499065],[7.014129,50.499081],[7.014352,50.49912],[7.014541,50.499152],[7.014555,50.499156],[7.014902,50.499241],[7.015557,50.499424],[7.016069,50.499573],[7.016577,50.499714],[7.017563,50.499665],[7.017793,50.499656],[7.018179,50.499663],[7.018714,50.499741],[7.019194,50.499853],[7.019316,50.499881],[7.019988,50.499732],[7.020344,50.499547],[7.020696,50.499377],[7.020934,50.499234],[7.021236,50.498819],[7.021372,50.498632],[7.021527,50.498335],[7.021249,50.498371],[7.021295,50.497654],[7.022042,50.497595],[7.022489,50.497566],[7.022826,50.49754],[7.02297,50.49753],[7.023584,50.497486],[7.023659,50.497481],[7.024488,50.497515],[7.0254,50.49753],[7.02567,50.497531],[7.025998,50.497542],[7.026441,50.497516],[7.027032,50.497474],[7.027816,50.497414],[7.028376,50.497382],[7.029791,50.497371],[7.030601,50.497333],[7.03066,50.497337],[7.031606,50.497409],[7.032167,50.497323],[7.032729,50.497341],[7.033404,50.497227],[7.03421,50.497076],[7.034244,50.497072],[7.035282,50.497026],[7.03538,50.497017],[7.03662,50.496943],[7.037938,50.496915],[7.038956,50.49667],[7.039882,50.49635],[7.041178,50.496263],[7.042173,50.49594],[7.042834,50.495748],[7.043524,50.495462],[7.044002,50.495426],[7.044487,50.495527],[7.045498,50.495604],[7.046077,50.495664],[7.047226,50.496115]]]},"$schema":null,"$context":null},{"type":"Feature","properties":{"gml_id":"gemeinde_rlp.43","gid":43,"datum":"16.07.26","region":"Rheinland-Pfalz","gmdesch":143038,"gemeinde":"Hundsdorf","vgnr":14305,"vbgmde":"Ransbach-Baumbach","vgname":"Ransbach-Baumbach (14305)","kreissch":143,"ldkreis":"Westerwaldkreis","amtsgrcht":"Montabaur","finanzamt":"Montabaur-Diez","kanr":9100,"katamt":"Westerwald-Taunus","katurl":"https:\/\/vermka-westerwald-taunus.rlp.de","guta":800,"gutaurl":"https:\/\/gutachterausschuesse.rlp.de\/service\/gutachterausschuesse-fuer-grundstueckswerte\/","ags":714305038,"gemtyp":"Gemeinde","kreistyp":"Landkreis"},"bbox":[7.696339,50.463338,7.713838,50.483073],"geometry":{"type":"Polygon","coordinates":[[[7.712223,50.471967],[7.712695,50.471874],[7.712791,50.471859],[7.712725,50.471818],[7.712261,50.471526],[7.712286,50.471426],[7.712288,50.471419],[7.712344,50.471181],[7.712355,50.471134],[7.712356,50.471128],[7.712362,50.471101],[7.712401,50.470935],[7.712407,50.470906],[7.712409,50.470896],[7.712417,50.470858],[7.712489,50.470502],[7.712495,50.470471],[7.712496,50.470466],[7.7125,50.470451],[7.712501,50.470444],[7.712515,50.470379],[7.712517,50.470373],[7.712523,50.470367],[7.712539,50.470351],[7.71349,50.46941],[7.713534,50.469366],[7.713567,50.469334],[7.713597,50.469304],[7.713838,50.469065],[7.713821,50.469041],[7.713769,50.468965],[7.713591,50.468706],[7.713337,50.468338],[7.713035,50.467898],[7.712651,50.467339],[7.712096,50.46653],[7.712082,50.466531],[7.711436,50.46661],[7.711425,50.466575],[7.711423,50.466566],[7.71142,50.466558],[7.711227,50.465934],[7.711033,50.465305],[7.711025,50.46528],[7.711001,50.465204],[7.710911,50.46491],[7.710905,50.464891],[7.710844,50.464691],[7.710794,50.46453],[7.710744,50.46437],[7.710677,50.464363],[7.710656,50.464361],[7.710641,50.46436],[7.710222,50.464317],[7.710207,50.464315],[7.709742,50.464268],[7.70968,50.464262],[7.709668,50.464261],[7.709673,50.464226],[7.709703,50.463983],[7.709649,50.463975],[7.709634,50.463972],[7.708304,50.463769],[7.70743,50.463633],[7.706907,50.463553],[7.705565,50.463346],[7.70551,50.463338],[7.704753,50.46552],[7.704436,50.465675],[7.703674,50.466047],[7.703333,50.465885],[7.703101,50.465984],[7.702208,50.466363],[7.701908,50.466532],[7.701805,50.466595],[7.701714,50.466693],[7.701515,50.466786],[7.701044,50.46691],[7.700326,50.467282],[7.699864,50.467713],[7.699524,50.467914],[7.699507,50.467928],[7.69884,50.468618],[7.698828,50.468631],[7.698592,50.468878],[7.698385,50.469094],[7.698211,50.469274],[7.698137,50.46935],[7.697897,50.469267],[7.697391,50.46909],[7.697316,50.469122],[7.696697,50.469389],[7.69661,50.469426],[7.696339,50.469543],[7.697269,50.469703],[7.697962,50.469822],[7.697962,50.469833],[7.697967,50.469949],[7.697968,50.469975],[7.697977,50.470226],[7.697977,50.470231],[7.697979,50.470268],[7.69798,50.47028],[7.697983,50.470328],[7.697984,50.470343],[7.698376,50.47041],[7.698337,50.470541],[7.698343,50.470626],[7.698344,50.470635],[7.698345,50.470659],[7.698355,50.470972],[7.698047,50.470963],[7.698026,50.470962],[7.698028,50.470989],[7.698363,50.470999],[7.69838,50.471053],[7.698465,50.471316],[7.698505,50.471443],[7.698568,50.471426],[7.698939,50.471328],[7.699326,50.471164],[7.699834,50.471001],[7.699891,50.470982],[7.700038,50.470935],[7.700064,50.470927],[7.700248,50.471021],[7.700292,50.471112],[7.70055,50.471644],[7.700568,50.471682],[7.700806,50.472172],[7.700995,50.472561],[7.701617,50.473181],[7.70231,50.473871],[7.702983,50.474539],[7.702545,50.475518],[7.701619,50.477635],[7.702366,50.478364],[7.703108,50.479086],[7.703165,50.479792],[7.703167,50.480228],[7.703246,50.480465],[7.703528,50.48132],[7.703531,50.482321],[7.703384,50.483073],[7.704685,50.48252],[7.706218,50.482141],[7.706366,50.482082],[7.707812,50.481513],[7.708677,50.481143],[7.70913,50.48093],[7.709352,50.480789],[7.709526,50.480681],[7.709643,50.480607],[7.70988,50.480458],[7.710115,50.48031],[7.710357,50.480064],[7.710443,50.479967],[7.710573,50.47982],[7.710568,50.47978],[7.710555,50.47969],[7.71051,50.479334],[7.710488,50.479167],[7.710664,50.478539],[7.710966,50.47772],[7.710968,50.477686],[7.710972,50.477626],[7.710974,50.477599],[7.711011,50.476971],[7.711276,50.476225],[7.711368,50.476018],[7.7114,50.475945],[7.711557,50.475575],[7.71154,50.475514],[7.711436,50.475052],[7.71168,50.474647],[7.711584,50.474083],[7.711756,50.473666],[7.711168,50.472931],[7.711392,50.472521],[7.711813,50.472117],[7.712223,50.471967]]]},"$schema":null,"$context":null},{"type":"Feature","properties":{"gml_id":"gemeinde_rlp.44","gid":44,"datum":"16.07.26","region":"Rheinland-Pfalz","gmdesch":134022,"gemeinde":"Elchweiler","vgnr":13402,"vbgmde":"Birkenfeld","vgname":"Birkenfeld (13402)","kreissch":134,"ldkreis":"Birkenfeld","amtsgrcht":"Idar-Oberstein","finanzamt":"Idar-Oberstein","kanr":6600,"katamt":"Rheinhessen-Nahe","katurl":"https:\/\/vermka-rheinhessen-nahe.rlp.de","guta":740,"gutaurl":"https:\/\/gutachterausschuesse.rlp.de\/service\/gutachterausschuesse-fuer-grundstueckswerte\/","ags":713402022,"gemtyp":"Gemeinde","kreistyp":"Landkreis"},"bbox":[7.171736,49.66425,7.213036,49.677976],"geometry":{"type":"Polygon","coordinates":[[[7.172265,49.67488],[7.172482,49.675001],[7.172896,49.674702],[7.173274,49.674832],[7.173465,49.674898],[7.174546,49.674777],[7.174659,49.674695],[7.175322,49.674216],[7.175384,49.674236],[7.176318,49.674542],[7.176583,49.673935],[7.176554,49.673897],[7.176643,49.673914],[7.178205,49.674383],[7.179431,49.67475],[7.179592,49.67469],[7.180348,49.674535],[7.180405,49.674523],[7.180449,49.674501],[7.181412,49.674014],[7.181468,49.674002],[7.181553,49.673985],[7.181578,49.67398],[7.182389,49.673852],[7.18294,49.673885],[7.183328,49.673865],[7.183855,49.673962],[7.184167,49.673801],[7.184675,49.673903],[7.184758,49.673919],[7.18586,49.673942],[7.186605,49.673958],[7.186662,49.673959],[7.186729,49.673972],[7.187901,49.674187],[7.188256,49.674252],[7.189162,49.674228],[7.189286,49.674231],[7.189437,49.674239],[7.189762,49.674293],[7.189809,49.674266],[7.189822,49.674221],[7.190076,49.67413],[7.190235,49.674132],[7.190999,49.67451],[7.191455,49.674505],[7.191979,49.674696],[7.192714,49.675287],[7.192821,49.675316],[7.193185,49.675289],[7.193342,49.675277],[7.193431,49.675401],[7.194303,49.675977],[7.194443,49.67596],[7.195432,49.675849],[7.19673,49.675703],[7.196996,49.675928],[7.197187,49.676091],[7.197394,49.676267],[7.197537,49.676388],[7.198601,49.676589],[7.198651,49.676598],[7.199552,49.676768],[7.199627,49.676782],[7.200215,49.676893],[7.200946,49.677031],[7.201083,49.677057],[7.202035,49.677309],[7.202177,49.677347],[7.203087,49.677588],[7.203927,49.677811],[7.20418,49.677878],[7.204327,49.677957],[7.20439,49.677976],[7.204342,49.677913],[7.204605,49.677147],[7.204682,49.677031],[7.204727,49.676964],[7.204852,49.676775],[7.204808,49.676645],[7.204775,49.67655],[7.204748,49.676472],[7.204813,49.676517],[7.205487,49.676648],[7.205603,49.676682],[7.206014,49.675582],[7.206001,49.675468],[7.205864,49.675312],[7.206084,49.675092],[7.206108,49.675068],[7.206236,49.67494],[7.206356,49.67482],[7.206386,49.674789],[7.207495,49.675111],[7.207759,49.6752],[7.208174,49.675338],[7.208184,49.675346],[7.20821,49.675327],[7.208344,49.675228],[7.208402,49.675223],[7.208466,49.675206],[7.208506,49.675195],[7.208762,49.675126],[7.20881,49.675113],[7.208883,49.675093],[7.20898,49.675067],[7.209249,49.674994],[7.209907,49.674815],[7.20997,49.674798],[7.210065,49.674781],[7.209983,49.674713],[7.209373,49.674122],[7.208793,49.67356],[7.208806,49.673508],[7.210123,49.672803],[7.210192,49.672761],[7.210261,49.672717],[7.211297,49.672277],[7.212223,49.671884],[7.213036,49.670962],[7.212614,49.670488],[7.212279,49.669954],[7.212195,49.669646],[7.212063,49.669463],[7.212178,49.669329],[7.211962,49.668088],[7.211832,49.668155],[7.211259,49.668448],[7.210712,49.668727],[7.21069,49.668738],[7.210023,49.669069],[7.209998,49.669082],[7.209852,49.669104],[7.209537,49.669169],[7.209327,49.669342],[7.209299,49.669353],[7.208776,49.669547],[7.208763,49.669552],[7.208631,49.669639],[7.208078,49.669965],[7.207995,49.669955],[7.207475,49.67011],[7.207206,49.670265],[7.206937,49.67042],[7.206507,49.670739],[7.20641,49.670811],[7.206389,49.670776],[7.205798,49.669773],[7.205706,49.669742],[7.204632,49.669925],[7.204598,49.669968],[7.204557,49.669901],[7.204538,49.669866],[7.204245,49.669331],[7.204193,49.669343],[7.204147,49.669354],[7.203957,49.66936],[7.203959,49.669324],[7.203951,49.669289],[7.203604,49.669351],[7.202513,49.669545],[7.20164,49.668662],[7.201458,49.668518],[7.200847,49.667874],[7.200751,49.667816],[7.199809,49.667499],[7.1983,49.666781],[7.198155,49.666756],[7.198099,49.666755],[7.197039,49.666729],[7.196983,49.666728],[7.196881,49.666676],[7.194973,49.66572],[7.194875,49.66567],[7.194465,49.666093],[7.194435,49.666124],[7.194402,49.666158],[7.19439,49.666171],[7.194345,49.666217],[7.194191,49.666067],[7.194095,49.665932],[7.194049,49.665866],[7.194023,49.665829],[7.193984,49.665775],[7.193862,49.66544],[7.193859,49.665057],[7.193745,49.664716],[7.193617,49.66469],[7.193598,49.664687],[7.19337,49.664642],[7.193232,49.664573],[7.1929,49.66453],[7.192476,49.664475],[7.192342,49.664458],[7.191998,49.664413],[7.19161,49.664362],[7.190743,49.66425],[7.190758,49.664392],[7.190708,49.664663],[7.190535,49.664929],[7.190411,49.66512],[7.190382,49.665164],[7.189961,49.665375],[7.189583,49.665564],[7.18922,49.665745],[7.189071,49.665819],[7.188948,49.666031],[7.188798,49.666288],[7.188558,49.666363],[7.187912,49.666564],[7.186816,49.667074],[7.186615,49.667088],[7.186529,49.667094],[7.18629,49.66711],[7.186078,49.667094],[7.185887,49.667003],[7.185771,49.666674],[7.1857,49.666472],[7.18467,49.666738],[7.183919,49.667007],[7.183788,49.666966],[7.182846,49.667591],[7.182538,49.668161],[7.182503,49.66823],[7.182485,49.668264],[7.182436,49.668352],[7.181996,49.669285],[7.181555,49.669363],[7.1807,49.669743],[7.179991,49.669773],[7.179664,49.669717],[7.179386,49.669852],[7.178892,49.669819],[7.178768,49.66973],[7.178452,49.669769],[7.178346,49.669853],[7.177734,49.670092],[7.177303,49.670135],[7.17729,49.670137],[7.177169,49.670149],[7.17714,49.670152],[7.176604,49.66998],[7.176577,49.669855],[7.17651,49.669864],[7.176169,49.669905],[7.175348,49.669526],[7.175113,49.669361],[7.174699,49.669278],[7.174599,49.669324],[7.17386,49.669158],[7.173532,49.669284],[7.173534,49.669293],[7.173548,49.669363],[7.173761,49.669371],[7.173985,49.66943],[7.174143,49.669482],[7.174144,49.669673],[7.174139,49.670102],[7.174142,49.670172],[7.174296,49.670988],[7.175082,49.671502],[7.175117,49.671525],[7.174658,49.672061],[7.175335,49.672335],[7.176174,49.672871],[7.1766,49.673228],[7.176528,49.673284],[7.176138,49.673588],[7.176049,49.673657],[7.176022,49.673678],[7.175967,49.673721],[7.175696,49.673758],[7.174534,49.673918],[7.174446,49.67393],[7.173667,49.673859],[7.172839,49.673784],[7.172099,49.674321],[7.171736,49.674586],[7.172265,49.67488]]]},"$schema":null,"$context":null},{"type":"Feature","properties":{"gml_id":"gemeinde_rlp.45","gid":45,"datum":"16.07.26","region":"Rheinland-Pfalz","gmdesch":131083,"gemeinde":"Wiesemscheid","vgnr":13101,"vbgmde":"Adenau","vgname":"Adenau (13101)","kreissch":131,"ldkreis":"Ahrweiler","amtsgrcht":"Bad Neuenahr-Ahrweiler","finanzamt":"Bad Neuenahr-Ahrweiler","kanr":5750,"katamt":"Osteifel-Hunsr\u00fcck","katurl":"https:\/\/vermka-osteifel-hunsrueck.rlp.de","guta":720,"gutaurl":"https:\/\/gutachterausschuesse.rlp.de\/service\/gutachterausschuesse-fuer-grundstueckswerte\/","ags":713101083,"gemtyp":"Gemeinde","kreistyp":"Landkreis"},"bbox":[6.868817,50.32193,6.92462,50.346499],"geometry":{"type":"Polygon","coordinates":[[[6.88097,50.329998],[6.880927,50.329915],[6.880789,50.329645],[6.880696,50.32969],[6.880652,50.329713],[6.880489,50.329794],[6.879963,50.329882],[6.879502,50.329968],[6.879418,50.329984],[6.879116,50.330044],[6.878995,50.330075],[6.87823,50.330271],[6.878056,50.330293],[6.877828,50.330322],[6.877696,50.33041],[6.877381,50.330466],[6.877294,50.330427],[6.877266,50.330439],[6.877168,50.330481],[6.877009,50.330549],[6.8768,50.330524],[6.876492,50.330642],[6.8764,50.330685],[6.876322,50.330722],[6.876264,50.330646],[6.875931,50.330792],[6.875914,50.3308],[6.875831,50.330836],[6.875717,50.33096],[6.875804,50.331032],[6.87574,50.331085],[6.875591,50.331209],[6.875342,50.331358],[6.875263,50.331442],[6.874887,50.331848],[6.874674,50.332077],[6.874577,50.332182],[6.874221,50.332563],[6.874047,50.332752],[6.873813,50.333003],[6.873606,50.333226],[6.873328,50.333524],[6.873294,50.33356],[6.873258,50.333598],[6.872931,50.333933],[6.872584,50.334285],[6.871885,50.334996],[6.871569,50.335318],[6.871421,50.33547],[6.871145,50.335417],[6.870136,50.335224],[6.869793,50.335158],[6.869005,50.335007],[6.868817,50.334971],[6.86897,50.335454],[6.869271,50.335851],[6.870586,50.336312],[6.872155,50.336863],[6.87292,50.337131],[6.874527,50.337697],[6.874588,50.337718],[6.875184,50.337926],[6.876485,50.338384],[6.876779,50.338488],[6.878402,50.339057],[6.879265,50.33936],[6.879843,50.339563],[6.880491,50.339763],[6.880653,50.339813],[6.880681,50.339821],[6.882913,50.340508],[6.882976,50.340528],[6.884067,50.340863],[6.884397,50.340936],[6.884596,50.34098],[6.885956,50.341279],[6.886628,50.341928],[6.886879,50.342541],[6.887302,50.343426],[6.887978,50.343501],[6.888769,50.343572],[6.889685,50.344209],[6.889761,50.344208],[6.890592,50.344192],[6.89062,50.344192],[6.890777,50.344228],[6.891228,50.344335],[6.891331,50.344666],[6.891454,50.345063],[6.891543,50.345349],[6.89164,50.345809],[6.892065,50.346204],[6.89235,50.346456],[6.892368,50.346469],[6.892389,50.346486],[6.892407,50.346499],[6.892445,50.34647],[6.892569,50.346437],[6.89271,50.346427],[6.892784,50.346408],[6.892822,50.346389],[6.892847,50.34637],[6.892915,50.346317],[6.892925,50.34631],[6.892934,50.346292],[6.892921,50.346045],[6.892934,50.34598],[6.892966,50.345899],[6.893127,50.3455],[6.893174,50.34543],[6.893229,50.345381],[6.89348,50.345246],[6.893559,50.345193],[6.893627,50.34513],[6.893671,50.345079],[6.893827,50.344843],[6.893884,50.34477],[6.893965,50.344696],[6.894079,50.344615],[6.894251,50.344532],[6.894511,50.344341],[6.894638,50.344271],[6.894701,50.344242],[6.89478,50.344212],[6.895043,50.344136],[6.895453,50.344],[6.895858,50.343833],[6.895905,50.343799],[6.895932,50.343755],[6.895945,50.343708],[6.895934,50.343672],[6.89594,50.343628],[6.895967,50.343583],[6.896019,50.343529],[6.896085,50.343482],[6.896191,50.343425],[6.896418,50.343387],[6.896556,50.343264],[6.896757,50.343233],[6.896805,50.343204],[6.896904,50.343135],[6.897005,50.343104],[6.897231,50.343154],[6.897373,50.343161],[6.897427,50.343138],[6.897444,50.343065],[6.897588,50.343047],[6.897784,50.343087],[6.897923,50.343092],[6.898047,50.343072],[6.898183,50.343083],[6.898292,50.343046],[6.898357,50.342992],[6.898455,50.342956],[6.898527,50.342964],[6.898591,50.342999],[6.898593,50.343073],[6.898648,50.343114],[6.898811,50.343132],[6.898962,50.343096],[6.89912,50.34314],[6.899181,50.343107],[6.899191,50.343077],[6.899382,50.343021],[6.899399,50.34296],[6.899491,50.342933],[6.899652,50.342966],[6.89974,50.342966],[6.899763,50.342938],[6.89986,50.343003],[6.899926,50.343009],[6.900011,50.342936],[6.900335,50.343028],[6.900527,50.343104],[6.900585,50.343098],[6.900642,50.342952],[6.90091,50.34296],[6.900976,50.342992],[6.901061,50.342989],[6.901175,50.342878],[6.901331,50.342881],[6.901537,50.342825],[6.901565,50.342907],[6.901633,50.342922],[6.90171,50.342896],[6.901766,50.34282],[6.901865,50.342811],[6.901902,50.342833],[6.901926,50.342887],[6.90198,50.34293],[6.902172,50.342979],[6.902126,50.343014],[6.902244,50.343099],[6.902178,50.343166],[6.902275,50.343194],[6.902453,50.343203],[6.902528,50.343128],[6.902612,50.343112],[6.902735,50.343154],[6.902853,50.34324],[6.902882,50.343262],[6.902988,50.343311],[6.903021,50.343338],[6.903246,50.343431],[6.903411,50.343405],[6.903986,50.34348],[6.904075,50.34354],[6.904178,50.343547],[6.904252,50.343566],[6.904322,50.343604],[6.904396,50.343612],[6.904464,50.343634],[6.904594,50.343592],[6.90488,50.34359],[6.905058,50.343622],[6.905157,50.343659],[6.905298,50.343642],[6.905506,50.343655],[6.905617,50.343595],[6.905679,50.343653],[6.905756,50.343672],[6.906031,50.343636],[6.906192,50.343647],[6.906305,50.343598],[6.906419,50.343573],[6.906523,50.343423],[6.906603,50.343381],[6.906752,50.343363],[6.90698,50.343279],[6.907072,50.343261],[6.907145,50.343213],[6.907187,50.342992],[6.90723,50.342912],[6.907458,50.34279],[6.907543,50.342688],[6.907568,50.342606],[6.907626,50.342534],[6.907771,50.34232],[6.907996,50.342191],[6.908093,50.342084],[6.908224,50.342036],[6.90869,50.341951],[6.909162,50.341952],[6.909416,50.342028],[6.909604,50.342039],[6.910061,50.342175],[6.910195,50.34218],[6.91027,50.342206],[6.910787,50.342105],[6.911007,50.342117],[6.911127,50.342162],[6.911312,50.342177],[6.911535,50.342079],[6.911764,50.342116],[6.912153,50.342095],[6.912703,50.342016],[6.912962,50.342042],[6.913156,50.342032],[6.913317,50.342049],[6.913436,50.342026],[6.913602,50.341953],[6.913983,50.341878],[6.91427,50.341785],[6.914324,50.341744],[6.914388,50.341731],[6.91474,50.341633],[6.914889,50.341607],[6.915174,50.341581],[6.915328,50.341535],[6.915504,50.341538],[6.915733,50.341507],[6.915872,50.341548],[6.915954,50.34153],[6.915942,50.34145],[6.915985,50.341403],[6.916047,50.341324],[6.916126,50.341284],[6.916221,50.341308],[6.916351,50.341259],[6.916428,50.341247],[6.916477,50.34119],[6.916467,50.341115],[6.916402,50.341047],[6.916295,50.341035],[6.916244,50.341014],[6.916239,50.340973],[6.916274,50.340933],[6.916242,50.340899],[6.916218,50.340835],[6.916289,50.340715],[6.916265,50.340656],[6.916267,50.340547],[6.916313,50.340477],[6.916325,50.34038],[6.916391,50.340346],[6.916392,50.34031],[6.916443,50.340242],[6.916506,50.340229],[6.916535,50.340184],[6.916519,50.340127],[6.916564,50.340076],[6.916669,50.34007],[6.916714,50.340038],[6.916925,50.339845],[6.916881,50.3398],[6.916905,50.33975],[6.91688,50.339701],[6.916965,50.339564],[6.916977,50.339513],[6.917001,50.339471],[6.916986,50.339437],[6.916994,50.339329],[6.917075,50.339249],[6.917155,50.339112],[6.917174,50.339032],[6.917209,50.339005],[6.917278,50.338832],[6.917425,50.338767],[6.917566,50.338725],[6.917571,50.338727],[6.917716,50.338738],[6.917874,50.338716],[6.918064,50.338567],[6.918323,50.338653],[6.918421,50.33863],[6.918519,50.338663],[6.918661,50.338654],[6.918875,50.338689],[6.918898,50.338749],[6.919009,50.338798],[6.919172,50.338907],[6.919353,50.338904],[6.919502,50.338871],[6.919687,50.338737],[6.919943,50.338552],[6.92001,50.338582],[6.92033,50.33852],[6.920458,50.338519],[6.920828,50.338291],[6.921049,50.338089],[6.921046,50.338051],[6.921037,50.337941],[6.921088,50.337883],[6.921162,50.337838],[6.921045,50.337755],[6.921113,50.33768],[6.921184,50.337639],[6.921299,50.33748],[6.921509,50.337438],[6.921536,50.337399],[6.921576,50.337369],[6.921907,50.337096],[6.922383,50.336705],[6.922418,50.336704],[6.923773,50.336667],[6.924077,50.336659],[6.924104,50.336659],[6.92462,50.336645],[6.924569,50.335879],[6.923538,50.335101],[6.923307,50.334927],[6.923263,50.334901],[6.922965,50.334723],[6.922951,50.334715],[6.922868,50.334663],[6.922691,50.334535],[6.922131,50.33413],[6.921927,50.333983],[6.921912,50.333972],[6.921738,50.333826],[6.921383,50.333588],[6.921365,50.333581],[6.921249,50.333537],[6.921061,50.33342],[6.920997,50.333365],[6.920976,50.333342],[6.920959,50.333262],[6.920972,50.3332],[6.920991,50.333167],[6.920948,50.333108],[6.921031,50.332922],[6.921055,50.332846],[6.921073,50.332791],[6.921146,50.332633],[6.921173,50.332606],[6.921217,50.332563],[6.920265,50.332054],[6.919965,50.331889],[6.918937,50.331597],[6.918678,50.331543],[6.918365,50.331477],[6.918301,50.331463],[6.918098,50.331436],[6.916478,50.331059],[6.916057,50.330925],[6.915812,50.330832],[6.914828,50.330515],[6.914406,50.330395],[6.913321,50.32968],[6.912832,50.329354],[6.91196,50.328787],[6.911726,50.32867],[6.911044,50.32861],[6.910244,50.328267],[6.90962,50.328164],[6.909004,50.32808],[6.908527,50.328121],[6.907696,50.327935],[6.907107,50.32801],[6.905881,50.327825],[6.905538,50.327898],[6.905371,50.327787],[6.905307,50.32769],[6.905584,50.32752],[6.906087,50.32715],[6.906259,50.327035],[6.906079,50.326981],[6.90577,50.326901],[6.905375,50.326963],[6.905036,50.326911],[6.904583,50.326634],[6.903971,50.326213],[6.903914,50.326178],[6.90383,50.326118],[6.903865,50.326098],[6.903857,50.326088],[6.903849,50.326081],[6.903807,50.326094],[6.903755,50.326066],[6.903711,50.326013],[6.903693,50.325962],[6.903554,50.325893],[6.903414,50.325858],[6.903382,50.325818],[6.903228,50.325753],[6.903017,50.325711],[6.90291,50.325673],[6.902838,50.325633],[6.902703,50.325631],[6.902641,50.325652],[6.902556,50.325613],[6.902517,50.325533],[6.902416,50.325509],[6.90232,50.325421],[6.902289,50.325346],[6.902197,50.325286],[6.902066,50.325302],[6.902006,50.325242],[6.901918,50.325183],[6.901684,50.325203],[6.901564,50.325169],[6.901558,50.325098],[6.90113,50.325046],[6.901048,50.325018],[6.901044,50.324974],[6.900808,50.324902],[6.900686,50.324798],[6.900426,50.324692],[6.900281,50.324669],[6.900229,50.324605],[6.900162,50.324582],[6.900115,50.324545],[6.900117,50.324507],[6.899882,50.324526],[6.899786,50.324453],[6.899642,50.324382],[6.899474,50.324312],[6.899391,50.324247],[6.899378,50.324183],[6.899253,50.324087],[6.899197,50.324073],[6.899011,50.32409],[6.89877,50.324131],[6.898627,50.32413],[6.898378,50.324073],[6.898134,50.324099],[6.897723,50.324202],[6.897451,50.324157],[6.897334,50.32418],[6.897301,50.324213],[6.897225,50.324208],[6.897163,50.324229],[6.897085,50.324202],[6.896834,50.324205],[6.896729,50.324194],[6.896617,50.324206],[6.896601,50.324202],[6.896516,50.324202],[6.896515,50.324185],[6.896515,50.324173],[6.896376,50.324109],[6.896338,50.324063],[6.896294,50.324077],[6.896158,50.324105],[6.896118,50.324135],[6.89606,50.324107],[6.896064,50.324062],[6.896042,50.32403],[6.895914,50.324011],[6.895822,50.32402],[6.895762,50.32405],[6.89563,50.324039],[6.895573,50.324069],[6.895517,50.324028],[6.895372,50.324024],[6.895164,50.324056],[6.895061,50.324086],[6.895021,50.324057],[6.895005,50.323992],[6.894874,50.323895],[6.894804,50.323887],[6.894738,50.323867],[6.894748,50.323792],[6.894679,50.323754],[6.894667,50.323707],[6.89462,50.323706],[6.894538,50.323747],[6.894465,50.323738],[6.894459,50.323679],[6.894312,50.323636],[6.894256,50.323654],[6.894044,50.323596],[6.894029,50.323534],[6.893886,50.323528],[6.89384,50.323458],[6.89379,50.323465],[6.893754,50.323498],[6.893624,50.323473],[6.893507,50.323403],[6.893468,50.323344],[6.893412,50.323294],[6.893408,50.323261],[6.893378,50.323242],[6.893306,50.323254],[6.893246,50.323186],[6.893064,50.32312],[6.892947,50.323145],[6.892899,50.323117],[6.892829,50.323089],[6.892761,50.323027],[6.89271,50.32302],[6.892662,50.323038],[6.892569,50.323031],[6.892435,50.322975],[6.892379,50.322961],[6.892337,50.322922],[6.89215,50.322837],[6.892101,50.322849],[6.892048,50.32284],[6.891996,50.322785],[6.891927,50.322763],[6.89189,50.322721],[6.891847,50.322726],[6.891827,50.322764],[6.891773,50.322779],[6.891676,50.322741],[6.89162,50.322697],[6.891501,50.322688],[6.891385,50.322696],[6.891284,50.32273],[6.891117,50.322754],[6.891137,50.322733],[6.891075,50.322707],[6.890986,50.322727],[6.89093,50.322715],[6.890815,50.322716],[6.890744,50.322676],[6.890703,50.322657],[6.890615,50.32261],[6.890608,50.322566],[6.890553,50.322568],[6.890426,50.322554],[6.890357,50.32253],[6.890336,50.322504],[6.890372,50.322457],[6.890147,50.322408],[6.890002,50.322331],[6.889993,50.322322],[6.889956,50.322287],[6.889931,50.322263],[6.889899,50.322215],[6.889889,50.322212],[6.889823,50.322188],[6.889752,50.322108],[6.88974,50.322094],[6.889716,50.322096],[6.889669,50.322101],[6.889548,50.322032],[6.889487,50.322014],[6.889468,50.322008],[6.889445,50.322015],[6.889408,50.322026],[6.889343,50.321983],[6.889337,50.321979],[6.889274,50.32198],[6.889247,50.321981],[6.889211,50.321981],[6.889175,50.322032],[6.889083,50.322108],[6.888935,50.322128],[6.888803,50.322194],[6.888606,50.322196],[6.888434,50.322207],[6.888346,50.322129],[6.888206,50.322109],[6.88813,50.322083],[6.888019,50.322052],[6.887848,50.322016],[6.887796,50.321945],[6.887761,50.32193],[6.887706,50.321933],[6.887687,50.321959],[6.887528,50.32199],[6.88729,50.322114],[6.887079,50.322246],[6.886952,50.322252],[6.886744,50.322307],[6.886594,50.322284],[6.88655,50.322246],[6.886454,50.322271],[6.886288,50.322322],[6.88616,50.322305],[6.886087,50.322321],[6.88609,50.322342],[6.886097,50.322341],[6.886115,50.322337],[6.886123,50.322335],[6.88622,50.322416],[6.886222,50.322579],[6.886319,50.322767],[6.886419,50.322885],[6.886472,50.322989],[6.886461,50.322995],[6.886446,50.323005],[6.886487,50.323035],[6.886501,50.323045],[6.886382,50.323116],[6.88558,50.323149],[6.884821,50.323104],[6.885345,50.323466],[6.885431,50.323539],[6.885394,50.323871],[6.885389,50.323913],[6.885259,50.324065],[6.885099,50.32425],[6.885094,50.324316],[6.885191,50.324462],[6.885371,50.324732],[6.885222,50.324842],[6.885134,50.324906],[6.885026,50.324985],[6.884888,50.325087],[6.884714,50.325111],[6.884298,50.325161],[6.883917,50.325248],[6.883303,50.325586],[6.883275,50.325638],[6.883309,50.325876],[6.88322,50.325926],[6.883164,50.326731],[6.883213,50.326895],[6.883279,50.326952],[6.883368,50.327027],[6.882895,50.327391],[6.882939,50.327422],[6.883654,50.327773],[6.883832,50.327861],[6.883933,50.32785],[6.884406,50.327892],[6.884475,50.327924],[6.884667,50.32808],[6.885135,50.32846],[6.885023,50.3285],[6.88504,50.328514],[6.884979,50.328544],[6.884702,50.328681],[6.884308,50.328875],[6.884156,50.328922],[6.883846,50.329016],[6.883798,50.329031],[6.883589,50.329082],[6.88338,50.329134],[6.883366,50.329137],[6.883153,50.329159],[6.882982,50.329176],[6.882924,50.329182],[6.882769,50.329188],[6.882598,50.329194],[6.882315,50.329338],[6.882149,50.329439],[6.881755,50.329599],[6.88149,50.329722],[6.88099,50.329956],[6.88097,50.329998]]]},"$schema":null,"$context":null},{"type":"Feature","properties":{"gml_id":"gemeinde_rlp.46","gid":46,"datum":"16.07.26","region":"Rheinland-Pfalz","gmdesch":232255,"gemeinde":"Lascheid","vgnr":23201,"vbgmde":"Arzfeld","vgname":"Arzfeld (23201)","kreissch":232,"ldkreis":"Eifelkreis Bitburg-Pr\u00fcm","amtsgrcht":"Pr\u00fcm","finanzamt":"Bitburg-Pr\u00fcm","kanr":8750,"katamt":"Westeifel-Mosel","katurl":"https:\/\/vermka-westeifel-mosel.rlp.de","guta":780,"gutaurl":"https:\/\/gutachterausschuesse.rlp.de\/service\/gutachterausschuesse-fuer-grundstueckswerte\/","ags":723201255,"gemtyp":"Gemeinde","kreistyp":"Landkreis"},"bbox":[6.378217,50.099517,6.429962,50.119716],"geometry":{"type":"Polygon","coordinates":[[[6.396196,50.107672],[6.396569,50.107983],[6.396703,50.108055],[6.396676,50.108089],[6.397079,50.10846],[6.397402,50.108599],[6.397485,50.108619],[6.397761,50.108695],[6.397885,50.108679],[6.398327,50.108886],[6.39859,50.108999],[6.398546,50.109081],[6.398708,50.109193],[6.3989,50.109177],[6.399258,50.1092],[6.399429,50.109338],[6.399486,50.109463],[6.399577,50.109623],[6.399649,50.109751],[6.399654,50.109884],[6.399771,50.110078],[6.399693,50.110138],[6.399779,50.110304],[6.400165,50.110668],[6.400276,50.11077],[6.400243,50.110893],[6.400502,50.111053],[6.400674,50.111082],[6.400786,50.111076],[6.400904,50.111132],[6.401014,50.111141],[6.401042,50.111221],[6.401112,50.111205],[6.401186,50.111248],[6.401199,50.111292],[6.401292,50.111506],[6.40137,50.111534],[6.401557,50.111725],[6.401633,50.11173],[6.401632,50.111807],[6.401811,50.111919],[6.401828,50.112004],[6.401898,50.112055],[6.401961,50.112101],[6.402094,50.112156],[6.402347,50.112243],[6.402459,50.112293],[6.402559,50.112284],[6.402633,50.112362],[6.402808,50.112408],[6.402847,50.112459],[6.402774,50.112479],[6.402828,50.112553],[6.40286,50.112632],[6.402857,50.112739],[6.402929,50.112789],[6.4029,50.11287],[6.403002,50.112911],[6.403009,50.11293],[6.403048,50.113034],[6.403201,50.113354],[6.403316,50.113579],[6.403534,50.113716],[6.403457,50.113785],[6.403636,50.113868],[6.403667,50.113899],[6.403736,50.113967],[6.403922,50.114038],[6.403968,50.114083],[6.404146,50.114124],[6.404273,50.114306],[6.404454,50.114441],[6.404675,50.114463],[6.404828,50.114485],[6.404886,50.11457],[6.405037,50.114651],[6.405171,50.114772],[6.405317,50.114868],[6.405386,50.115014],[6.405375,50.115136],[6.405403,50.115263],[6.405388,50.115342],[6.405373,50.115426],[6.405466,50.115478],[6.405534,50.115546],[6.4055,50.115649],[6.405927,50.116306],[6.405924,50.11635],[6.406143,50.116502],[6.406421,50.116516],[6.406533,50.116508],[6.406901,50.116401],[6.406974,50.116336],[6.40732,50.116388],[6.407421,50.116423],[6.407568,50.116423],[6.40775,50.116414],[6.407803,50.116421],[6.407961,50.116439],[6.408072,50.116481],[6.408104,50.116494],[6.408213,50.11648],[6.408455,50.116563],[6.408689,50.116566],[6.408731,50.116566],[6.409023,50.116637],[6.409107,50.116658],[6.409301,50.116733],[6.409529,50.116769],[6.409794,50.116879],[6.409934,50.116925],[6.410134,50.117008],[6.410189,50.117024],[6.410433,50.117097],[6.410746,50.117137],[6.410772,50.11714],[6.411159,50.117172],[6.411397,50.117148],[6.411537,50.117154],[6.411624,50.117084],[6.411908,50.117051],[6.411966,50.117034],[6.412148,50.11698],[6.412305,50.116975],[6.412492,50.117005],[6.412521,50.117041],[6.412697,50.117091],[6.412825,50.117075],[6.412907,50.117035],[6.412939,50.117022],[6.413013,50.116992],[6.413051,50.116977],[6.413497,50.11701],[6.413692,50.117022],[6.413909,50.117164],[6.414114,50.117249],[6.414269,50.117305],[6.414404,50.117332],[6.414569,50.117546],[6.414683,50.117611],[6.414741,50.117692],[6.414877,50.117754],[6.414995,50.117824],[6.415208,50.117909],[6.415413,50.11807],[6.415436,50.118088],[6.415674,50.118189],[6.415831,50.118327],[6.415893,50.118382],[6.416225,50.118451],[6.416411,50.118444],[6.416503,50.118472],[6.416618,50.118584],[6.416697,50.118716],[6.416722,50.11872],[6.416475,50.118843],[6.416494,50.118909],[6.416616,50.11932],[6.417169,50.119716],[6.417211,50.1197],[6.417315,50.119662],[6.41739,50.119634],[6.418026,50.119397],[6.41806,50.119384],[6.418349,50.119276],[6.418397,50.119258],[6.419975,50.118671],[6.420405,50.118494],[6.420672,50.118385],[6.421375,50.118035],[6.421405,50.11802],[6.421484,50.11798],[6.421548,50.117952],[6.422169,50.117677],[6.42248,50.117539],[6.422557,50.117505],[6.422837,50.117382],[6.423251,50.117198],[6.423603,50.117029],[6.424594,50.11636],[6.42507,50.116012],[6.425267,50.11578],[6.425472,50.115634],[6.425568,50.115567],[6.425656,50.115496],[6.42594,50.115285],[6.426104,50.115202],[6.426313,50.115096],[6.426893,50.114719],[6.426916,50.114659],[6.426925,50.114636],[6.42694,50.114598],[6.426954,50.114563],[6.427567,50.113046],[6.428318,50.111818],[6.428361,50.111748],[6.428608,50.111344],[6.428867,50.110916],[6.429962,50.10912],[6.429603,50.109029],[6.429183,50.108834],[6.428713,50.108494],[6.428638,50.108522],[6.428574,50.108394],[6.428467,50.108178],[6.428415,50.108115],[6.428279,50.108012],[6.428253,50.108005],[6.428178,50.108035],[6.428087,50.10804],[6.427908,50.108018],[6.427897,50.108003],[6.427814,50.107863],[6.427826,50.107714],[6.427858,50.107549],[6.427865,50.107496],[6.427824,50.107387],[6.427706,50.107313],[6.427579,50.107273],[6.427431,50.107133],[6.427117,50.107068],[6.427015,50.1069],[6.426892,50.106875],[6.426854,50.106787],[6.426687,50.106679],[6.426635,50.106629],[6.426596,50.106619],[6.42655,50.106607],[6.426422,50.106536],[6.426263,50.106491],[6.426208,50.106463],[6.42618,50.106429],[6.426073,50.106418],[6.425946,50.106382],[6.42585,50.106373],[6.425793,50.106376],[6.425574,50.106337],[6.425511,50.10624],[6.425475,50.106229],[6.425186,50.106218],[6.424912,50.106223],[6.424753,50.10623],[6.424596,50.106195],[6.424492,50.106149],[6.424372,50.106108],[6.42417,50.106009],[6.424005,50.10599],[6.423737,50.106053],[6.423556,50.105982],[6.423414,50.106],[6.423241,50.105961],[6.422695,50.105864],[6.422505,50.105915],[6.422277,50.105824],[6.421435,50.105719],[6.421004,50.105662],[6.420782,50.105578],[6.420518,50.105479],[6.420275,50.10552],[6.420017,50.105404],[6.419833,50.105322],[6.419653,50.105257],[6.419541,50.105086],[6.419425,50.105058],[6.419275,50.104993],[6.418836,50.104991],[6.418652,50.104982],[6.418362,50.104887],[6.41804,50.104835],[6.417824,50.104795],[6.417634,50.1047],[6.417546,50.104627],[6.417423,50.104632],[6.416504,50.104541],[6.416383,50.104562],[6.416039,50.104509],[6.414894,50.104513],[6.414649,50.104574],[6.41456,50.104595],[6.414415,50.104629],[6.414228,50.104694],[6.414151,50.1047],[6.413915,50.10475],[6.413852,50.104757],[6.413486,50.104863],[6.413403,50.104845],[6.41322,50.104832],[6.413088,50.104836],[6.412766,50.104783],[6.412777,50.104722],[6.41272,50.104697],[6.412675,50.104678],[6.412366,50.104595],[6.412353,50.104592],[6.412229,50.104633],[6.41217,50.104608],[6.411688,50.104627],[6.411537,50.104609],[6.411295,50.104663],[6.411011,50.104675],[6.411025,50.104748],[6.410893,50.104803],[6.410668,50.1048],[6.410562,50.104731],[6.410463,50.104708],[6.410326,50.104709],[6.409963,50.104773],[6.409811,50.10488],[6.409584,50.104947],[6.409444,50.104936],[6.409364,50.104931],[6.409126,50.104882],[6.408566,50.104833],[6.408473,50.104871],[6.408357,50.104838],[6.408292,50.104854],[6.408216,50.104761],[6.408082,50.104758],[6.407936,50.104861],[6.407836,50.104929],[6.407765,50.104951],[6.407659,50.104959],[6.407479,50.104925],[6.407317,50.104853],[6.407143,50.104867],[6.40685,50.104833],[6.406572,50.10477],[6.406253,50.104778],[6.406129,50.104715],[6.405837,50.104716],[6.405745,50.104716],[6.405477,50.104638],[6.4052,50.104619],[6.404859,50.104563],[6.404734,50.104573],[6.404651,50.104513],[6.404466,50.104477],[6.404155,50.104418],[6.403556,50.10433],[6.403389,50.104347],[6.403223,50.104307],[6.402896,50.104274],[6.402563,50.104166],[6.402282,50.104156],[6.402175,50.104183],[6.401998,50.104131],[6.401573,50.104082],[6.40145,50.104006],[6.40113,50.103924],[6.400962,50.103929],[6.400786,50.103894],[6.40069,50.103788],[6.400491,50.103757],[6.400421,50.103691],[6.400248,50.103647],[6.399923,50.103589],[6.399654,50.1035],[6.399441,50.103388],[6.399358,50.103416],[6.399186,50.1033],[6.398991,50.103225],[6.398771,50.103143],[6.398574,50.10297],[6.398396,50.102923],[6.398271,50.102789],[6.398128,50.102748],[6.39796,50.102561],[6.39765,50.102435],[6.397462,50.102451],[6.397369,50.102313],[6.397232,50.102257],[6.397136,50.102279],[6.397033,50.102236],[6.396904,50.102121],[6.396728,50.102105],[6.396538,50.102044],[6.396486,50.101999],[6.396429,50.10195],[6.396425,50.101889],[6.39628,50.101827],[6.396105,50.101869],[6.396007,50.101878],[6.395921,50.101776],[6.395929,50.101725],[6.395851,50.101715],[6.395822,50.101665],[6.395622,50.101566],[6.395635,50.101501],[6.395456,50.101413],[6.395204,50.101178],[6.395214,50.101121],[6.395097,50.101044],[6.394988,50.101028],[6.394953,50.100927],[6.395013,50.100811],[6.395,50.100787],[6.394941,50.100747],[6.394756,50.100703],[6.394477,50.100616],[6.394366,50.100528],[6.394218,50.100407],[6.394148,50.100324],[6.394043,50.100285],[6.393924,50.100192],[6.393872,50.100153],[6.393776,50.100118],[6.393558,50.100058],[6.393469,50.09997],[6.393452,50.099921],[6.393201,50.099844],[6.393093,50.099798],[6.392803,50.099585],[6.392765,50.099563],[6.392683,50.099571],[6.392597,50.099598],[6.392359,50.09957],[6.392305,50.099553],[6.392294,50.099529],[6.392252,50.099517],[6.392206,50.099527],[6.392118,50.099536],[6.392038,50.099529],[6.392022,50.099541],[6.392013,50.099547],[6.392008,50.099555],[6.391995,50.099559],[6.391782,50.099735],[6.391558,50.099885],[6.391095,50.100357],[6.390847,50.100547],[6.390658,50.100666],[6.390221,50.100835],[6.390134,50.100869],[6.38996,50.100936],[6.390312,50.101026],[6.39015,50.101279],[6.390064,50.101413],[6.390032,50.101464],[6.390028,50.101471],[6.389986,50.101535],[6.389839,50.101766],[6.388525,50.101146],[6.388271,50.101085],[6.38782,50.10107],[6.387634,50.101128],[6.386933,50.101752],[6.386321,50.10188],[6.386065,50.102133],[6.385957,50.102249],[6.385931,50.102278],[6.385865,50.102349],[6.385855,50.102359],[6.385789,50.102343],[6.385414,50.10225],[6.385218,50.102171],[6.385143,50.10214],[6.384842,50.101949],[6.384523,50.101737],[6.384218,50.101551],[6.384037,50.101434],[6.383652,50.101532],[6.383377,50.101603],[6.383192,50.10165],[6.382698,50.101777],[6.382602,50.101802],[6.382028,50.101975],[6.381777,50.10205],[6.381611,50.1021],[6.381328,50.102185],[6.38132,50.102188],[6.380927,50.102306],[6.380873,50.102323],[6.38046,50.102447],[6.38035,50.102481],[6.380334,50.102484],[6.380138,50.102528],[6.379474,50.102675],[6.3789,50.102461],[6.37883,50.102421],[6.378738,50.102433],[6.378577,50.102484],[6.378521,50.103068],[6.378505,50.103076],[6.378582,50.103651],[6.378754,50.103967],[6.37872,50.103984],[6.378548,50.104071],[6.378375,50.104158],[6.378249,50.104221],[6.378361,50.104222],[6.378291,50.104314],[6.378247,50.104371],[6.378217,50.104462],[6.378236,50.104541],[6.378285,50.10463],[6.378486,50.104908],[6.378483,50.104957],[6.378482,50.10498],[6.378826,50.105034],[6.379218,50.105116],[6.37932,50.105175],[6.379444,50.105289],[6.379548,50.105407],[6.379594,50.10547],[6.379893,50.105871],[6.379986,50.105966],[6.380196,50.106245],[6.380846,50.106795],[6.381549,50.107132],[6.381445,50.107203],[6.381928,50.107565],[6.38236,50.107772],[6.383505,50.107968],[6.383566,50.107978],[6.383699,50.107877],[6.383986,50.107789],[6.384258,50.107624],[6.384504,50.107475],[6.384838,50.107172],[6.384812,50.107125],[6.385052,50.107094],[6.385138,50.106958],[6.385313,50.106872],[6.385411,50.106846],[6.385563,50.106731],[6.385548,50.106716],[6.385513,50.106682],[6.386005,50.106518],[6.386558,50.10649],[6.387004,50.106365],[6.387402,50.106327],[6.387599,50.106349],[6.387744,50.106365],[6.388156,50.106374],[6.388533,50.106436],[6.389119,50.106452],[6.389414,50.106524],[6.389616,50.106615],[6.389867,50.106607],[6.39047,50.106694],[6.390794,50.106748],[6.391055,50.106818],[6.39109,50.10683],[6.391211,50.106875],[6.392178,50.107084],[6.392273,50.107107],[6.392422,50.107107],[6.392473,50.107083],[6.392636,50.107065],[6.393345,50.106989],[6.39342,50.107088],[6.393442,50.107116],[6.393803,50.107063],[6.393946,50.107023],[6.394096,50.10704],[6.394329,50.107058],[6.394481,50.107123],[6.395361,50.107219],[6.395477,50.107229],[6.395709,50.107294],[6.395827,50.107359],[6.395937,50.107452],[6.396177,50.10763],[6.396196,50.107672]]]},"$schema":null,"$context":null},{"type":"Feature","properties":{"gml_id":"gemeinde_rlp.47","gid":47,"datum":"16.07.26","region":"Rheinland-Pfalz","gmdesch":134057,"gemeinde":"Niederbrombach","vgnr":13402,"vbgmde":"Birkenfeld","vgname":"Birkenfeld (13402)","kreissch":134,"ldkreis":"Birkenfeld","amtsgrcht":"Idar-Oberstein","finanzamt":"Idar-Oberstein","kanr":6600,"katamt":"Rheinhessen-Nahe","katurl":"https:\/\/vermka-rheinhessen-nahe.rlp.de","guta":740,"gutaurl":"https:\/\/gutachterausschuesse.rlp.de\/service\/gutachterausschuesse-fuer-grundstueckswerte\/","ags":713402057,"gemtyp":"Gemeinde","kreistyp":"Landkreis"},"bbox":[7.216391,49.662791,7.265188,49.69635],"geometry":{"type":"Polygon","coordinates":[[[7.250723,49.663758],[7.249788,49.663639],[7.249685,49.663626],[7.248549,49.663481],[7.246589,49.664217],[7.24547,49.664113],[7.244111,49.663986],[7.243897,49.663965],[7.242343,49.664059],[7.241953,49.663807],[7.241791,49.663701],[7.241952,49.662791],[7.24149,49.663135],[7.241189,49.664445],[7.241055,49.664448],[7.240881,49.664612],[7.240485,49.664989],[7.240023,49.665421],[7.237833,49.665321],[7.237817,49.665419],[7.237813,49.665448],[7.237635,49.665408],[7.237342,49.665366],[7.23711,49.665338],[7.236645,49.665103],[7.236474,49.665073],[7.236389,49.665034],[7.236379,49.664977],[7.236366,49.664985],[7.235964,49.665193],[7.235674,49.665182],[7.235491,49.665158],[7.235362,49.665097],[7.235228,49.665077],[7.23495,49.665125],[7.234744,49.665196],[7.234644,49.665224],[7.234508,49.665249],[7.234271,49.665276],[7.233859,49.665308],[7.233707,49.665304],[7.233453,49.665254],[7.232889,49.665165],[7.232373,49.665172],[7.232161,49.665166],[7.231747,49.665317],[7.231599,49.665372],[7.231371,49.665588],[7.230629,49.666309],[7.230474,49.66646],[7.23016,49.666765],[7.230135,49.666789],[7.23009,49.666833],[7.229038,49.667854],[7.228588,49.667943],[7.228113,49.668036],[7.228088,49.668054],[7.226763,49.668983],[7.226412,49.669233],[7.228195,49.670177],[7.228851,49.670429],[7.228731,49.670509],[7.229311,49.670826],[7.229367,49.670799],[7.229809,49.670965],[7.230024,49.671122],[7.229942,49.671309],[7.229846,49.671528],[7.229535,49.671525],[7.229345,49.671626],[7.22929,49.671655],[7.229102,49.671754],[7.228332,49.672163],[7.228277,49.672191],[7.227796,49.672446],[7.227751,49.67247],[7.227466,49.672621],[7.228036,49.672827],[7.227769,49.673258],[7.228577,49.673494],[7.228541,49.673532],[7.228531,49.673543],[7.227847,49.674262],[7.227921,49.674321],[7.228321,49.674635],[7.228481,49.674762],[7.22868,49.674919],[7.228854,49.675055],[7.229621,49.675663],[7.23006,49.676662],[7.230347,49.677957],[7.230081,49.678329],[7.230033,49.678395],[7.229989,49.678497],[7.22997,49.678538],[7.22996,49.678561],[7.229896,49.678706],[7.229935,49.678885],[7.231091,49.679208],[7.230987,49.679344],[7.230977,49.679356],[7.230946,49.679397],[7.23097,49.679426],[7.23105,49.679539],[7.231296,49.67979],[7.231309,49.679827],[7.231305,49.67992],[7.231322,49.679952],[7.231402,49.679958],[7.231588,49.67984],[7.231754,49.679907],[7.23179,49.679944],[7.231785,49.680066],[7.231863,49.680149],[7.231935,49.68019],[7.231912,49.680213],[7.231899,49.680225],[7.231882,49.680243],[7.231752,49.680371],[7.231611,49.680512],[7.23163,49.680662],[7.231558,49.680693],[7.230892,49.680987],[7.230835,49.681012],[7.230212,49.681287],[7.229721,49.6815],[7.229672,49.681523],[7.229646,49.681535],[7.228965,49.681846],[7.228473,49.682071],[7.228451,49.682081],[7.228338,49.682161],[7.22833,49.682167],[7.226766,49.681668],[7.225759,49.681347],[7.224984,49.682081],[7.224474,49.682564],[7.22439,49.682644],[7.224158,49.682864],[7.224041,49.682974],[7.223915,49.683094],[7.223781,49.68322],[7.223623,49.68337],[7.223063,49.683926],[7.223034,49.683966],[7.22296,49.684066],[7.222889,49.684163],[7.222687,49.684438],[7.222629,49.684518],[7.222441,49.684774],[7.22241,49.684815],[7.222367,49.684874],[7.222136,49.685189],[7.221937,49.68546],[7.221922,49.685481],[7.221906,49.685503],[7.221902,49.685508],[7.221564,49.685968],[7.221547,49.686001],[7.221443,49.686168],[7.221364,49.686295],[7.220972,49.686844],[7.22084,49.68703],[7.220811,49.687071],[7.220637,49.687316],[7.22045,49.687578],[7.220428,49.68761],[7.22042,49.687622],[7.220018,49.688187],[7.219856,49.688415],[7.219454,49.688338],[7.219186,49.688287],[7.219124,49.688276],[7.219094,49.68827],[7.218743,49.688203],[7.218673,49.688189],[7.218165,49.688996],[7.217934,49.689362],[7.217828,49.689528],[7.217048,49.690764],[7.217014,49.690818],[7.216499,49.691623],[7.216434,49.691724],[7.216391,49.691791],[7.218982,49.691788],[7.220049,49.692025],[7.22104,49.691645],[7.221569,49.691426],[7.221766,49.691314],[7.222015,49.69129],[7.222492,49.69116],[7.222742,49.69108],[7.223372,49.690845],[7.223449,49.690858],[7.22436,49.690702],[7.224457,49.690666],[7.224766,49.690693],[7.225322,49.690683],[7.225519,49.690729],[7.225751,49.690753],[7.225966,49.690894],[7.226345,49.691037],[7.22633,49.691066],[7.226517,49.691117],[7.226596,49.691104],[7.22673,49.691152],[7.226798,49.691165],[7.227005,49.691235],[7.227053,49.691261],[7.227096,49.691276],[7.227216,49.691271],[7.227328,49.691329],[7.22749,49.691363],[7.227594,49.691392],[7.227793,49.691415],[7.227964,49.691423],[7.228047,49.691435],[7.228833,49.691507],[7.229125,49.691558],[7.229566,49.691645],[7.23001,49.691751],[7.230769,49.692153],[7.230774,49.692156],[7.230789,49.692165],[7.230814,49.692132],[7.231027,49.691932],[7.231225,49.691893],[7.231248,49.69188],[7.231341,49.691825],[7.231557,49.69171],[7.231622,49.691549],[7.231798,49.691135],[7.231941,49.690998],[7.231976,49.690917],[7.231993,49.690879],[7.232167,49.690675],[7.231997,49.690448],[7.231957,49.690395],[7.23215,49.690368],[7.232315,49.69036],[7.232356,49.690357],[7.232589,49.690269],[7.232636,49.690318],[7.232781,49.690468],[7.232812,49.6905],[7.232863,49.690526],[7.232878,49.690534],[7.23314,49.690668],[7.233236,49.690702],[7.233315,49.690733],[7.233608,49.69085],[7.233722,49.690895],[7.233795,49.690818],[7.233838,49.690832],[7.23414,49.690929],[7.234178,49.690941],[7.234033,49.691131],[7.23413,49.69117],[7.234225,49.691208],[7.234326,49.691249],[7.234481,49.691239],[7.234577,49.691278],[7.234834,49.691386],[7.235011,49.691461],[7.235032,49.69147],[7.235129,49.69151],[7.235268,49.691569],[7.236048,49.690762],[7.236091,49.690717],[7.236378,49.690432],[7.23649,49.690324],[7.236758,49.690063],[7.236925,49.68994],[7.237399,49.689589],[7.237352,49.689544],[7.237519,49.689428],[7.237647,49.689528],[7.237686,49.689506],[7.237711,49.689492],[7.238234,49.689202],[7.238265,49.689284],[7.238365,49.689552],[7.238383,49.6896],[7.238995,49.689442],[7.239662,49.689489],[7.239657,49.689508],[7.239603,49.689693],[7.239588,49.689742],[7.239724,49.689782],[7.240728,49.690071],[7.241713,49.690349],[7.24171,49.69061],[7.241758,49.690644],[7.241648,49.69074],[7.241569,49.69081],[7.241848,49.69146],[7.241887,49.691581],[7.241921,49.691688],[7.241984,49.691889],[7.242019,49.691998],[7.242085,49.692205],[7.242105,49.692268],[7.242126,49.692334],[7.242165,49.692457],[7.242172,49.692479],[7.24219,49.692537],[7.24221,49.692598],[7.242285,49.692837],[7.242313,49.692922],[7.242315,49.69293],[7.242386,49.693155],[7.242408,49.693225],[7.242421,49.693268],[7.242461,49.693408],[7.242536,49.693675],[7.242549,49.69372],[7.242589,49.693858],[7.242666,49.694129],[7.24277,49.694496],[7.242773,49.694505],[7.242966,49.694722],[7.243018,49.694781],[7.243841,49.695236],[7.243914,49.695277],[7.244277,49.69635],[7.244911,49.696166],[7.245097,49.696112],[7.24551,49.695992],[7.245814,49.695904],[7.24625,49.695778],[7.246327,49.695755],[7.24636,49.695746],[7.246383,49.69574],[7.246855,49.695622],[7.247349,49.695499],[7.247514,49.695472],[7.247564,49.695463],[7.247747,49.695433],[7.248074,49.695378],[7.248211,49.695355],[7.248318,49.695337],[7.24864,49.69532],[7.248718,49.695315],[7.249016,49.694982],[7.249362,49.694729],[7.249467,49.69463],[7.249816,49.694469],[7.249948,49.694348],[7.25009,49.694218],[7.250205,49.694013],[7.250435,49.694049],[7.250466,49.693989],[7.250506,49.69391],[7.250527,49.69387],[7.250629,49.69367],[7.250775,49.693384],[7.250798,49.693339],[7.250465,49.693258],[7.250582,49.692776],[7.250636,49.692634],[7.250971,49.692348],[7.251067,49.692408],[7.25111,49.692372],[7.251273,49.692235],[7.251396,49.692305],[7.251466,49.692197],[7.251493,49.692157],[7.251677,49.691872],[7.252487,49.690595],[7.252872,49.690366],[7.252925,49.690334],[7.253685,49.689883],[7.254217,49.689568],[7.254268,49.689537],[7.254282,49.68948],[7.254327,49.689293],[7.254436,49.68885],[7.254523,49.688489],[7.254531,49.688459],[7.254554,49.688362],[7.254562,49.688329],[7.254785,49.687414],[7.254793,49.68738],[7.254834,49.687391],[7.255605,49.687594],[7.255735,49.687629],[7.2567,49.687883],[7.25681,49.687912],[7.257733,49.686526],[7.25961,49.684903],[7.260068,49.684518],[7.260661,49.683665],[7.26217,49.682532],[7.263366,49.681253],[7.263386,49.681222],[7.26355,49.680972],[7.264167,49.680027],[7.265188,49.678802],[7.265104,49.678775],[7.265042,49.678755],[7.264183,49.678479],[7.264182,49.678346],[7.264181,49.678192],[7.264181,49.678151],[7.26418,49.677953],[7.264179,49.677887],[7.264179,49.677822],[7.264178,49.677691],[7.264176,49.677297],[7.264175,49.677178],[7.264174,49.676947],[7.264173,49.676805],[7.264171,49.676489],[7.26417,49.676435],[7.264184,49.67639],[7.264218,49.676277],[7.26425,49.676174],[7.264281,49.67607],[7.264313,49.675967],[7.264347,49.675855],[7.2643,49.675841],[7.264119,49.675784],[7.262887,49.675396],[7.26284,49.675381],[7.262793,49.675366],[7.26249,49.675271],[7.261288,49.674893],[7.261299,49.674839],[7.261402,49.674331],[7.261404,49.67432],[7.261546,49.673999],[7.261713,49.673621],[7.262168,49.673748],[7.262205,49.673671],[7.262256,49.673567],[7.262306,49.673462],[7.262358,49.673356],[7.262185,49.673281],[7.262149,49.673262],[7.261995,49.673178],[7.261927,49.673141],[7.261853,49.6731],[7.261762,49.673051],[7.26176,49.672917],[7.261902,49.672713],[7.261658,49.672691],[7.261377,49.672559],[7.261073,49.672309],[7.261003,49.672251],[7.260575,49.67206],[7.260448,49.671984],[7.259886,49.671592],[7.259547,49.671426],[7.259112,49.671306],[7.259027,49.671272],[7.25776,49.67085],[7.257603,49.670778],[7.257524,49.670722],[7.257378,49.67068],[7.25722,49.670646],[7.257069,49.670625],[7.257055,49.670625],[7.257033,49.670616],[7.256922,49.670566],[7.256747,49.670481],[7.25666,49.670363],[7.256503,49.67017],[7.256384,49.67005],[7.256242,49.669921],[7.256159,49.669839],[7.256047,49.669779],[7.255937,49.669656],[7.255795,49.669632],[7.255714,49.669597],[7.255624,49.669543],[7.255418,49.669508],[7.25535,49.669459],[7.255094,49.669402],[7.254982,49.669339],[7.254855,49.669339],[7.25467,49.669281],[7.254427,49.66927],[7.254228,49.669243],[7.253995,49.669368],[7.253692,49.669344],[7.253584,49.669304],[7.253372,49.669224],[7.253298,49.669188],[7.253148,49.669089],[7.253052,49.668852],[7.253011,49.668749],[7.252991,49.668684],[7.252988,49.668673],[7.252981,49.66865],[7.253046,49.668623],[7.253196,49.668579],[7.253301,49.668567],[7.253319,49.668566],[7.253495,49.668558],[7.25359,49.668558],[7.253732,49.668571],[7.25394,49.66857],[7.254112,49.668549],[7.254182,49.668537],[7.254226,49.668521],[7.254247,49.668512],[7.254295,49.66848],[7.254323,49.668417],[7.254344,49.668337],[7.254383,49.668222],[7.254443,49.668111],[7.254452,49.668096],[7.254506,49.66803],[7.254601,49.667877],[7.254614,49.667856],[7.254729,49.667731],[7.254799,49.667649],[7.254872,49.667564],[7.254962,49.667445],[7.255007,49.667387],[7.255018,49.667353],[7.255167,49.666962],[7.255176,49.666928],[7.255178,49.666922],[7.25518,49.666915],[7.255214,49.666856],[7.255215,49.666854],[7.25534,49.666416],[7.255347,49.666378],[7.255359,49.666313],[7.255389,49.666193],[7.255398,49.666155],[7.255386,49.666115],[7.255367,49.666057],[7.255261,49.665741],[7.255123,49.665332],[7.255357,49.66531],[7.255765,49.665272],[7.25584,49.665265],[7.255853,49.665264],[7.255909,49.665259],[7.255942,49.664926],[7.255881,49.664782],[7.255773,49.664666],[7.255666,49.664555],[7.255582,49.664461],[7.255593,49.66434],[7.255679,49.664203],[7.255789,49.663972],[7.255839,49.663846],[7.255949,49.663711],[7.256078,49.663471],[7.256216,49.663344],[7.256408,49.663215],[7.256357,49.663179],[7.256275,49.663121],[7.256231,49.663091],[7.256075,49.662981],[7.255905,49.663062],[7.255721,49.66315],[7.255617,49.663199],[7.255542,49.663235],[7.255119,49.663436],[7.254986,49.663437],[7.254599,49.663438],[7.254522,49.663439],[7.254447,49.663439],[7.254371,49.663439],[7.254325,49.663439],[7.254121,49.663468],[7.253239,49.663594],[7.253148,49.663602],[7.252862,49.663627],[7.252643,49.663646],[7.252337,49.663673],[7.251816,49.663719],[7.251695,49.663723],[7.251585,49.663727],[7.251476,49.663731],[7.251366,49.663735],[7.251147,49.663743],[7.251037,49.663747],[7.250893,49.663752],[7.250723,49.663758]]]},"$schema":null,"$context":null},{"type":"Feature","properties":{"gml_id":"gemeinde_rlp.48","gid":48,"datum":"16.07.26","region":"Rheinland-Pfalz","gmdesch":235052,"gemeinde":"Irsch","vgnr":23508,"vbgmde":"Saarburg-Kell","vgname":"Saarburg-Kell (23508)","kreissch":235,"ldkreis":"Trier-Saarburg","amtsgrcht":"Saarburg","finanzamt":"Trier","kanr":8750,"katamt":"Westeifel-Mosel","katurl":"https:\/\/vermka-westeifel-mosel.rlp.de","guta":780,"gutaurl":"https:\/\/gutachterausschuesse.rlp.de\/service\/gutachterausschuesse-fuer-grundstueckswerte\/","ags":723508052,"gemtyp":"Gemeinde","kreistyp":"Landkreis"},"bbox":[6.572847,49.556492,6.653918,49.620111],"geometry":{"type":"Polygon","coordinates":[[[6.583864,49.603701],[6.583737,49.603672],[6.58341,49.603801],[6.583196,49.603932],[6.583106,49.60397],[6.582898,49.603948],[6.582743,49.604045],[6.582507,49.604147],[6.582623,49.604558],[6.582271,49.604609],[6.582161,49.604622],[6.581902,49.604653],[6.581607,49.604662],[6.581225,49.604634],[6.580794,49.604571],[6.58033,49.604569],[6.57981,49.604645],[6.579812,49.604674],[6.579814,49.604716],[6.579841,49.604771],[6.579925,49.604944],[6.579964,49.605025],[6.580009,49.605117],[6.580067,49.605236],[6.580088,49.60528],[6.580162,49.605436],[6.5802,49.605517],[6.580317,49.605763],[6.580372,49.60588],[6.580401,49.605941],[6.580496,49.606142],[6.580558,49.606273],[6.580579,49.606316],[6.58062,49.606402],[6.580638,49.606442],[6.580641,49.606458],[6.580697,49.606747],[6.580722,49.606877],[6.580745,49.606997],[6.580768,49.607114],[6.580796,49.60726],[6.580916,49.607467],[6.581108,49.607798],[6.581255,49.608055],[6.581283,49.608101],[6.581295,49.608123],[6.581317,49.608161],[6.581357,49.608233],[6.58142,49.608345],[6.581414,49.608362],[6.581393,49.608426],[6.58138,49.608462],[6.581365,49.60851],[6.581323,49.608633],[6.581319,49.608645],[6.581301,49.608699],[6.581288,49.608739],[6.581282,49.608759],[6.581253,49.608845],[6.581222,49.608937],[6.581169,49.609095],[6.581137,49.60919],[6.581093,49.609324],[6.581071,49.609387],[6.58105,49.60945],[6.58101,49.60957],[6.580971,49.609686],[6.580951,49.609747],[6.580915,49.609855],[6.580952,49.609956],[6.580945,49.609986],[6.580908,49.610135],[6.580891,49.610207],[6.580878,49.610258],[6.580864,49.61032],[6.58085,49.610374],[6.58084,49.610416],[6.580804,49.610563],[6.580792,49.610615],[6.580796,49.610709],[6.580805,49.610868],[6.58081,49.610962],[6.580811,49.61098],[6.580807,49.610986],[6.580766,49.611048],[6.580715,49.611126],[6.580697,49.611141],[6.580632,49.611196],[6.580584,49.611237],[6.580439,49.611358],[6.580353,49.611431],[6.580324,49.611478],[6.580284,49.611543],[6.580246,49.611605],[6.580207,49.61167],[6.580091,49.611859],[6.58008,49.611932],[6.580058,49.612083],[6.580038,49.612216],[6.580015,49.612367],[6.580005,49.612435],[6.579982,49.612583],[6.579981,49.612592],[6.579958,49.612602],[6.579845,49.612654],[6.579854,49.612661],[6.579705,49.612718],[6.579333,49.612861],[6.579244,49.612895],[6.579144,49.612934],[6.579081,49.612958],[6.578835,49.612932],[6.578826,49.612933],[6.578739,49.612939],[6.578495,49.612957],[6.578371,49.613049],[6.578256,49.613089],[6.578023,49.613102],[6.577984,49.61314],[6.577961,49.613164],[6.577962,49.613198],[6.577941,49.613202],[6.577922,49.613206],[6.577879,49.613214],[6.57771,49.613247],[6.577637,49.613262],[6.577499,49.613289],[6.577424,49.613303],[6.577376,49.613321],[6.577187,49.613392],[6.577122,49.613416],[6.577008,49.613459],[6.576956,49.613479],[6.576915,49.613512],[6.576822,49.613586],[6.576785,49.613597],[6.57669,49.613626],[6.576656,49.613637],[6.576627,49.613646],[6.57655,49.613669],[6.576093,49.61381],[6.575837,49.613835],[6.575577,49.613788],[6.575591,49.613887],[6.575597,49.613929],[6.575605,49.613985],[6.575698,49.614069],[6.575702,49.614073],[6.575713,49.614083],[6.575722,49.614092],[6.575806,49.614167],[6.575894,49.614245],[6.575966,49.614309],[6.575713,49.614411],[6.57549,49.614434],[6.575372,49.614445],[6.575106,49.61452],[6.574994,49.614597],[6.57487,49.614658],[6.574726,49.61473],[6.574469,49.614833],[6.574269,49.614945],[6.574194,49.615001],[6.574163,49.615025],[6.574045,49.615082],[6.573823,49.615223],[6.573779,49.615221],[6.573768,49.615221],[6.573412,49.615561],[6.573196,49.615866],[6.573206,49.615874],[6.573227,49.615889],[6.573267,49.615919],[6.573666,49.616211],[6.57371,49.616245],[6.573707,49.616249],[6.574704,49.616987],[6.574559,49.617058],[6.574402,49.617147],[6.574352,49.617176],[6.574323,49.617201],[6.574203,49.617306],[6.574188,49.61732],[6.574049,49.6175],[6.574009,49.617552],[6.573981,49.617588],[6.573955,49.617614],[6.573915,49.617653],[6.573844,49.617724],[6.573815,49.617752],[6.573766,49.617795],[6.573658,49.61789],[6.573583,49.617946],[6.57348,49.618024],[6.573419,49.618064],[6.573355,49.618107],[6.573298,49.618144],[6.573237,49.618185],[6.57312,49.618262],[6.573053,49.618324],[6.573044,49.618332],[6.572955,49.618382],[6.572927,49.618405],[6.572847,49.618469],[6.572941,49.618467],[6.57297,49.618438],[6.572997,49.618411],[6.573088,49.618359],[6.573205,49.61833],[6.573314,49.618289],[6.573352,49.618268],[6.573356,49.618342],[6.573293,49.618417],[6.573273,49.618469],[6.573257,49.618512],[6.573525,49.618733],[6.573918,49.619001],[6.574257,49.619232],[6.574778,49.619543],[6.574837,49.619604],[6.574937,49.619625],[6.575074,49.619589],[6.575262,49.61954],[6.575275,49.619493],[6.575335,49.619467],[6.575397,49.619474],[6.575451,49.61948],[6.575493,49.619469],[6.575522,49.619461],[6.575616,49.619425],[6.575669,49.619406],[6.575721,49.619386],[6.575772,49.619367],[6.575861,49.619334],[6.57587,49.61933],[6.575911,49.619313],[6.575948,49.619303],[6.576055,49.619272],[6.576166,49.619241],[6.576277,49.619209],[6.576715,49.619086],[6.576796,49.619063],[6.577004,49.619004],[6.577033,49.618996],[6.577093,49.618979],[6.577141,49.61896],[6.577229,49.618925],[6.577587,49.618782],[6.577633,49.618764],[6.577667,49.618753],[6.577738,49.618732],[6.577795,49.618715],[6.577876,49.618691],[6.577983,49.618659],[6.578042,49.618641],[6.578141,49.618611],[6.578171,49.618597],[6.578276,49.618547],[6.578414,49.618482],[6.578581,49.618403],[6.578654,49.618368],[6.578726,49.618334],[6.578781,49.618308],[6.578834,49.618282],[6.578858,49.618271],[6.578973,49.618215],[6.579049,49.618178],[6.579182,49.618113],[6.579243,49.618083],[6.579278,49.618066],[6.57932,49.618103],[6.57952,49.618012],[6.579645,49.617955],[6.579806,49.617881],[6.579872,49.617851],[6.580263,49.617718],[6.580509,49.617633],[6.580601,49.617602],[6.580657,49.617587],[6.581006,49.61749],[6.581056,49.617476],[6.581066,49.617473],[6.581174,49.617433],[6.581363,49.617364],[6.581467,49.617326],[6.581705,49.617238],[6.581851,49.617184],[6.582096,49.617085],[6.582119,49.617078],[6.582362,49.617],[6.58245,49.616972],[6.582568,49.616914],[6.582644,49.616877],[6.582698,49.616851],[6.582876,49.616765],[6.582929,49.616739],[6.583005,49.616702],[6.583135,49.616639],[6.583664,49.616321],[6.58367,49.616316],[6.583923,49.61615],[6.584059,49.616061],[6.584196,49.615971],[6.584248,49.615936],[6.584338,49.615876],[6.584435,49.615812],[6.584469,49.615774],[6.584488,49.615842],[6.584692,49.615957],[6.584745,49.615987],[6.584814,49.61608],[6.584853,49.616039],[6.585211,49.616039],[6.585337,49.616211],[6.585038,49.616302],[6.584964,49.616285],[6.585012,49.61635],[6.585036,49.616383],[6.585719,49.617314],[6.585814,49.617341],[6.585908,49.61732],[6.586045,49.617289],[6.586116,49.617273],[6.586322,49.617226],[6.586587,49.617166],[6.586683,49.617145],[6.586778,49.617123],[6.586812,49.617116],[6.586924,49.61709],[6.586998,49.617073],[6.58729,49.617008],[6.587301,49.617006],[6.587574,49.616962],[6.587806,49.616944],[6.588025,49.616948],[6.588215,49.616928],[6.588265,49.616912],[6.588446,49.616856],[6.588447,49.616902],[6.58851,49.616882],[6.588636,49.616843],[6.588754,49.616807],[6.588943,49.616748],[6.589068,49.616709],[6.589114,49.616695],[6.589458,49.616559],[6.589838,49.616409],[6.589842,49.616407],[6.590007,49.616362],[6.590344,49.616271],[6.59044,49.616246],[6.590848,49.616136],[6.590995,49.616096],[6.591235,49.616031],[6.591349,49.616],[6.591429,49.615932],[6.591471,49.615896],[6.591976,49.61546],[6.592261,49.61522],[6.592302,49.615183],[6.592379,49.615117],[6.592477,49.615032],[6.59261,49.614805],[6.592701,49.614776],[6.592793,49.614795],[6.59302,49.614842],[6.593245,49.614888],[6.593745,49.61499],[6.593812,49.615003],[6.593872,49.615016],[6.59443,49.615115],[6.594584,49.615143],[6.594653,49.615155],[6.594851,49.615191],[6.594883,49.615196],[6.594934,49.615202],[6.594992,49.615209],[6.595261,49.615257],[6.595614,49.61532],[6.595773,49.615349],[6.595813,49.615357],[6.595853,49.615364],[6.59584,49.615399],[6.597136,49.61553],[6.597476,49.615565],[6.597526,49.615606],[6.597497,49.615836],[6.597487,49.615911],[6.597483,49.615946],[6.597454,49.616176],[6.59744,49.616285],[6.597421,49.616434],[6.597413,49.616495],[6.59739,49.616679],[6.597353,49.616969],[6.597372,49.617103],[6.597447,49.617079],[6.59761,49.61735],[6.597627,49.617371],[6.597852,49.617655],[6.597959,49.61779],[6.598056,49.617846],[6.598182,49.617876],[6.598226,49.617887],[6.598352,49.617918],[6.598701,49.618002],[6.598798,49.618042],[6.599257,49.618312],[6.599841,49.618614],[6.599813,49.618655],[6.599795,49.618683],[6.600109,49.618838],[6.600529,49.61908],[6.60099,49.619293],[6.601998,49.6197],[6.602216,49.619704],[6.602411,49.619737],[6.602613,49.619792],[6.602888,49.619903],[6.60312,49.619962],[6.60366,49.619979],[6.603997,49.620027],[6.604062,49.620031],[6.604131,49.620005],[6.604209,49.62],[6.604247,49.619997],[6.604558,49.620053],[6.604567,49.620054],[6.604896,49.620099],[6.604937,49.620102],[6.605064,49.620111],[6.605117,49.620108],[6.605232,49.620101],[6.605414,49.620077],[6.605513,49.620064],[6.605851,49.619964],[6.606099,49.619834],[6.606221,49.619817],[6.60638,49.619795],[6.606614,49.619763],[6.606736,49.619764],[6.606818,49.619765],[6.607024,49.619757],[6.607075,49.619755],[6.607148,49.619731],[6.607345,49.619667],[6.60737,49.619659],[6.607409,49.619646],[6.607543,49.619631],[6.6076,49.619625],[6.607793,49.619556],[6.607899,49.619532],[6.607912,49.619529],[6.608046,49.619487],[6.608094,49.619473],[6.608203,49.619404],[6.608315,49.619333],[6.608362,49.61932],[6.608427,49.619302],[6.60852,49.619267],[6.608565,49.61925],[6.608901,49.619116],[6.608999,49.619057],[6.60902,49.619045],[6.608971,49.619021],[6.609032,49.61889],[6.609202,49.618811],[6.609214,49.618713],[6.609337,49.618636],[6.609295,49.618616],[6.609322,49.618573],[6.609619,49.61846],[6.609785,49.618334],[6.609775,49.618141],[6.609739,49.618071],[6.609887,49.617968],[6.609953,49.617872],[6.610036,49.617838],[6.610126,49.617735],[6.61023,49.617644],[6.610401,49.617568],[6.610396,49.617471],[6.610539,49.617338],[6.610392,49.617162],[6.610556,49.617045],[6.610597,49.616868],[6.610719,49.616664],[6.610807,49.616566],[6.610898,49.616536],[6.610971,49.616485],[6.610951,49.616384],[6.610996,49.616259],[6.611037,49.616206],[6.611124,49.616097],[6.611265,49.615984],[6.611467,49.616005],[6.611557,49.61601],[6.611677,49.615942],[6.611706,49.615868],[6.611712,49.615797],[6.611823,49.615461],[6.61187,49.615328],[6.611936,49.615248],[6.611928,49.615213],[6.611989,49.615178],[6.612072,49.615062],[6.612068,49.61499],[6.612118,49.614902],[6.612228,49.614835],[6.612209,49.61473],[6.612227,49.61462],[6.612268,49.614596],[6.612438,49.614499],[6.612481,49.614436],[6.612644,49.614351],[6.612789,49.614307],[6.612928,49.614243],[6.613003,49.614211],[6.613154,49.614154],[6.613171,49.614052],[6.613308,49.614009],[6.61342,49.613968],[6.613468,49.613951],[6.613577,49.613912],[6.61376,49.613827],[6.614069,49.613713],[6.614271,49.613578],[6.614393,49.613502],[6.614659,49.613308],[6.614939,49.613293],[6.615042,49.613188],[6.615256,49.613137],[6.61545,49.613001],[6.615604,49.612987],[6.615718,49.612949],[6.615736,49.612944],[6.616043,49.612885],[6.616147,49.612838],[6.616453,49.612812],[6.616713,49.612749],[6.616882,49.612723],[6.617129,49.612702],[6.617321,49.612716],[6.617452,49.612708],[6.617857,49.612681],[6.617984,49.612655],[6.618339,49.612597],[6.61879,49.612655],[6.618822,49.612781],[6.618795,49.612896],[6.61889,49.612961],[6.618878,49.612974],[6.618862,49.612992],[6.619028,49.613117],[6.619394,49.613315],[6.619467,49.613366],[6.619721,49.613543],[6.61975,49.613563],[6.619996,49.613664],[6.620156,49.61373],[6.620606,49.613854],[6.620916,49.613956],[6.62099,49.613981],[6.6212,49.614018],[6.621294,49.614016],[6.62139,49.614015],[6.621503,49.614012],[6.621784,49.614004],[6.621876,49.614001],[6.622019,49.614023],[6.622119,49.614038],[6.62229,49.614153],[6.622305,49.614156],[6.622452,49.614185],[6.622576,49.61417],[6.622771,49.614145],[6.622839,49.61413],[6.623065,49.614079],[6.623429,49.614059],[6.62407,49.613953],[6.624487,49.613943],[6.624686,49.613938],[6.625124,49.613898],[6.625401,49.613873],[6.626093,49.613809],[6.626219,49.613798],[6.626438,49.613716],[6.626632,49.613595],[6.626769,49.613554],[6.626882,49.61352],[6.627045,49.613471],[6.627063,49.613457],[6.6276,49.61305],[6.62779,49.612899],[6.628011,49.612724],[6.628247,49.612525],[6.628453,49.612383],[6.628565,49.612274],[6.628674,49.612197],[6.62883,49.612109],[6.629134,49.611937],[6.62949,49.611801],[6.63002,49.611542],[6.630389,49.611396],[6.630541,49.611358],[6.6306,49.611344],[6.630969,49.611253],[6.631118,49.6112],[6.631429,49.611089],[6.631701,49.611034],[6.631777,49.611019],[6.63208,49.610987],[6.632683,49.611052],[6.633216,49.611199],[6.633368,49.61124],[6.633402,49.611254],[6.633707,49.611382],[6.633738,49.611395],[6.634148,49.611537],[6.634505,49.611661],[6.634638,49.611692],[6.634831,49.611731],[6.635003,49.611766],[6.635206,49.611782],[6.635446,49.611801],[6.636098,49.612013],[6.636266,49.612067],[6.636888,49.612196],[6.637448,49.612409],[6.637878,49.612622],[6.637907,49.612637],[6.638378,49.612795],[6.638476,49.612846],[6.639103,49.613171],[6.639969,49.613445],[6.640337,49.613524],[6.64073,49.613552],[6.641078,49.613678],[6.641326,49.613873],[6.641703,49.6139],[6.642159,49.61382],[6.642487,49.613855],[6.643381,49.613955],[6.64374,49.614018],[6.644388,49.614034],[6.644519,49.614027],[6.644515,49.613933],[6.644549,49.613848],[6.645002,49.613699],[6.645177,49.613654],[6.645987,49.613449],[6.646039,49.613436],[6.646665,49.613308],[6.646776,49.613269],[6.647125,49.613201],[6.647183,49.613175],[6.647855,49.612891],[6.648169,49.612758],[6.648321,49.612694],[6.649231,49.612365],[6.649987,49.61202],[6.650073,49.611961],[6.650407,49.611799],[6.650685,49.611687],[6.651181,49.611436],[6.651297,49.611325],[6.651945,49.611011],[6.652082,49.610977],[6.652253,49.610889],[6.652472,49.610775],[6.652724,49.610675],[6.652833,49.610632],[6.653004,49.610564],[6.653468,49.610381],[6.653703,49.610204],[6.653853,49.609964],[6.653813,49.609935],[6.653863,49.609824],[6.653869,49.60979],[6.653918,49.609544],[6.653841,49.609449],[6.653784,49.609197],[6.653716,49.609072],[6.653561,49.609004],[6.653647,49.609254],[6.653504,49.609601],[6.653396,49.609704],[6.653162,49.609766],[6.652673,49.609825],[6.652255,49.609966],[6.651557,49.609975],[6.648392,49.610929],[6.647694,49.610443],[6.647252,49.61076],[6.646047,49.610706],[6.643579,49.610673],[6.641285,49.60981],[6.640359,49.609385],[6.64033,49.608688],[6.640232,49.608347],[6.640313,49.608224],[6.64053,49.608015],[6.641037,49.607525],[6.641082,49.607315],[6.640972,49.606644],[6.640774,49.605969],[6.640771,49.60596],[6.641876,49.605878],[6.642125,49.605857],[6.64304,49.605782],[6.644421,49.605713],[6.644745,49.605524],[6.644821,49.605398],[6.644734,49.605226],[6.644142,49.604731],[6.643787,49.604369],[6.643959,49.604256],[6.644512,49.603906],[6.644595,49.603808],[6.644644,49.603574],[6.644752,49.603503],[6.644842,49.603444],[6.645003,49.603395],[6.645638,49.603399],[6.645914,49.603401],[6.646199,49.603403],[6.646235,49.603137],[6.646255,49.603082],[6.646261,49.603067],[6.646324,49.602896],[6.646946,49.602926],[6.646819,49.602875],[6.64677,49.602825],[6.647169,49.602765],[6.64736,49.60271],[6.647548,49.6026],[6.647588,49.602585],[6.647627,49.60257],[6.647936,49.602454],[6.648235,49.602341],[6.648604,49.602155],[6.648778,49.602036],[6.648865,49.601967],[6.648858,49.60188],[6.648851,49.601811],[6.648751,49.601669],[6.648718,49.601655],[6.648561,49.601591],[6.648455,49.601548],[6.648397,49.601524],[6.648366,49.601515],[6.648195,49.601463],[6.647894,49.601404],[6.645996,49.60123],[6.645601,49.601144],[6.644217,49.600851],[6.642887,49.600519],[6.64244,49.600407],[6.641885,49.600198],[6.64131,49.599884],[6.640825,49.599577],[6.640458,49.599242],[6.640418,49.599142],[6.640312,49.599152],[6.640308,49.599141],[6.640189,49.598796],[6.639585,49.598805],[6.639842,49.597851],[6.639738,49.597813],[6.639547,49.597743],[6.63927,49.597641],[6.639058,49.597563],[6.638931,49.597516],[6.638706,49.597434],[6.638627,49.597405],[6.638547,49.597375],[6.638448,49.597339],[6.638294,49.597283],[6.637836,49.597548],[6.635726,49.5964],[6.635608,49.596508],[6.635441,49.596663],[6.635201,49.596884],[6.635,49.597071],[6.634829,49.597228],[6.634793,49.597262],[6.634714,49.597335],[6.634634,49.597409],[6.634572,49.597466],[6.634435,49.597593],[6.634424,49.597603],[6.634084,49.597674],[6.633669,49.597767],[6.633525,49.597787],[6.633134,49.597802],[6.632761,49.597737],[6.63168,49.597817],[6.631723,49.597703],[6.630624,49.597363],[6.629904,49.597095],[6.629464,49.596931],[6.629121,49.596804],[6.628929,49.596732],[6.628921,49.596727],[6.628904,49.596717],[6.628715,49.596602],[6.628452,49.596432],[6.628038,49.596165],[6.627823,49.596025],[6.627592,49.595876],[6.627412,49.59576],[6.627273,49.59567],[6.627177,49.595608],[6.627056,49.59553],[6.626601,49.595236],[6.626534,49.595193],[6.626276,49.595026],[6.625925,49.595467],[6.625084,49.596524],[6.625012,49.596615],[6.624505,49.597256],[6.624454,49.59732],[6.622644,49.596628],[6.622591,49.596608],[6.621625,49.596238],[6.620751,49.595819],[6.620675,49.595782],[6.619613,49.595276],[6.619557,49.595249],[6.619268,49.595111],[6.620621,49.594048],[6.620782,49.593985],[6.621014,49.59392],[6.621214,49.593896],[6.621536,49.593819],[6.622017,49.594034],[6.622492,49.594407],[6.62275,49.594083],[6.622692,49.593996],[6.6225,49.593546],[6.6225,49.593492],[6.62345,49.59251],[6.62355,49.592407],[6.624528,49.592263],[6.624983,49.59189],[6.625927,49.591455],[6.626538,49.591635],[6.627418,49.592166],[6.627441,49.592541],[6.62751,49.59255],[6.627453,49.592725],[6.627435,49.593047],[6.628416,49.593024],[6.628383,49.592922],[6.628439,49.592919],[6.630066,49.593661],[6.630939,49.593085],[6.630659,49.59251],[6.630943,49.592174],[6.631516,49.591762],[6.631497,49.591368],[6.631158,49.590981],[6.629891,49.590171],[6.629797,49.589686],[6.630297,49.58932],[6.630857,49.589137],[6.631604,49.589019],[6.631968,49.58904],[6.632925,49.589656],[6.633828,49.589893],[6.634169,49.590159],[6.634162,49.590409],[6.63431,49.590682],[6.634356,49.590547],[6.634491,49.590145],[6.634533,49.590096],[6.634554,49.590021],[6.634486,49.589875],[6.634619,49.589816],[6.634637,49.589808],[6.634732,49.589766],[6.634938,49.589933],[6.634991,49.589901],[6.635393,49.589658],[6.637556,49.588322],[6.638127,49.587969],[6.63997,49.587279],[6.64007,49.587242],[6.640055,49.58722],[6.63996,49.58707],[6.639832,49.58687],[6.639475,49.586584],[6.639542,49.586503],[6.63967,49.58645],[6.639814,49.586368],[6.640175,49.586211],[6.640419,49.586145],[6.64047,49.58615],[6.640552,49.586041],[6.640705,49.585839],[6.640714,49.585827],[6.640869,49.58569],[6.640864,49.585626],[6.640859,49.585556],[6.640928,49.585381],[6.640977,49.585377],[6.641158,49.585363],[6.641677,49.585323],[6.641964,49.585206],[6.641991,49.585195],[6.64271,49.584923],[6.642831,49.584789],[6.643021,49.584692],[6.643039,49.584687],[6.643263,49.584626],[6.643738,49.584498],[6.643776,49.584571],[6.643843,49.5847],[6.644304,49.584812],[6.644669,49.58459],[6.644849,49.584583],[6.645102,49.58457],[6.645424,49.584322],[6.64583,49.583937],[6.645992,49.584072],[6.646018,49.584093],[6.646387,49.584242],[6.646529,49.584322],[6.646551,49.584576],[6.646561,49.584695],[6.64657,49.584789],[6.647073,49.584872],[6.648081,49.584576],[6.648113,49.584554],[6.648924,49.584016],[6.648825,49.583605],[6.648722,49.583183],[6.648666,49.582882],[6.648755,49.582864],[6.649605,49.582697],[6.650412,49.582538],[6.650458,49.582529],[6.650065,49.581725],[6.649781,49.581012],[6.649458,49.580256],[6.649505,49.579506],[6.649206,49.578617],[6.648901,49.57776],[6.649205,49.576317],[6.649428,49.575485],[6.649514,49.574572],[6.649603,49.573903],[6.649693,49.573298],[6.650196,49.573283],[6.650214,49.572427],[6.650099,49.571518],[6.650261,49.570479],[6.65124,49.568806],[6.651985,49.567515],[6.652289,49.566737],[6.652417,49.566636],[6.652715,49.566404],[6.653112,49.566085],[6.653654,49.564975],[6.653649,49.564001],[6.653382,49.562907],[6.653295,49.562553],[6.652953,49.561009],[6.652439,49.560754],[6.650686,49.560651],[6.649442,49.560241],[6.647971,49.559561],[6.647439,49.559316],[6.647414,49.558763],[6.647514,49.558428],[6.647688,49.558118],[6.647761,49.557987],[6.647782,49.557949],[6.647801,49.557915],[6.647822,49.557877],[6.647842,49.557841],[6.647865,49.557801],[6.647863,49.55778],[6.647859,49.557712],[6.647851,49.557586],[6.647849,49.557543],[6.64784,49.557398],[6.647832,49.557281],[6.647841,49.55727],[6.647869,49.557236],[6.647898,49.557201],[6.647933,49.557158],[6.647979,49.557102],[6.648028,49.557042],[6.648125,49.556923],[6.648178,49.556859],[6.64823,49.556794],[6.648283,49.55673],[6.648383,49.556608],[6.647971,49.556584],[6.647147,49.556551],[6.647032,49.556546],[6.645871,49.556492],[6.64518,49.556903],[6.644213,49.557465],[6.642656,49.558381],[6.641183,49.559214],[6.640309,49.560062],[6.639075,49.561257],[6.640594,49.562139],[6.641509,49.562668],[6.640482,49.563197],[6.638617,49.564166],[6.636661,49.565183],[6.6355,49.565785],[6.635127,49.565901],[6.633828,49.566307],[6.63227,49.56692],[6.630961,49.567561],[6.628616,49.568926],[6.631523,49.569372],[6.632235,49.569296],[6.633831,49.56964],[6.634859,49.570166],[6.63473,49.571247],[6.634776,49.571319],[6.634816,49.571381],[6.63514,49.571881],[6.636051,49.572995],[6.636058,49.573371],[6.634048,49.574163],[6.633982,49.574468],[6.633904,49.574831],[6.633185,49.575946],[6.632518,49.575944],[6.631621,49.576945],[6.631575,49.576996],[6.631231,49.577381],[6.63014,49.577263],[6.629855,49.578118],[6.629891,49.57821],[6.630046,49.578595],[6.6294,49.579702],[6.629035,49.580762],[6.628591,49.581698],[6.62858,49.581721],[6.628593,49.581746],[6.628665,49.581884],[6.62895,49.581953],[6.629177,49.58194],[6.630072,49.582001],[6.631095,49.581828],[6.630864,49.582332],[6.630376,49.583478],[6.63035,49.583535],[6.63002,49.583484],[6.62942,49.58339],[6.629387,49.583422],[6.629215,49.583591],[6.629149,49.583718],[6.628462,49.583809],[6.628249,49.583862],[6.627831,49.583963],[6.627436,49.58401],[6.627113,49.584005],[6.626943,49.584027],[6.626383,49.584259],[6.625995,49.584522],[6.625605,49.584822],[6.625343,49.58508],[6.625128,49.585359],[6.624965,49.585771],[6.624872,49.585896],[6.624588,49.586124],[6.624432,49.586332],[6.624299,49.586708],[6.624141,49.586969],[6.623845,49.587198],[6.623342,49.587497],[6.623231,49.587522],[6.622902,49.587475],[6.622502,49.587612],[6.622355,49.587629],[6.622234,49.587642],[6.622255,49.587693],[6.622369,49.587983],[6.622414,49.588084],[6.622449,49.588288],[6.622424,49.588392],[6.622252,49.588747],[6.622172,49.589049],[6.622038,49.589353],[6.622097,49.589621],[6.621012,49.590054],[6.620223,49.590133],[6.619413,49.590182],[6.618763,49.59018],[6.618117,49.590152],[6.617278,49.590141],[6.616924,49.590145],[6.615734,49.590043],[6.615629,49.589871],[6.614913,49.589765],[6.613956,49.589633],[6.61316,49.589483],[6.61262,49.589402],[6.612598,49.589375],[6.612182,49.588887],[6.610806,49.588786],[6.609992,49.58867],[6.609278,49.588537],[6.608803,49.588485],[6.608254,49.588668],[6.608157,49.588714],[6.607491,49.589195],[6.607424,49.589171],[6.607236,49.589227],[6.60711,49.589233],[6.606543,49.589397],[6.606158,49.58945],[6.605653,49.589547],[6.605536,49.589564],[6.605503,49.589563],[6.605313,49.589538],[6.605024,49.589463],[6.604821,49.589468],[6.604572,49.58951],[6.604414,49.589561],[6.604237,49.589659],[6.603868,49.589774],[6.603693,49.589874],[6.603818,49.590188],[6.603187,49.590267],[6.603069,49.590256],[6.60271,49.590432],[6.602677,49.590448],[6.602315,49.590704],[6.602182,49.590833],[6.60216,49.590877],[6.602128,49.59098],[6.601698,49.591136],[6.601481,49.591153],[6.601459,49.591155],[6.601092,49.591109],[6.600701,49.591021],[6.600537,49.590966],[6.600291,49.590883],[6.599992,49.590794],[6.599622,49.590736],[6.599409,49.590675],[6.598799,49.590626],[6.598464,49.59063],[6.598151,49.590637],[6.597873,49.590691],[6.597646,49.590746],[6.597587,49.590779],[6.597441,49.59086],[6.597157,49.591045],[6.597027,49.59122],[6.596975,49.591216],[6.596729,49.591232],[6.596517,49.591362],[6.596137,49.591517],[6.595841,49.591746],[6.595763,49.591806],[6.595655,49.591873],[6.595521,49.591957],[6.595453,49.59201],[6.595401,49.59205],[6.595122,49.592216],[6.594977,49.592302],[6.594852,49.592349],[6.594658,49.592422],[6.594493,49.592546],[6.594517,49.592576],[6.594307,49.592632],[6.59402,49.592766],[6.593785,49.592876],[6.593332,49.59293],[6.59302,49.592967],[6.59268,49.592937],[6.592473,49.592918],[6.592403,49.592982],[6.592262,49.593014],[6.592055,49.59311],[6.591852,49.593171],[6.59166,49.593169],[6.5914,49.593234],[6.591235,49.593275],[6.590859,49.593498],[6.590706,49.593654],[6.590622,49.593901],[6.590586,49.594008],[6.590364,49.59416],[6.590393,49.594221],[6.590315,49.594243],[6.589612,49.594445],[6.588858,49.594662],[6.588792,49.594681],[6.589659,49.595229],[6.589683,49.595283],[6.589978,49.595927],[6.5899,49.596726],[6.589811,49.59754],[6.58968,49.598289],[6.588956,49.599251],[6.588651,49.599439],[6.588616,49.599461],[6.588424,49.59958],[6.588225,49.599704],[6.588029,49.599945],[6.58753,49.600562],[6.587325,49.600669],[6.587191,49.600739],[6.586605,49.601046],[6.586161,49.601279],[6.586099,49.601309],[6.586041,49.601338],[6.585686,49.601466],[6.585429,49.601559],[6.585412,49.601584],[6.584901,49.602319],[6.584791,49.602478],[6.584749,49.602539],[6.584715,49.602627],[6.584591,49.602951],[6.584493,49.603205],[6.584326,49.603345],[6.583942,49.603667],[6.583864,49.603701]]]},"$schema":null,"$context":null},{"type":"Feature","properties":{"gml_id":"gemeinde_rlp.49","gid":49,"datum":"16.07.26","region":"Rheinland-Pfalz","gmdesch":337049,"gemeinde":"Klingenm\u00fcnster","vgnr":33702,"vbgmde":"Bad Bergzabern","vgname":"Bad Bergzabern (33702)","kreissch":337,"ldkreis":"S\u00fcdliche Weinstra\u00dfe","amtsgrcht":"Landau \/ Bad Bergzabern","finanzamt":"Landau","kanr":6900,"katamt":"Rheinpfalz","katurl":"https:\/\/vermka-rheinpfalz.rlp.de","guta":760,"gutaurl":"https:\/\/gutachterausschuesse.rlp.de\/service\/gutachterausschuesse-fuer-grundstueckswerte\/","ags":733702049,"gemtyp":"Gemeinde","kreistyp":"Landkreis"},"bbox":[7.958219,49.131768,8.039944,49.158872],"geometry":{"type":"Polygon","coordinates":[[[8.014669,49.153929],[8.014697,49.153948],[8.015593,49.153425],[8.016365,49.152972],[8.016745,49.152741],[8.017675,49.152162],[8.017868,49.152041],[8.017875,49.152037],[8.017995,49.151953],[8.018064,49.151888],[8.018157,49.151871],[8.018622,49.151786],[8.018717,49.151769],[8.018849,49.151701],[8.019073,49.151468],[8.019157,49.151175],[8.019158,49.151172],[8.020012,49.150979],[8.020019,49.150977],[8.020252,49.150924],[8.020446,49.15088],[8.020614,49.150842],[8.020831,49.150793],[8.020837,49.150792],[8.020918,49.150771],[8.020994,49.15075],[8.02109,49.150724],[8.02124,49.150684],[8.021361,49.150651],[8.021588,49.15059],[8.021717,49.150555],[8.021825,49.150526],[8.02191,49.150504],[8.022021,49.150474],[8.022141,49.150441],[8.022276,49.150405],[8.022423,49.150366],[8.022569,49.150341],[8.02282,49.1503],[8.023163,49.150243],[8.023243,49.150229],[8.024287,49.150204],[8.024288,49.150259],[8.02433,49.150255],[8.02499,49.15022],[8.025052,49.150217],[8.025168,49.150211],[8.025276,49.150205],[8.025433,49.150197],[8.025554,49.150191],[8.025639,49.150186],[8.025746,49.15018],[8.025856,49.150174],[8.025964,49.150167],[8.026081,49.150161],[8.026295,49.150148],[8.026492,49.150137],[8.026591,49.150131],[8.026684,49.150126],[8.026701,49.150125],[8.026839,49.150117],[8.026999,49.150108],[8.027119,49.150101],[8.027231,49.150095],[8.02734,49.150088],[8.027401,49.150085],[8.02742,49.150078],[8.027529,49.150069],[8.027706,49.150054],[8.027737,49.150051],[8.027802,49.150045],[8.027818,49.150044],[8.027892,49.150038],[8.028001,49.150028],[8.028107,49.150019],[8.028196,49.150012],[8.028291,49.150004],[8.028369,49.149997],[8.028458,49.149989],[8.028565,49.14998],[8.028669,49.149971],[8.028773,49.149963],[8.028868,49.149954],[8.028945,49.149948],[8.029029,49.149941],[8.029096,49.149935],[8.029157,49.14993],[8.0292,49.149926],[8.029316,49.149914],[8.029433,49.149903],[8.029521,49.149895],[8.0296,49.149887],[8.02971,49.149876],[8.02982,49.149866],[8.029878,49.149861],[8.029936,49.149856],[8.03006,49.149842],[8.03,49.149804],[8.029952,49.14932],[8.029911,49.14891],[8.029895,49.148834],[8.029867,49.148704],[8.029839,49.14857],[8.029916,49.148609],[8.030102,49.148594],[8.030313,49.148576],[8.030103,49.148001],[8.030547,49.147899],[8.03075,49.147852],[8.03087,49.1477],[8.030965,49.147579],[8.030989,49.147547],[8.03102,49.147576],[8.031143,49.14757],[8.032576,49.147496],[8.032643,49.147458],[8.032673,49.147364],[8.032694,49.1473],[8.032717,49.14723],[8.032762,49.147092],[8.032803,49.146916],[8.03281,49.146886],[8.033018,49.146861],[8.032911,49.146789],[8.032956,49.146649],[8.032989,49.146549],[8.033013,49.146473],[8.03304,49.146388],[8.033074,49.146309],[8.033137,49.146163],[8.033157,49.146116],[8.033194,49.14603],[8.033222,49.145998],[8.03324,49.145967],[8.03331,49.145891],[8.033397,49.145798],[8.033488,49.145698],[8.033545,49.145637],[8.033564,49.145615],[8.033636,49.145522],[8.033708,49.145431],[8.033782,49.145337],[8.033877,49.145218],[8.033889,49.145185],[8.03392,49.1451],[8.033949,49.145021],[8.034009,49.144857],[8.034039,49.144774],[8.034061,49.144714],[8.034067,49.144695],[8.034126,49.144525],[8.034172,49.144389],[8.034238,49.144361],[8.035748,49.144554],[8.035792,49.144596],[8.035802,49.144561],[8.035825,49.144477],[8.035848,49.144395],[8.035917,49.143],[8.035865,49.142971],[8.035913,49.142964],[8.036042,49.142958],[8.036061,49.142912],[8.036114,49.141837],[8.036239,49.141793],[8.036408,49.14179],[8.036959,49.14178],[8.037001,49.140933],[8.037005,49.140885],[8.037012,49.140806],[8.037014,49.140787],[8.037038,49.140291],[8.037017,49.140256],[8.036975,49.140184],[8.036967,49.140169],[8.036948,49.140146],[8.036901,49.140087],[8.036919,49.139963],[8.037089,49.139975],[8.037373,49.140008],[8.037421,49.140021],[8.037554,49.140057],[8.037613,49.14008],[8.037615,49.140036],[8.038691,49.139667],[8.039944,49.139251],[8.039911,49.139212],[8.03988,49.139182],[8.039773,49.139079],[8.039665,49.138977],[8.039508,49.138827],[8.039386,49.138711],[8.039044,49.138386],[8.038967,49.138312],[8.038783,49.138136],[8.038687,49.138078],[8.03852,49.137975],[8.038231,49.137797],[8.038099,49.137716],[8.037728,49.137489],[8.037404,49.137291],[8.038493,49.136394],[8.038228,49.136239],[8.038167,49.136216],[8.037967,49.13614],[8.03777,49.136064],[8.037696,49.136036],[8.03762,49.136007],[8.037528,49.135972],[8.037504,49.135962],[8.037343,49.1359],[8.037269,49.135871],[8.037038,49.135781],[8.036841,49.135705],[8.03665,49.135631],[8.036462,49.135559],[8.036293,49.135493],[8.036263,49.135482],[8.036034,49.135416],[8.035933,49.135386],[8.035481,49.135256],[8.035379,49.135226],[8.035257,49.135191],[8.03514,49.135157],[8.035042,49.135129],[8.034931,49.135097],[8.034871,49.135079],[8.034768,49.13505],[8.034646,49.135014],[8.034396,49.134948],[8.034044,49.13483],[8.033731,49.134741],[8.033741,49.134706],[8.033691,49.133867],[8.033683,49.133741],[8.033675,49.133633],[8.033643,49.13358],[8.033603,49.133582],[8.033534,49.133586],[8.033064,49.133611],[8.03259,49.133638],[8.031672,49.133711],[8.031536,49.133722],[8.031331,49.13374],[8.029757,49.133886],[8.028274,49.134057],[8.02822,49.13406],[8.028005,49.134071],[8.027579,49.134094],[8.027346,49.134106],[8.027091,49.13412],[8.026801,49.134135],[8.026609,49.134134],[8.026262,49.134132],[8.026197,49.134132],[8.025882,49.13413],[8.025206,49.134127],[8.024907,49.134125],[8.024702,49.134124],[8.024472,49.134123],[8.024145,49.134121],[8.023561,49.134119],[8.023379,49.134118],[8.022704,49.134115],[8.022692,49.134113],[8.02238,49.13407],[8.022307,49.13406],[8.02218,49.134042],[8.021809,49.133991],[8.021338,49.13395],[8.021251,49.133943],[8.021,49.133921],[8.020697,49.133894],[8.020465,49.133874],[8.020166,49.133848],[8.019901,49.133825],[8.019546,49.133794],[8.019406,49.133782],[8.019201,49.133764],[8.019046,49.133751],[8.018845,49.133733],[8.018775,49.133727],[8.018722,49.133723],[8.018546,49.133707],[8.017796,49.133642],[8.017789,49.133688],[8.017761,49.133686],[8.017621,49.133679],[8.017334,49.133665],[8.017041,49.13365],[8.016669,49.133632],[8.016662,49.133632],[8.016422,49.133624],[8.016131,49.133615],[8.015798,49.133605],[8.015431,49.133594],[8.015233,49.133588],[8.014993,49.13358],[8.014912,49.133578],[8.014695,49.133571],[8.014209,49.133556],[8.014097,49.133553],[8.013937,49.133548],[8.013831,49.133544],[8.013767,49.133544],[8.013653,49.133543],[8.013444,49.133541],[8.013335,49.133548],[8.013213,49.133552],[8.013079,49.133544],[8.013055,49.133542],[8.012964,49.133537],[8.012767,49.133526],[8.012519,49.13351],[8.012122,49.133486],[8.011628,49.133412],[8.011485,49.13339],[8.011284,49.13336],[8.011045,49.133361],[8.010175,49.13355],[8.010084,49.13359],[8.009975,49.133658],[8.00974,49.13377],[8.009516,49.133832],[8.009288,49.133871],[8.008935,49.133905],[8.008843,49.133921],[8.008462,49.133885],[8.007812,49.133918],[8.007574,49.133882],[8.007566,49.133931],[8.007511,49.134026],[8.00751,49.134096],[8.007728,49.134455],[8.007656,49.134454],[8.007554,49.134453],[8.00753,49.134416],[8.006491,49.134503],[8.006475,49.134491],[8.006544,49.134594],[8.006705,49.134861],[8.00694,49.135438],[8.006835,49.135462],[8.006321,49.13558],[8.006027,49.135653],[8.005878,49.13569],[8.005572,49.135752],[8.005473,49.135795],[8.005327,49.135739],[8.005115,49.135656],[8.005085,49.135645],[8.004855,49.135511],[8.004763,49.135442],[8.004686,49.135384],[8.004588,49.135311],[8.004424,49.135188],[8.0044,49.13517],[8.004336,49.135122],[8.004287,49.135085],[8.004213,49.13503],[8.004193,49.135015],[8.004182,49.135007],[8.004177,49.135003],[8.004094,49.134938],[8.004054,49.134907],[8.004019,49.13488],[8.003988,49.134856],[8.003923,49.134805],[8.003782,49.134696],[8.003776,49.134691],[8.003762,49.13468],[8.003683,49.134619],[8.003668,49.134607],[8.003589,49.134545],[8.003564,49.134526],[8.003467,49.134469],[8.003313,49.13438],[8.003213,49.134322],[8.003171,49.134297],[8.003125,49.134274],[8.003054,49.13424],[8.002848,49.134138],[8.002643,49.134037],[8.002098,49.133768],[8.002015,49.133743],[8.000943,49.133408],[8.000884,49.13339],[8.000594,49.133315],[8.000107,49.133196],[8.000088,49.133191],[7.999832,49.133129],[7.999745,49.133093],[7.999587,49.133029],[7.999417,49.132876],[7.999315,49.132808],[7.999205,49.132735],[7.999104,49.132668],[7.998901,49.132533],[7.998143,49.132306],[7.998027,49.132271],[7.9979,49.132233],[7.997553,49.13213],[7.99723,49.132034],[7.996981,49.13196],[7.996941,49.131948],[7.996848,49.131936],[7.996717,49.131918],[7.9966,49.131903],[7.995591,49.131768],[7.994654,49.131825],[7.993722,49.132141],[7.993207,49.132264],[7.992638,49.132404],[7.991122,49.13302],[7.989305,49.133597],[7.987543,49.13362],[7.985686,49.133428],[7.983547,49.133101],[7.982481,49.132884],[7.982174,49.132822],[7.980426,49.132457],[7.979449,49.132358],[7.977854,49.132211],[7.976779,49.131877],[7.976508,49.131856],[7.976317,49.131842],[7.975814,49.131802],[7.974741,49.13182],[7.973772,49.131997],[7.973251,49.132278],[7.973069,49.132379],[7.972818,49.13235],[7.972248,49.132287],[7.971993,49.132335],[7.971951,49.132343],[7.971773,49.132377],[7.971626,49.132405],[7.971429,49.132444],[7.971343,49.132461],[7.971213,49.132486],[7.969873,49.132633],[7.969034,49.132657],[7.967953,49.132882],[7.966839,49.13309],[7.965852,49.133215],[7.965054,49.133519],[7.964543,49.133632],[7.96442,49.133657],[7.96432,49.133685],[7.964248,49.133708],[7.964011,49.133771],[7.963145,49.134051],[7.962677,49.134109],[7.962176,49.134153],[7.960974,49.13405],[7.960372,49.134017],[7.959605,49.133986],[7.959004,49.133994],[7.958552,49.134003],[7.958342,49.134009],[7.958219,49.134021],[7.958705,49.134587],[7.959087,49.135025],[7.959573,49.135508],[7.960001,49.135674],[7.960613,49.13587],[7.960364,49.136274],[7.960171,49.136639],[7.959963,49.137247],[7.959938,49.137608],[7.959927,49.137769],[7.959899,49.138181],[7.95979,49.139105],[7.961779,49.13936],[7.961971,49.139385],[7.962199,49.139415],[7.962412,49.139443],[7.962638,49.139473],[7.962863,49.139502],[7.963181,49.139544],[7.963273,49.139556],[7.963601,49.139618],[7.96376,49.139653],[7.964078,49.139722],[7.964181,49.139741],[7.964408,49.139782],[7.964794,49.139852],[7.965096,49.139907],[7.965187,49.139924],[7.965502,49.13998],[7.965737,49.140021],[7.965966,49.140435],[7.966101,49.140686],[7.966131,49.140741],[7.966164,49.140801],[7.96619,49.140848],[7.966218,49.140899],[7.966267,49.14099],[7.966295,49.141041],[7.966325,49.141096],[7.966351,49.141143],[7.966354,49.141149],[7.96637,49.141177],[7.966426,49.1412],[7.966616,49.141279],[7.966794,49.141353],[7.967006,49.141441],[7.967066,49.141465],[7.967833,49.142064],[7.968106,49.142272],[7.968306,49.142413],[7.968527,49.142565],[7.968727,49.142702],[7.969208,49.142901],[7.969571,49.14305],[7.969748,49.143123],[7.969923,49.143196],[7.970038,49.143291],[7.970147,49.143383],[7.970362,49.143562],[7.970431,49.14362],[7.970541,49.143774],[7.970704,49.144001],[7.970761,49.144081],[7.971851,49.145056],[7.972475,49.145544],[7.972949,49.14579],[7.973142,49.145936],[7.973254,49.146021],[7.973269,49.146025],[7.973448,49.146069],[7.973694,49.146083],[7.973833,49.14609],[7.974009,49.146078],[7.974284,49.146021],[7.974327,49.146041],[7.974637,49.14619],[7.974658,49.1462],[7.974681,49.146195],[7.97471,49.146207],[7.974778,49.146193],[7.97481,49.146188],[7.974941,49.14618],[7.975292,49.14617],[7.975335,49.146168],[7.975368,49.146168],[7.975406,49.14617],[7.975442,49.146177],[7.975481,49.146185],[7.975534,49.146203],[7.975569,49.14622],[7.975587,49.14623],[7.975647,49.146272],[7.975674,49.146288],[7.975715,49.146306],[7.975742,49.146316],[7.975776,49.146325],[7.975812,49.146331],[7.975891,49.146338],[7.975917,49.146338],[7.975944,49.146339],[7.975971,49.146341],[7.975997,49.146343],[7.976023,49.146346],[7.976049,49.14635],[7.976075,49.146354],[7.976101,49.146359],[7.976142,49.146363],[7.976368,49.146366],[7.976519,49.146356],[7.97667,49.146346],[7.976804,49.14634],[7.976937,49.146374],[7.977079,49.146381],[7.977159,49.146365],[7.977332,49.146363],[7.977694,49.146383],[7.977855,49.146388],[7.978016,49.146388],[7.978177,49.146379],[7.978296,49.146367],[7.978336,49.146359],[7.978386,49.146345],[7.978483,49.146308],[7.978577,49.146241],[7.978763,49.146085],[7.979139,49.145786],[7.97935,49.145623],[7.979467,49.145515],[7.979526,49.145456],[7.97954,49.145433],[7.979554,49.145409],[7.979566,49.145386],[7.979577,49.145362],[7.979588,49.145339],[7.979597,49.145315],[7.979605,49.14529],[7.979612,49.145266],[7.979619,49.145242],[7.979624,49.145217],[7.979628,49.145193],[7.979631,49.145168],[7.979633,49.145143],[7.979634,49.145118],[7.979634,49.145094],[7.979633,49.145069],[7.979634,49.145018],[7.979649,49.144926],[7.979664,49.144886],[7.979713,49.144815],[7.979786,49.144747],[7.979865,49.144694],[7.979985,49.14459],[7.980073,49.144525],[7.980176,49.144475],[7.980302,49.144435],[7.980474,49.144386],[7.980592,49.144345],[7.980652,49.144322],[7.980702,49.144291],[7.980763,49.144246],[7.980797,49.14426],[7.980838,49.144236],[7.980964,49.144162],[7.981248,49.144025],[7.981295,49.144019],[7.981309,49.143995],[7.9814,49.144017],[7.981472,49.14394],[7.981553,49.143862],[7.981626,49.143791],[7.981724,49.143719],[7.981925,49.143605],[7.982017,49.143572],[7.982017,49.143561],[7.98203,49.143566],[7.982048,49.143585],[7.982067,49.143615],[7.982088,49.143648],[7.982107,49.143709],[7.98211,49.143744],[7.982137,49.143774],[7.982209,49.143871],[7.982318,49.144016],[7.982397,49.144137],[7.982458,49.144213],[7.982506,49.144258],[7.982534,49.144283],[7.982563,49.144303],[7.982635,49.144353],[7.982679,49.144443],[7.982782,49.14457],[7.982842,49.144619],[7.982951,49.144704],[7.983016,49.144775],[7.983095,49.14487],[7.983108,49.144887],[7.983245,49.144968],[7.983448,49.145105],[7.98355,49.145215],[7.983673,49.14533],[7.983754,49.14539],[7.983886,49.145463],[7.983933,49.145502],[7.983998,49.145535],[7.984076,49.14558],[7.984149,49.145645],[7.98418,49.145684],[7.984221,49.145732],[7.984264,49.145754],[7.984276,49.145778],[7.984343,49.145897],[7.984319,49.145957],[7.984305,49.146026],[7.984362,49.14608],[7.984375,49.146095],[7.984422,49.146144],[7.984463,49.146214],[7.984476,49.146282],[7.984486,49.146317],[7.984485,49.14635],[7.984522,49.146454],[7.984557,49.14652],[7.984576,49.146551],[7.984589,49.146577],[7.984591,49.146601],[7.984605,49.146621],[7.98462,49.146666],[7.98462,49.146685],[7.984631,49.146702],[7.984661,49.14684],[7.984674,49.146863],[7.98468,49.146921],[7.984695,49.146942],[7.984694,49.14697],[7.984717,49.147007],[7.984732,49.147074],[7.98471,49.147105],[7.984677,49.147152],[7.984709,49.147204],[7.984726,49.147219],[7.9848,49.147395],[7.984803,49.147477],[7.984799,49.147609],[7.98477,49.147705],[7.984726,49.147796],[7.984668,49.147896],[7.984607,49.147958],[7.98443,49.148099],[7.984131,49.148324],[7.983945,49.148443],[7.983675,49.148597],[7.983486,49.148707],[7.983262,49.149024],[7.982942,49.149496],[7.982719,49.149814],[7.982571,49.14996],[7.982322,49.150575],[7.981945,49.151174],[7.982034,49.151764],[7.981607,49.152404],[7.981595,49.152421],[7.981594,49.152444],[7.981574,49.152778],[7.981719,49.153303],[7.981745,49.1534],[7.981779,49.15352],[7.981798,49.153576],[7.981829,49.153848],[7.98206,49.154478],[7.982259,49.154869],[7.982287,49.154917],[7.982306,49.154949],[7.982593,49.155428],[7.982816,49.15557],[7.983079,49.155733],[7.983397,49.155909],[7.983701,49.156074],[7.983846,49.156065],[7.984482,49.156027],[7.985024,49.156143],[7.985139,49.156162],[7.985292,49.156187],[7.985453,49.156213],[7.985846,49.156276],[7.986006,49.156291],[7.986158,49.156297],[7.98638,49.156307],[7.986572,49.156316],[7.986964,49.156333],[7.987206,49.156344],[7.987328,49.156329],[7.98746,49.156312],[7.987623,49.156292],[7.987795,49.15627],[7.987932,49.156253],[7.988265,49.156211],[7.988311,49.156205],[7.988522,49.156162],[7.988624,49.156141],[7.988715,49.156122],[7.989265,49.156008],[7.989417,49.155976],[7.98976,49.156029],[7.99069,49.156174],[7.991103,49.156238],[7.991116,49.156244],[7.991208,49.156283],[7.991265,49.156307],[7.991367,49.15635],[7.991447,49.156383],[7.991522,49.156416],[7.991592,49.156446],[7.991775,49.156526],[7.99193,49.156593],[7.992081,49.156658],[7.992269,49.156741],[7.992387,49.156794],[7.992435,49.156815],[7.992593,49.156884],[7.99276,49.156958],[7.992872,49.157007],[7.992969,49.157049],[7.993052,49.157086],[7.993066,49.157092],[7.993128,49.157119],[7.993169,49.157132],[7.993285,49.15717],[7.9934,49.157207],[7.993818,49.157334],[7.994017,49.157394],[7.99422,49.157456],[7.994445,49.157524],[7.994489,49.157536],[7.994499,49.157539],[7.994793,49.157618],[7.995077,49.157695],[7.99527,49.157747],[7.995294,49.157753],[7.995465,49.157784],[7.995659,49.157819],[7.995806,49.157846],[7.995857,49.157855],[7.995988,49.157879],[7.996075,49.157895],[7.996131,49.157905],[7.996266,49.157929],[7.996476,49.157967],[7.996683,49.158004],[7.997045,49.158078],[7.99734,49.158142],[7.997473,49.15817],[7.997678,49.158215],[7.997999,49.158286],[7.998222,49.158322],[7.998314,49.15833],[7.998396,49.158336],[7.998474,49.158343],[7.998596,49.158353],[7.998654,49.158366],[7.998932,49.158431],[7.999225,49.1585],[7.999535,49.158572],[7.999596,49.158586],[7.999788,49.158607],[7.999927,49.158623],[8.000397,49.158675],[8.000655,49.158703],[8.000882,49.158701],[8.001182,49.158698],[8.001347,49.158658],[8.001645,49.158585],[8.001944,49.158513],[8.002058,49.158486],[8.002459,49.158255],[8.002688,49.158123],[8.00282,49.15782],[8.002875,49.157789],[8.00321,49.157598],[8.003301,49.157546],[8.003416,49.157355],[8.003429,49.157329],[8.00346,49.157218],[8.003498,49.157081],[8.003512,49.15703],[8.003529,49.156971],[8.003553,49.156884],[8.003567,49.156834],[8.003591,49.15679],[8.003602,49.15677],[8.00364,49.156724],[8.003692,49.15666],[8.003782,49.156547],[8.003849,49.156465],[8.003905,49.156433],[8.003964,49.156401],[8.004131,49.156308],[8.004192,49.156276],[8.004447,49.156092],[8.004655,49.155943],[8.004856,49.155808],[8.00508,49.155654],[8.005331,49.155492],[8.00574,49.155236],[8.005905,49.155138],[8.006235,49.154949],[8.00636,49.154876],[8.00658,49.154758],[8.007013,49.154393],[8.007037,49.154371],[8.007086,49.154353],[8.007474,49.154209],[8.007848,49.154097],[8.00807,49.154033],[8.008287,49.15397],[8.00844,49.153926],[8.008507,49.153888],[8.008649,49.154084],[8.009646,49.15545],[8.009673,49.155486],[8.010079,49.156022],[8.009564,49.156241],[8.009211,49.156368],[8.008869,49.156579],[8.008473,49.156871],[8.008373,49.156944],[8.008053,49.157284],[8.008045,49.157293],[8.007555,49.15753],[8.007531,49.157542],[8.007424,49.157585],[8.007182,49.157743],[8.007079,49.157868],[8.006888,49.158102],[8.006845,49.158154],[8.006806,49.158167],[8.006618,49.15823],[8.006209,49.158368],[8.005898,49.158472],[8.006443,49.158675],[8.006502,49.158697],[8.006692,49.158768],[8.006738,49.158785],[8.00675,49.158789],[8.006761,49.15877],[8.006777,49.158684],[8.006789,49.158688],[8.006848,49.158711],[8.007059,49.15879],[8.007067,49.158793],[8.007234,49.158872],[8.007283,49.158816],[8.007283,49.158789],[8.00758,49.158488],[8.00764,49.158442],[8.007752,49.158328],[8.007896,49.158181],[8.008001,49.158096],[8.00806,49.158047],[8.008243,49.157916],[8.008349,49.157851],[8.008509,49.157751],[8.008673,49.157657],[8.00871,49.157636],[8.008853,49.157553],[8.008994,49.157472],[8.009231,49.157367],[8.009728,49.157191],[8.009921,49.157135],[8.009986,49.157114],[8.010033,49.157107],[8.010717,49.157032],[8.010864,49.157052],[8.011238,49.157037],[8.011288,49.156962],[8.011311,49.156929],[8.011315,49.156923],[8.011326,49.156906],[8.01134,49.1568],[8.011383,49.156794],[8.01142,49.15679],[8.011459,49.156784],[8.011496,49.156775],[8.01153,49.156766],[8.011567,49.156754],[8.011581,49.156749],[8.011599,49.156741],[8.01163,49.156725],[8.01166,49.156708],[8.011689,49.156691],[8.011714,49.156672],[8.011727,49.156662],[8.011837,49.156523],[8.01199,49.156192],[8.012032,49.156106],[8.012044,49.156081],[8.012063,49.156042],[8.0123,49.155565],[8.012291,49.155517],[8.011986,49.155116],[8.011918,49.155026],[8.011355,49.154285],[8.011069,49.153909],[8.011191,49.153913],[8.011197,49.153914],[8.011953,49.153943],[8.012121,49.153949],[8.012429,49.153961],[8.012967,49.15402],[8.013125,49.154037],[8.013226,49.154037],[8.013312,49.154037],[8.013926,49.154038],[8.014174,49.154031],[8.014262,49.154013],[8.014298,49.154006],[8.014669,49.153929]]]},"$schema":null,"$context":null},{"type":"Feature","properties":{"gml_id":"gemeinde_rlp.50","gid":50,"datum":"16.07.26","region":"Rheinland-Pfalz","gmdesch":141115,"gemeinde":"Reitzenhain","vgnr":14109,"vbgmde":"Loreley","vgname":"Loreley (14109)","kreissch":141,"ldkreis":"Rhein-Lahn-Kreis","amtsgrcht":"Sankt Goar","finanzamt":"Koblenz","kanr":9100,"katamt":"Westerwald-Taunus","katurl":"https:\/\/vermka-westerwald-taunus.rlp.de","guta":800,"gutaurl":"https:\/\/gutachterausschuesse.rlp.de\/service\/gutachterausschuesse-fuer-grundstueckswerte\/","ags":714109115,"gemtyp":"Gemeinde","kreistyp":"Landkreis"},"bbox":[7.766104,50.142088,7.810873,50.173882],"geometry":{"type":"Polygon","coordinates":[[[7.775536,50.166023],[7.775462,50.166084],[7.775351,50.166176],[7.775316,50.166205],[7.77487,50.166575],[7.77481,50.166625],[7.774381,50.166981],[7.774186,50.166987],[7.77417,50.166997],[7.774143,50.167015],[7.774276,50.167047],[7.774478,50.167047],[7.774676,50.167159],[7.774841,50.167194],[7.774937,50.167232],[7.774974,50.16731],[7.775141,50.16733],[7.775389,50.167184],[7.775553,50.167108],[7.775626,50.166935],[7.775969,50.166997],[7.776041,50.167114],[7.776236,50.167128],[7.776349,50.167072],[7.776436,50.167075],[7.776686,50.167272],[7.777343,50.167478],[7.777377,50.167537],[7.777334,50.167629],[7.777538,50.167732],[7.77775,50.16796],[7.777943,50.168095],[7.777958,50.168204],[7.77813,50.168294],[7.778215,50.168428],[7.778333,50.168484],[7.778431,50.16863],[7.778519,50.168741],[7.778473,50.168813],[7.778559,50.168906],[7.77872,50.168971],[7.778853,50.169109],[7.778772,50.169186],[7.7788,50.16927],[7.779091,50.169411],[7.779354,50.169562],[7.77938,50.169822],[7.779264,50.169902],[7.779136,50.170142],[7.77927,50.170205],[7.77929,50.170226],[7.77937,50.170536],[7.779358,50.17067],[7.77944,50.170895],[7.779355,50.171061],[7.779362,50.171084],[7.779749,50.171384],[7.779892,50.171477],[7.780053,50.171561],[7.780456,50.171506],[7.781027,50.171613],[7.781222,50.171735],[7.781437,50.172005],[7.781377,50.172258],[7.781323,50.17239],[7.781317,50.17254],[7.781389,50.172649],[7.781422,50.172788],[7.781551,50.172973],[7.781583,50.173284],[7.781703,50.173432],[7.7817,50.173455],[7.781561,50.173565],[7.781537,50.173732],[7.781459,50.173882],[7.781489,50.173874],[7.781885,50.173763],[7.781911,50.173755],[7.781999,50.173731],[7.782134,50.173693],[7.782301,50.173646],[7.782362,50.173629],[7.782855,50.173491],[7.783016,50.173446],[7.783164,50.173405],[7.783529,50.173304],[7.78371,50.173253],[7.784652,50.172988],[7.78481,50.172943],[7.785672,50.1727],[7.786092,50.172582],[7.786891,50.172355],[7.787713,50.172044],[7.787922,50.171976],[7.788493,50.171826],[7.788682,50.171777],[7.788818,50.171741],[7.789406,50.171587],[7.789833,50.171475],[7.790142,50.171454],[7.790927,50.171403],[7.790992,50.171413],[7.791145,50.171438],[7.792321,50.171628],[7.793308,50.172151],[7.793324,50.172146],[7.793662,50.172023],[7.795403,50.171394],[7.795769,50.171261],[7.798058,50.170438],[7.798108,50.170303],[7.798175,50.170121],[7.798189,50.170083],[7.798541,50.169124],[7.798884,50.168178],[7.798936,50.168034],[7.798874,50.16658],[7.798871,50.166489],[7.798866,50.166391],[7.798865,50.166363],[7.798851,50.16613],[7.798849,50.16608],[7.798842,50.165964],[7.798835,50.165851],[7.798827,50.165734],[7.798818,50.165581],[7.79881,50.165467],[7.798801,50.165311],[7.798795,50.165218],[7.79879,50.165135],[7.798814,50.165019],[7.798835,50.164921],[7.798883,50.164749],[7.798942,50.164536],[7.799002,50.16432],[7.799045,50.164162],[7.799166,50.163725],[7.799179,50.163679],[7.799193,50.163627],[7.799208,50.163579],[7.799223,50.163512],[7.79916,50.163539],[7.798824,50.163491],[7.79725,50.163275],[7.797026,50.163245],[7.796609,50.163187],[7.796441,50.163164],[7.796203,50.163131],[7.795996,50.163063],[7.795247,50.162816],[7.795197,50.162799],[7.795144,50.162785],[7.795305,50.16258],[7.795505,50.162328],[7.7956,50.162207],[7.795693,50.162089],[7.795813,50.161937],[7.795935,50.161782],[7.795951,50.161762],[7.795612,50.161664],[7.795619,50.161655],[7.795654,50.161611],[7.795667,50.161594],[7.795718,50.161609],[7.795709,50.161592],[7.795691,50.161561],[7.796533,50.160459],[7.796674,50.160274],[7.797553,50.159632],[7.797831,50.159463],[7.797872,50.159438],[7.79784,50.159416],[7.797795,50.159394],[7.797881,50.15939],[7.797981,50.159329],[7.798088,50.159263],[7.798223,50.159181],[7.798306,50.15913],[7.798403,50.15907],[7.798528,50.158994],[7.798584,50.158959],[7.798658,50.158958],[7.798949,50.158786],[7.799077,50.15871],[7.799221,50.158624],[7.799346,50.158551],[7.79926,50.158554],[7.798719,50.158298],[7.798175,50.158042],[7.797505,50.157726],[7.797501,50.15768],[7.79831,50.1572],[7.79921,50.156665],[7.799286,50.156676],[7.799222,50.156565],[7.799137,50.156427],[7.799111,50.156384],[7.799167,50.156358],[7.799771,50.155827],[7.799943,50.155676],[7.800194,50.15541],[7.800289,50.155259],[7.800357,50.155127],[7.800423,50.154959],[7.800442,50.154869],[7.800461,50.154779],[7.800489,50.154651],[7.80044,50.154543],[7.800463,50.154509],[7.800505,50.154451],[7.800603,50.15431],[7.800627,50.154254],[7.800678,50.154137],[7.800714,50.154051],[7.800806,50.154018],[7.80073,50.154004],[7.800145,50.153333],[7.800169,50.153286],[7.800355,50.153229],[7.800584,50.15316],[7.800618,50.15315],[7.800641,50.153143],[7.800716,50.153145],[7.800959,50.15315],[7.801274,50.153155],[7.801329,50.153156],[7.801369,50.15312],[7.801301,50.153011],[7.801173,50.152807],[7.80111,50.152742],[7.801224,50.152685],[7.801416,50.152587],[7.801669,50.152459],[7.801821,50.15234],[7.801868,50.152303],[7.802044,50.152164],[7.802073,50.152142],[7.802136,50.152092],[7.802144,50.152077],[7.802324,50.151744],[7.802427,50.151637],[7.802604,50.151558],[7.802692,50.151493],[7.802728,50.151409],[7.802703,50.151324],[7.802286,50.15082],[7.802092,50.150659],[7.801831,50.150338],[7.801659,50.150212],[7.801784,50.150165],[7.801791,50.150162],[7.801857,50.150037],[7.801924,50.150024],[7.802121,50.149985],[7.802136,50.149982],[7.802176,50.149979],[7.802196,50.149973],[7.80246,50.149899],[7.802581,50.149904],[7.802641,50.14988],[7.802657,50.149873],[7.802762,50.14983],[7.803557,50.149508],[7.804717,50.148998],[7.804866,50.148932],[7.804936,50.148901],[7.805442,50.148679],[7.807506,50.147842],[7.808027,50.147622],[7.808073,50.147603],[7.808161,50.147566],[7.808645,50.147362],[7.8105,50.146591],[7.810873,50.146425],[7.810582,50.146194],[7.80969,50.145417],[7.807045,50.145467],[7.806256,50.145474],[7.806238,50.145475],[7.806133,50.145476],[7.806078,50.145476],[7.805944,50.145477],[7.803808,50.145189],[7.802757,50.145302],[7.802516,50.145338],[7.802034,50.145356],[7.801985,50.145357],[7.801732,50.145396],[7.801705,50.144923],[7.801562,50.144513],[7.801656,50.144248],[7.801458,50.143775],[7.80155,50.143453],[7.801432,50.143058],[7.801363,50.142902],[7.80127,50.142824],[7.800947,50.142981],[7.800922,50.142993],[7.800837,50.142927],[7.800538,50.143084],[7.800414,50.143135],[7.800281,50.143111],[7.800119,50.14315],[7.800099,50.143163],[7.799989,50.143235],[7.79988,50.143188],[7.79975,50.143188],[7.799501,50.143127],[7.799412,50.143137],[7.798991,50.142927],[7.798608,50.142853],[7.79851,50.142764],[7.798332,50.142726],[7.798028,50.142603],[7.797997,50.142531],[7.797875,50.142514],[7.797699,50.142542],[7.797473,50.142523],[7.797092,50.142545],[7.796549,50.142542],[7.796393,50.14244],[7.796401,50.142217],[7.796373,50.142218],[7.796359,50.142149],[7.796347,50.142088],[7.795664,50.142441],[7.795632,50.142458],[7.795612,50.142442],[7.795569,50.142459],[7.794999,50.142672],[7.794974,50.142681],[7.794893,50.142717],[7.794877,50.142724],[7.79407,50.143089],[7.793308,50.143452],[7.792938,50.143647],[7.79252,50.14386],[7.792095,50.144238],[7.791829,50.144486],[7.791689,50.144706],[7.791458,50.1449],[7.791147,50.145104],[7.790921,50.145228],[7.790305,50.145458],[7.789885,50.145671],[7.789682,50.145816],[7.788904,50.1463],[7.78842,50.146188],[7.788202,50.146138],[7.787885,50.14601],[7.787598,50.145929],[7.787239,50.145913],[7.786993,50.145872],[7.78661,50.145782],[7.785883,50.145809],[7.785326,50.145774],[7.784893,50.145895],[7.784638,50.14592],[7.784487,50.146023],[7.784371,50.146162],[7.784267,50.146136],[7.784078,50.146149],[7.783937,50.146112],[7.783803,50.14606],[7.783652,50.145975],[7.781987,50.146536],[7.781705,50.146606],[7.780865,50.146964],[7.78057,50.147027],[7.780393,50.147115],[7.779504,50.147399],[7.778859,50.147563],[7.778496,50.147675],[7.777982,50.147944],[7.777598,50.148145],[7.777463,50.14826],[7.777219,50.148374],[7.776999,50.148497],[7.776957,50.148521],[7.775819,50.148474],[7.77564,50.14837],[7.775507,50.1493],[7.775449,50.149477],[7.775142,50.149724],[7.775125,50.149774],[7.774966,50.150237],[7.774869,50.150345],[7.774725,50.150459],[7.774614,50.150544],[7.774456,50.150647],[7.774329,50.150782],[7.774236,50.150856],[7.774096,50.150926],[7.77402,50.150945],[7.773825,50.151019],[7.77368,50.151032],[7.773471,50.15102],[7.773411,50.151012],[7.77335,50.151004],[7.773244,50.151032],[7.773111,50.151159],[7.773008,50.151278],[7.773003,50.151457],[7.773021,50.151607],[7.773042,50.151943],[7.77305,50.152076],[7.772916,50.152114],[7.772855,50.152131],[7.772771,50.152143],[7.772382,50.152253],[7.771813,50.152335],[7.771576,50.152418],[7.771388,50.152532],[7.771232,50.152642],[7.771051,50.152745],[7.770974,50.152769],[7.770963,50.152816],[7.770826,50.152938],[7.770673,50.153007],[7.77042,50.153088],[7.770307,50.153092],[7.770215,50.153059],[7.770026,50.152916],[7.769904,50.152874],[7.769776,50.152846],[7.769632,50.152904],[7.769584,50.153053],[7.769602,50.153091],[7.769604,50.153133],[7.769571,50.153184],[7.769539,50.153215],[7.769445,50.153517],[7.769448,50.153601],[7.769513,50.153695],[7.769541,50.153804],[7.769486,50.153896],[7.769404,50.153911],[7.769265,50.153897],[7.769149,50.153912],[7.769106,50.153938],[7.768871,50.154083],[7.768893,50.154107],[7.76894,50.154143],[7.768986,50.154178],[7.769093,50.154259],[7.769296,50.154377],[7.769397,50.154498],[7.769561,50.154678],[7.769486,50.155011],[7.769473,50.155065],[7.769479,50.155295],[7.769912,50.155303],[7.770185,50.155344],[7.770396,50.155393],[7.770558,50.155458],[7.771095,50.15589],[7.771072,50.155943],[7.771028,50.155964],[7.770722,50.156114],[7.770349,50.156297],[7.769978,50.156478],[7.769604,50.156661],[7.769553,50.156686],[7.769057,50.156928],[7.768736,50.157086],[7.768644,50.15713],[7.767674,50.156523],[7.767568,50.156519],[7.766387,50.157091],[7.767554,50.157825],[7.766743,50.157894],[7.766602,50.157906],[7.766521,50.157919],[7.766104,50.157987],[7.766229,50.158013],[7.766531,50.158075],[7.766699,50.15812],[7.767332,50.158288],[7.767904,50.158592],[7.76857,50.159142],[7.768796,50.159251],[7.770544,50.160157],[7.770629,50.160198],[7.770682,50.160228],[7.771796,50.160867],[7.771911,50.160933],[7.772632,50.161346],[7.772738,50.1614],[7.772783,50.161421],[7.772859,50.161462],[7.773649,50.161862],[7.773772,50.161925],[7.774063,50.162073],[7.774346,50.162205],[7.774497,50.16233],[7.775389,50.163129],[7.775479,50.163281],[7.775513,50.163386],[7.775678,50.163897],[7.775664,50.164045],[7.775691,50.164531],[7.775871,50.164842],[7.776112,50.165026],[7.776445,50.165145],[7.776549,50.165182],[7.775603,50.165967],[7.775595,50.165974],[7.775564,50.165999],[7.775536,50.166023]]]},"$schema":null,"$context":null}]}